{"type":"FeatureCollection","features":[{"type":"Feature","properties":{"divipola_mpio":"18001","divipola_dpto":"18","municipio":"FLORENCIA","departamento":"CAQUETÁ","area_km2":2547.64},"geometry":{"type":"Polygon","coordinates":[[[-75.404,1.77],[-75.479,1.605],[-75.459,1.445],[-75.479,1.343],[-75.568,1.322],[-75.592,1.391],[-75.666,1.494],[-75.73,1.498],[-75.779,1.582],[-75.805,1.616],[-75.758,1.678],[-75.786,1.763],[-75.735,1.787],[-75.688,1.881],[-75.659,1.892],[-75.588,2.014],[-75.535,2.118],[-75.445,2.144],[-75.426,2.195],[-75.383,2.123],[-75.392,1.995],[-75.349,1.975],[-75.355,1.866],[-75.404,1.77]]]}},{"type":"Feature","properties":{"divipola_mpio":"18029","divipola_dpto":"18","municipio":"ALBANIA","departamento":"CAQUETÁ","area_km2":414.12},"geometry":{"type":"Polygon","coordinates":[[[-75.757,1.189],[-75.811,1.172],[-75.814,1.111],[-75.922,1.108],[-75.955,1.182],[-75.994,1.248],[-75.906,1.359],[-75.854,1.341],[-75.786,1.207],[-75.757,1.189]]]}},{"type":"Feature","properties":{"divipola_mpio":"18094","divipola_dpto":"18","municipio":"BELÉN DE LOS ANDAQUÍES","departamento":"CAQUETÁ","area_km2":1191.62},"geometry":{"type":"Polygon","coordinates":[[[-75.779,1.582],[-75.778,1.456],[-75.737,1.418],[-75.742,1.323],[-75.757,1.189],[-75.786,1.207],[-75.854,1.341],[-75.906,1.359],[-75.996,1.421],[-76.027,1.529],[-76.1,1.564],[-75.983,1.622],[-75.904,1.716],[-75.838,1.74],[-75.786,1.763],[-75.758,1.678],[-75.805,1.616],[-75.779,1.582]]]}},{"type":"Feature","properties":{"divipola_mpio":"18247","divipola_dpto":"18","municipio":"EL DONCELLO","departamento":"CAQUETÁ","area_km2":1106.08},"geometry":{"type":"Polygon","coordinates":[[[-75.349,2.324],[-75.287,2.271],[-75.257,2.138],[-75.298,2.055],[-75.315,1.802],[-75.261,1.794],[-75.178,1.71],[-75.054,1.732],[-75.022,1.647],[-74.933,1.504],[-74.929,1.425],[-74.965,1.444],[-75.038,1.482],[-75.075,1.545],[-75.331,1.659],[-75.361,1.748],[-75.31,1.915],[-75.386,2.315],[-75.349,2.324]]]}},{"type":"Feature","properties":{"divipola_mpio":"18256","divipola_dpto":"18","municipio":"EL PAUJÍL","departamento":"CAQUETÁ","area_km2":1234.73},"geometry":{"type":"Polygon","coordinates":[[[-74.965,1.444],[-75.057,1.388],[-75.081,1.274],[-75.118,1.341],[-75.213,1.344],[-75.262,1.424],[-75.328,1.483],[-75.369,1.566],[-75.339,1.662],[-75.404,1.77],[-75.355,1.866],[-75.349,1.975],[-75.392,1.995],[-75.383,2.123],[-75.426,2.195],[-75.395,2.302],[-75.386,2.315],[-75.31,1.915],[-75.361,1.748],[-75.331,1.659],[-75.075,1.545],[-75.038,1.482],[-74.965,1.444]]]}},{"type":"Feature","properties":{"divipola_mpio":"18410","divipola_dpto":"18","municipio":"LA MONTAÑITA","departamento":"CAQUETÁ","area_km2":1701.06},"geometry":{"type":"Polygon","coordinates":[[[-75.081,1.274],[-74.957,1.1],[-74.9,0.976],[-75.195,1.042],[-75.194,1.109],[-75.281,1.172],[-75.346,1.261],[-75.36,1.351],[-75.479,1.343],[-75.459,1.445],[-75.479,1.605],[-75.404,1.77],[-75.339,1.662],[-75.369,1.566],[-75.328,1.483],[-75.262,1.424],[-75.213,1.344],[-75.118,1.341],[-75.081,1.274]]]}},{"type":"Feature","properties":{"divipola_mpio":"18460","divipola_dpto":"18","municipio":"MILÁN","departamento":"CAQUETÁ","area_km2":1220.58},"geometry":{"type":"Polygon","coordinates":[[[-75.195,1.042],[-75.226,0.96],[-75.324,0.924],[-75.401,1.031],[-75.541,1.088],[-75.568,1.217],[-75.568,1.322],[-75.479,1.343],[-75.36,1.351],[-75.346,1.261],[-75.281,1.172],[-75.194,1.109],[-75.195,1.042]]]}},{"type":"Feature","properties":{"divipola_mpio":"18479","divipola_dpto":"18","municipio":"MORELIA","departamento":"CAQUETÁ","area_km2":462.48},"geometry":{"type":"Polygon","coordinates":[[[-75.568,1.322],[-75.568,1.217],[-75.648,1.235],[-75.668,1.295],[-75.742,1.323],[-75.737,1.418],[-75.778,1.456],[-75.779,1.582],[-75.73,1.498],[-75.666,1.494],[-75.592,1.391],[-75.568,1.322]]]}},{"type":"Feature","properties":{"divipola_mpio":"18610","divipola_dpto":"18","municipio":"SAN JOSÉ DEL FRAGUA","departamento":"CAQUETÁ","area_km2":1304.77},"geometry":{"type":"Polygon","coordinates":[[[-76.1,1.564],[-76.027,1.529],[-75.996,1.421],[-75.906,1.359],[-75.994,1.248],[-75.955,1.182],[-76.098,1.149],[-76.133,1.101],[-76.281,1.137],[-76.303,1.237],[-76.204,1.353],[-76.184,1.488],[-76.15,1.536],[-76.169,1.589],[-76.1,1.564]]]}},{"type":"Feature","properties":{"divipola_mpio":"18860","divipola_dpto":"18","municipio":"VALPARAÍSO","departamento":"CAQUETÁ","area_km2":1330.21},"geometry":{"type":"Polygon","coordinates":[[[-75.568,1.217],[-75.541,1.088],[-75.401,1.031],[-75.324,0.924],[-75.469,0.842],[-75.517,0.961],[-75.639,1.013],[-75.821,0.934],[-75.876,1.027],[-75.858,1.098],[-75.814,1.111],[-75.811,1.172],[-75.757,1.189],[-75.742,1.323],[-75.668,1.295],[-75.648,1.235],[-75.568,1.217]]]}},{"type":"Feature","properties":{"divipola_mpio":"18150","divipola_dpto":"18","municipio":"CARTAGENA DEL CHAIRÁ","departamento":"CAQUETÁ","area_km2":12785.62},"geometry":{"type":"Polygon","coordinates":[[[-73.673,0.536],[-73.582,0.483],[-73.485,0.324],[-73.425,0.256],[-73.388,0.269],[-73.235,0.161],[-73.146,0.131],[-73.185,0.06],[-73.328,0.038],[-73.42,0.068],[-73.48,0.115],[-73.548,0.073],[-73.644,0.073],[-73.709,0.106],[-73.761,0.079],[-73.862,0.169],[-74.512,0.169],[-74.556,0.33],[-74.642,0.526],[-74.718,0.624],[-74.815,0.666],[-74.851,0.79],[-74.813,0.849],[-74.9,0.976],[-74.957,1.1],[-75.081,1.274],[-75.057,1.388],[-74.965,1.444],[-74.929,1.425],[-74.824,1.393],[-74.798,1.419],[-74.787,1.567],[-74.573,1.234],[-74.473,1.176],[-74.383,1.099],[-74.342,1.02],[-74.25,0.958],[-74.175,0.882],[-74.076,0.84],[-74.07,0.757],[-74.023,0.723],[-73.962,0.616],[-73.899,0.633],[-73.869,0.575],[-73.808,0.565],[-73.728,0.622],[-73.673,0.536]]]}},{"type":"Feature","properties":{"divipola_mpio":"18753","divipola_dpto":"18","municipio":"SAN VICENTE DEL CAGUÁN","departamento":"CAQUETÁ","area_km2":17464.63},"geometry":{"type":"Polygon","coordinates":[[[-74.6,2.636],[-74.681,2.554],[-74.672,2.449],[-74.742,2.324],[-74.743,2.27],[-74.65,2.243],[-74.594,2.135],[-74.644,2.095],[-74.561,1.963],[-74.563,1.848],[-74.47,1.807],[-74.322,1.788],[-74.207,1.716],[-74.105,1.691],[-73.994,1.639],[-73.911,1.637],[-73.858,1.608],[-73.739,1.638],[-73.66,1.612],[-73.659,1.576],[-73.476,1.362],[-73.414,1.245],[-73.393,1.147],[-73.322,1.08],[-73.239,1.032],[-73.291,1.012],[-73.378,1.067],[-73.465,1.044],[-73.514,0.984],[-73.536,0.862],[-73.569,0.782],[-73.577,0.696],[-73.643,0.621],[-73.673,0.536],[-73.728,0.622],[-73.808,0.565],[-73.869,0.575],[-73.899,0.633],[-73.962,0.616],[-74.023,0.723],[-74.07,0.757],[-74.076,0.84],[-74.175,0.882],[-74.25,0.958],[-74.342,1.02],[-74.383,1.099],[-74.473,1.176],[-74.573,1.234],[-74.787,1.567],[-74.811,1.603],[-74.8,1.706],[-74.845,1.751],[-74.858,1.865],[-74.901,1.953],[-74.946,2.098],[-75.026,2.15],[-75.008,2.213],[-74.989,2.429],[-75.015,2.49],[-74.981,2.565],[-75.054,2.628],[-75.134,2.599],[-75.152,2.709],[-75.145,2.724],[-75.07,2.745],[-74.944,2.896],[-74.905,2.958],[-74.899,2.964],[-74.879,2.914],[-74.803,2.936],[-74.762,2.873],[-74.671,2.888],[-74.664,2.803],[-74.62,2.752],[-74.637,2.71],[-74.6,2.636]]]}},{"type":"Feature","properties":{"divipola_mpio":"18756","divipola_dpto":"18","municipio":"SOLANO","departamento":"CAQUETÁ","area_km2":42312.78},"geometry":{"type":"Polygon","coordinates":[[[-72.033,0.664],[-71.982,0.629],[-71.99,0.566],[-71.929,0.544],[-71.922,0.459],[-71.857,0.456],[-71.832,0.339],[-71.77,0.328],[-71.698,0.238],[-71.627,0.216],[-71.584,0.163],[-71.449,0.14],[-71.374,0.174],[-71.335,0.154],[-71.297,0.075],[-71.254,0.059],[-71.272,0.035],[-71.437,0.007],[-71.475,-0.012],[-71.549,0.022],[-71.705,-0.067],[-71.737,-0.164],[-71.711,-0.232],[-71.789,-0.271],[-71.996,-0.277],[-72.062,-0.325],[-72.143,-0.348],[-72.184,-0.462],[-72.23,-0.493],[-72.242,-0.605],[-72.317,-0.652],[-72.433,-0.567],[-72.539,-0.677],[-72.592,-0.693],[-72.745,-0.561],[-72.878,-0.618],[-72.938,-0.605],[-72.996,-0.533],[-73.113,-0.604],[-73.209,-0.624],[-73.335,-0.506],[-73.489,-0.528],[-73.571,-0.516],[-73.58,-0.455],[-73.677,-0.422],[-73.841,-0.398],[-73.88,-0.371],[-73.999,-0.344],[-74.109,-0.236],[-74.157,-0.261],[-74.29,-0.198],[-74.352,-0.107],[-74.412,-0.118],[-74.44,-0.075],[-74.541,-0.121],[-74.704,0.037],[-74.662,0.054],[-74.678,0.161],[-74.737,0.209],[-74.845,0.214],[-74.893,0.249],[-74.965,0.245],[-75.015,0.386],[-74.983,0.412],[-75.033,0.484],[-75.196,0.479],[-75.235,0.566],[-75.207,0.602],[-75.271,0.661],[-75.266,0.726],[-75.338,0.768],[-75.423,0.738],[-75.484,0.783],[-75.469,0.842],[-75.324,0.924],[-75.226,0.96],[-75.195,1.042],[-74.9,0.976],[-74.813,0.849],[-74.851,0.79],[-74.815,0.666],[-74.718,0.624],[-74.642,0.526],[-74.556,0.33],[-74.512,0.169],[-73.862,0.169],[-73.761,0.079],[-73.709,0.106],[-73.644,0.073],[-73.548,0.073],[-73.48,0.115],[-73.42,0.068],[-73.328,0.038],[-73.185,0.06],[-73.146,0.131],[-73.235,0.161],[-73.388,0.269],[-73.425,0.256],[-73.485,0.324],[-73.582,0.483],[-73.673,0.536],[-73.643,0.621],[-73.577,0.696],[-73.569,0.782],[-73.536,0.862],[-73.514,0.984],[-73.465,1.044],[-73.378,1.067],[-73.291,1.012],[-73.239,1.032],[-73.217,0.997],[-73.078,0.894],[-73.045,0.906],[-72.857,1.043],[-72.87,1.146],[-72.726,1.186],[-72.651,1.172],[-72.508,1.068],[-72.468,1.084],[-72.399,1.002],[-72.269,0.763],[-72.191,0.727],[-72.081,0.705],[-72.033,0.664]]]}},{"type":"Feature","properties":{"divipola_mpio":"18785","divipola_dpto":"18","municipio":"SOLITA","departamento":"CAQUETÁ","area_km2":476.93},"geometry":{"type":"Polygon","coordinates":[[[-75.469,0.842],[-75.484,0.783],[-75.538,0.826],[-75.605,0.837],[-75.637,0.877],[-75.758,0.837],[-75.81,0.896],[-75.821,0.934],[-75.639,1.013],[-75.517,0.961],[-75.469,0.842]]]}},{"type":"Feature","properties":{"divipola_mpio":"18205","divipola_dpto":"18","municipio":"CURILLO","departamento":"CAQUETÁ","area_km2":403.36},"geometry":{"type":"Polygon","coordinates":[[[-75.814,1.111],[-75.858,1.098],[-75.876,1.027],[-75.821,0.934],[-75.81,0.896],[-75.856,0.885],[-75.976,1.062],[-76.085,1.058],[-76.133,1.101],[-76.098,1.149],[-75.955,1.182],[-75.922,1.108],[-75.814,1.111]]]}},{"type":"Feature","properties":{"divipola_mpio":"18592","divipola_dpto":"18","municipio":"PUERTO RICO","departamento":"CAQUETÁ","area_km2":4146.4},"geometry":{"type":"Polygon","coordinates":[[[-74.787,1.567],[-74.798,1.419],[-74.824,1.393],[-74.929,1.425],[-74.933,1.504],[-75.022,1.647],[-75.054,1.732],[-75.178,1.71],[-75.261,1.794],[-75.315,1.802],[-75.298,2.055],[-75.257,2.138],[-75.287,2.271],[-75.349,2.324],[-75.195,2.512],[-75.134,2.599],[-75.054,2.628],[-74.981,2.565],[-75.015,2.49],[-74.989,2.429],[-75.008,2.213],[-75.026,2.15],[-74.946,2.098],[-74.901,1.953],[-74.858,1.865],[-74.845,1.751],[-74.8,1.706],[-74.811,1.603],[-74.787,1.567]]]}},{"type":"Feature","properties":{"divipola_mpio":"19001","divipola_dpto":"19","municipio":"POPAYÁN","departamento":"CAUCA","area_km2":480.18},"geometry":{"type":"Polygon","coordinates":[[[-76.588,2.553],[-76.385,2.424],[-76.507,2.415],[-76.532,2.312],[-76.557,2.398],[-76.619,2.415],[-76.724,2.477],[-76.768,2.568],[-76.588,2.553]]]}},{"type":"Feature","properties":{"divipola_mpio":"19022","divipola_dpto":"19","municipio":"ALMAGUER","departamento":"CAUCA","area_km2":236.71},"geometry":{"type":"Polygon","coordinates":[[[-76.724,1.98],[-76.748,1.895],[-76.794,1.844],[-76.868,1.846],[-76.936,1.922],[-76.866,1.983],[-76.837,1.985],[-76.791,1.95],[-76.724,1.98]]]}},{"type":"Feature","properties":{"divipola_mpio":"19050","divipola_dpto":"19","municipio":"ARGELIA","departamento":"CAUCA","area_km2":775.79},"geometry":{"type":"Polygon","coordinates":[[[-77.309,2.508],[-77.136,2.435],[-77.134,2.316],[-77.166,2.296],[-77.178,2.202],[-77.212,2.157],[-77.305,2.145],[-77.323,2.222],[-77.375,2.264],[-77.403,2.383],[-77.321,2.449],[-77.309,2.508]]]}},{"type":"Feature","properties":{"divipola_mpio":"19075","divipola_dpto":"19","municipio":"BALBOA","departamento":"CAUCA","area_km2":413.21},"geometry":{"type":"Polygon","coordinates":[[[-77.201,1.954],[-77.203,1.952],[-77.332,2.05],[-77.309,2.125],[-77.305,2.145],[-77.212,2.157],[-77.178,2.202],[-77.088,2.117],[-77.119,2.03],[-77.161,2.027],[-77.201,1.954]]]}},{"type":"Feature","properties":{"divipola_mpio":"19100","divipola_dpto":"19","municipio":"BOLÍVAR","departamento":"CAUCA","area_km2":797.82},"geometry":{"type":"Polygon","coordinates":[[[-76.866,1.983],[-76.936,1.922],[-76.868,1.846],[-76.808,1.703],[-76.852,1.636],[-76.9,1.662],[-76.936,1.729],[-77.026,1.714],[-77.052,1.74],[-77.019,1.817],[-77.079,1.824],[-77.089,1.903],[-77.13,1.938],[-77.035,2.003],[-76.952,2.097],[-76.983,2.043],[-76.866,1.983]]]}},{"type":"Feature","properties":{"divipola_mpio":"19110","divipola_dpto":"19","municipio":"BUENOS AIRES","departamento":"CAUCA","area_km2":435.03},"geometry":{"type":"Polygon","coordinates":[[[-76.557,3.102],[-76.611,2.875],[-76.631,2.873],[-76.644,2.889],[-76.687,2.982],[-76.805,3.051],[-76.812,3.125],[-76.789,3.218],[-76.783,3.231],[-76.75,3.147],[-76.677,3.099],[-76.557,3.102]]]}},{"type":"Feature","properties":{"divipola_mpio":"19130","divipola_dpto":"19","municipio":"CAJIBÍO","departamento":"CAUCA","area_km2":552.28},"geometry":{"type":"Polygon","coordinates":[[[-76.669,2.719],[-76.616,2.663],[-76.501,2.615],[-76.497,2.606],[-76.588,2.553],[-76.768,2.568],[-76.873,2.678],[-76.851,2.761],[-76.669,2.719]]]}},{"type":"Feature","properties":{"divipola_mpio":"19137","divipola_dpto":"19","municipio":"CALDONO","departamento":"CAUCA","area_km2":354.74},"geometry":{"type":"Polygon","coordinates":[[[-76.365,2.767],[-76.413,2.721],[-76.505,2.707],[-76.572,2.827],[-76.611,2.855],[-76.631,2.873],[-76.611,2.875],[-76.553,2.886],[-76.478,2.844],[-76.363,2.919],[-76.365,2.767]]]}},{"type":"Feature","properties":{"divipola_mpio":"19142","divipola_dpto":"19","municipio":"CALOTO","departamento":"CAUCA","area_km2":266.56},"geometry":{"type":"Polygon","coordinates":[[[-76.43,3.213],[-76.42,3.207],[-76.435,3.163],[-76.404,3.076],[-76.357,3.071],[-76.355,3.173],[-76.332,3.132],[-76.276,3.07],[-76.314,2.992],[-76.366,2.92],[-76.437,3.019],[-76.431,3.104],[-76.457,3.154],[-76.43,3.213]]]}},{"type":"Feature","properties":{"divipola_mpio":"19212","divipola_dpto":"19","municipio":"CORINTO","departamento":"CAUCA","area_km2":325.92},"geometry":{"type":"Polygon","coordinates":[[[-76.084,3.158],[-76.103,3.096],[-76.215,3.06],[-76.276,3.07],[-76.332,3.132],[-76.287,3.228],[-76.125,3.156],[-76.084,3.158]]]}},{"type":"Feature","properties":{"divipola_mpio":"19290","divipola_dpto":"19","municipio":"FLORENCIA","departamento":"CAUCA","area_km2":56.65},"geometry":{"type":"Polygon","coordinates":[[[-77.052,1.74],[-77.026,1.714],[-77.07,1.674],[-77.144,1.678],[-77.052,1.74]]]}},{"type":"Feature","properties":{"divipola_mpio":"19300","divipola_dpto":"19","municipio":"GUACHENÉ","departamento":"CAUCA","area_km2":98.87},"geometry":{"type":"Polygon","coordinates":[[[-76.378,3.205],[-76.355,3.173],[-76.357,3.071],[-76.404,3.076],[-76.435,3.163],[-76.42,3.207],[-76.378,3.205]]]}},{"type":"Feature","properties":{"divipola_mpio":"19355","divipola_dpto":"19","municipio":"INZÁ","departamento":"CAUCA","area_km2":866.31},"geometry":{"type":"Polygon","coordinates":[[[-75.963,2.498],[-76.127,2.381],[-76.22,2.319],[-76.324,2.393],[-76.288,2.465],[-76.227,2.481],[-76.226,2.548],[-76.211,2.632],[-76.038,2.669],[-76.025,2.588],[-75.958,2.54],[-75.963,2.498]]]}},{"type":"Feature","properties":{"divipola_mpio":"19364","divipola_dpto":"19","municipio":"JAMBALÓ","departamento":"CAUCA","area_km2":234.45},"geometry":{"type":"Polygon","coordinates":[[[-76.314,2.992],[-76.305,2.874],[-76.224,2.854],[-76.244,2.782],[-76.365,2.767],[-76.363,2.919],[-76.366,2.92],[-76.314,2.992]]]}},{"type":"Feature","properties":{"divipola_mpio":"19392","divipola_dpto":"19","municipio":"LA SIERRA","departamento":"CAUCA","area_km2":208.35},"geometry":{"type":"Polygon","coordinates":[[[-76.84,2.227],[-76.728,2.229],[-76.649,2.188],[-76.709,2.143],[-76.888,2.162],[-76.893,2.166],[-76.932,2.258],[-76.84,2.227]]]}},{"type":"Feature","properties":{"divipola_mpio":"19397","divipola_dpto":"19","municipio":"LA VEGA","departamento":"CAUCA","area_km2":516.07},"geometry":{"type":"Polygon","coordinates":[[[-76.709,2.143],[-76.665,2.045],[-76.581,2.029],[-76.624,1.975],[-76.724,1.98],[-76.791,1.95],[-76.837,1.985],[-76.878,2.043],[-76.888,2.162],[-76.709,2.143]]]}},{"type":"Feature","properties":{"divipola_mpio":"19450","divipola_dpto":"19","municipio":"MERCADERES","departamento":"CAUCA","area_km2":697.98},"geometry":{"type":"Polygon","coordinates":[[[-77.13,1.938],[-77.089,1.903],[-77.079,1.824],[-77.019,1.817],[-77.052,1.74],[-77.144,1.678],[-77.238,1.658],[-77.27,1.663],[-77.33,1.682],[-77.294,1.766],[-77.294,1.831],[-77.203,1.952],[-77.201,1.954],[-77.13,1.938]]]}},{"type":"Feature","properties":{"divipola_mpio":"19455","divipola_dpto":"19","municipio":"MIRANDA","departamento":"CAUCA","area_km2":189.68},"geometry":{"type":"Polygon","coordinates":[[[-76.056,3.223],[-76.091,3.199],[-76.084,3.158],[-76.125,3.156],[-76.287,3.228],[-76.369,3.24],[-76.352,3.287],[-76.343,3.282],[-76.229,3.277],[-76.191,3.227],[-76.056,3.223]]]}},{"type":"Feature","properties":{"divipola_mpio":"19473","divipola_dpto":"19","municipio":"MORALES","departamento":"CAUCA","area_km2":511.48},"geometry":{"type":"Polygon","coordinates":[[[-76.644,2.889],[-76.631,2.873],[-76.611,2.855],[-76.576,2.733],[-76.669,2.719],[-76.851,2.761],[-76.916,2.816],[-76.859,2.977],[-76.8,2.954],[-76.828,2.853],[-76.719,2.806],[-76.644,2.889]]]}},{"type":"Feature","properties":{"divipola_mpio":"19513","divipola_dpto":"19","municipio":"PADILLA","departamento":"CAUCA","area_km2":69.68},"geometry":{"type":"Polygon","coordinates":[[[-76.287,3.228],[-76.332,3.132],[-76.355,3.173],[-76.378,3.205],[-76.369,3.24],[-76.287,3.228]]]}},{"type":"Feature","properties":{"divipola_mpio":"19517","divipola_dpto":"19","municipio":"PÁEZ","departamento":"CAUCA","area_km2":1793.14},"geometry":{"type":"Polygon","coordinates":[[[-76.029,2.941],[-75.896,2.855],[-75.823,2.835],[-75.811,2.787],[-75.748,2.719],[-75.761,2.681],[-75.84,2.558],[-75.814,2.483],[-75.841,2.459],[-75.91,2.446],[-75.963,2.498],[-75.958,2.54],[-76.025,2.588],[-76.038,2.669],[-76.211,2.632],[-76.25,2.652],[-76.216,2.775],[-76.244,2.782],[-76.224,2.854],[-76.117,2.925],[-76.068,3.046],[-76.021,3.005],[-76.029,2.941]]]}},{"type":"Feature","properties":{"divipola_mpio":"19532","divipola_dpto":"19","municipio":"PATÍA","departamento":"CAUCA","area_km2":755.29},"geometry":{"type":"Polygon","coordinates":[[[-76.932,2.258],[-76.893,2.166],[-76.952,2.097],[-77.035,2.003],[-77.13,1.938],[-77.201,1.954],[-77.161,2.027],[-77.119,2.03],[-77.088,2.117],[-77.178,2.202],[-77.166,2.296],[-77.134,2.316],[-77.029,2.316],[-76.993,2.206],[-76.932,2.258]]]}},{"type":"Feature","properties":{"divipola_mpio":"19533","divipola_dpto":"19","municipio":"PIAMONTE","departamento":"CAUCA","area_km2":1104.75},"geometry":{"type":"Polygon","coordinates":[[[-76.133,1.101],[-76.085,1.058],[-76.166,1.03],[-76.213,0.979],[-76.401,0.98],[-76.485,1.008],[-76.567,1.082],[-76.469,1.096],[-76.424,1.184],[-76.248,1.385],[-76.259,1.441],[-76.216,1.496],[-76.199,1.575],[-76.169,1.589],[-76.15,1.536],[-76.184,1.488],[-76.204,1.353],[-76.303,1.237],[-76.281,1.137],[-76.133,1.101]]]}},{"type":"Feature","properties":{"divipola_mpio":"19548","divipola_dpto":"19","municipio":"PIENDAMÓ - TUNÍA","departamento":"CAUCA","area_km2":181.27},"geometry":{"type":"Polygon","coordinates":[[[-76.505,2.707],[-76.501,2.615],[-76.616,2.663],[-76.669,2.719],[-76.576,2.733],[-76.611,2.855],[-76.572,2.827],[-76.505,2.707]]]}},{"type":"Feature","properties":{"divipola_mpio":"19573","divipola_dpto":"19","municipio":"PUERTO TEJADA","departamento":"CAUCA","area_km2":109.12},"geometry":{"type":"Polygon","coordinates":[[[-76.461,3.259],[-76.493,3.289],[-76.461,3.329],[-76.352,3.287],[-76.369,3.24],[-76.378,3.205],[-76.42,3.207],[-76.43,3.213],[-76.461,3.259]]]}},{"type":"Feature","properties":{"divipola_mpio":"19585","divipola_dpto":"19","municipio":"PURACÉ","departamento":"CAUCA","area_km2":848.32},"geometry":{"type":"Polygon","coordinates":[[[-76.324,2.393],[-76.22,2.319],[-76.127,2.381],[-76.146,2.294],[-76.122,2.224],[-76.209,2.198],[-76.275,2.27],[-76.36,2.27],[-76.419,2.192],[-76.425,2.129],[-76.554,2.139],[-76.532,2.312],[-76.507,2.415],[-76.385,2.424],[-76.324,2.393]]]}},{"type":"Feature","properties":{"divipola_mpio":"19622","divipola_dpto":"19","municipio":"ROSAS","departamento":"CAUCA","area_km2":169.09},"geometry":{"type":"Polygon","coordinates":[[[-76.759,2.306],[-76.715,2.286],[-76.654,2.234],[-76.649,2.188],[-76.728,2.229],[-76.84,2.227],[-76.826,2.298],[-76.759,2.306]]]}},{"type":"Feature","properties":{"divipola_mpio":"19693","divipola_dpto":"19","municipio":"SAN SEBASTIÁN","departamento":"CAUCA","area_km2":419.03},"geometry":{"type":"Polygon","coordinates":[[[-76.624,1.975],[-76.591,1.869],[-76.653,1.799],[-76.719,1.805],[-76.808,1.703],[-76.868,1.846],[-76.794,1.844],[-76.748,1.895],[-76.724,1.98],[-76.624,1.975]]]}},{"type":"Feature","properties":{"divipola_mpio":"19698","divipola_dpto":"19","municipio":"SANTANDER DE QUILICHAO","departamento":"CAUCA","area_km2":518.2},"geometry":{"type":"Polygon","coordinates":[[[-76.504,3.144],[-76.431,3.104],[-76.437,3.019],[-76.366,2.92],[-76.363,2.919],[-76.478,2.844],[-76.553,2.886],[-76.611,2.875],[-76.557,3.102],[-76.504,3.144]]]}},{"type":"Feature","properties":{"divipola_mpio":"19701","divipola_dpto":"19","municipio":"SANTA ROSA","departamento":"CAUCA","area_km2":3619.37},"geometry":{"type":"Polygon","coordinates":[[[-76.316,1.684],[-76.227,1.664],[-76.199,1.575],[-76.216,1.496],[-76.259,1.441],[-76.248,1.385],[-76.424,1.184],[-76.469,1.096],[-76.567,1.082],[-76.54,1.204],[-76.586,1.305],[-76.602,1.414],[-76.697,1.444],[-76.886,1.373],[-76.921,1.346],[-76.928,1.501],[-76.859,1.523],[-76.852,1.636],[-76.808,1.703],[-76.719,1.805],[-76.653,1.799],[-76.591,1.869],[-76.434,1.791],[-76.316,1.684]]]}},{"type":"Feature","properties":{"divipola_mpio":"19743","divipola_dpto":"19","municipio":"SILVIA","departamento":"CAUCA","area_km2":680.99},"geometry":{"type":"Polygon","coordinates":[[[-76.211,2.632],[-76.226,2.548],[-76.344,2.517],[-76.433,2.548],[-76.497,2.606],[-76.501,2.615],[-76.505,2.707],[-76.413,2.721],[-76.365,2.767],[-76.244,2.782],[-76.216,2.775],[-76.25,2.652],[-76.211,2.632]]]}},{"type":"Feature","properties":{"divipola_mpio":"19760","divipola_dpto":"19","municipio":"SOTARÁ - PAISPAMBA","departamento":"CAUCA","area_km2":515.94},"geometry":{"type":"Polygon","coordinates":[[[-76.619,2.415],[-76.557,2.398],[-76.532,2.312],[-76.554,2.139],[-76.589,2.108],[-76.581,2.029],[-76.665,2.045],[-76.709,2.143],[-76.649,2.188],[-76.654,2.234],[-76.715,2.286],[-76.649,2.31],[-76.66,2.364],[-76.619,2.415]]]}},{"type":"Feature","properties":{"divipola_mpio":"19780","divipola_dpto":"19","municipio":"SUÁREZ","departamento":"CAUCA","area_km2":392.39},"geometry":{"type":"Polygon","coordinates":[[[-76.644,2.889],[-76.719,2.806],[-76.828,2.853],[-76.8,2.954],[-76.859,2.977],[-76.805,3.051],[-76.687,2.982],[-76.644,2.889]]]}},{"type":"Feature","properties":{"divipola_mpio":"19785","divipola_dpto":"19","municipio":"SUCRE","departamento":"CAUCA","area_km2":135.87},"geometry":{"type":"Polygon","coordinates":[[[-76.888,2.162],[-76.878,2.043],[-76.837,1.985],[-76.866,1.983],[-76.983,2.043],[-76.952,2.097],[-76.893,2.166],[-76.888,2.162]]]}},{"type":"Feature","properties":{"divipola_mpio":"19807","divipola_dpto":"19","municipio":"TIMBÍO","departamento":"CAUCA","area_km2":201.29},"geometry":{"type":"Polygon","coordinates":[[[-76.619,2.415],[-76.66,2.364],[-76.649,2.31],[-76.715,2.286],[-76.759,2.306],[-76.724,2.477],[-76.619,2.415]]]}},{"type":"Feature","properties":{"divipola_mpio":"19821","divipola_dpto":"19","municipio":"TORIBÍO","departamento":"CAUCA","area_km2":492.14},"geometry":{"type":"Polygon","coordinates":[[[-76.068,3.046],[-76.117,2.925],[-76.224,2.854],[-76.305,2.874],[-76.314,2.992],[-76.276,3.07],[-76.215,3.06],[-76.103,3.096],[-76.068,3.046]]]}},{"type":"Feature","properties":{"divipola_mpio":"19824","divipola_dpto":"19","municipio":"TOTORÓ","departamento":"CAUCA","area_km2":404.47},"geometry":{"type":"Polygon","coordinates":[[[-76.497,2.606],[-76.433,2.548],[-76.344,2.517],[-76.226,2.548],[-76.227,2.481],[-76.288,2.465],[-76.324,2.393],[-76.385,2.424],[-76.588,2.553],[-76.497,2.606]]]}},{"type":"Feature","properties":{"divipola_mpio":"19256","divipola_dpto":"19","municipio":"EL TAMBO","departamento":"CAUCA","area_km2":2739.6},"geometry":{"type":"Polygon","coordinates":[[[-76.916,2.816],[-76.851,2.761],[-76.873,2.678],[-76.768,2.568],[-76.724,2.477],[-76.759,2.306],[-76.826,2.298],[-76.84,2.227],[-76.932,2.258],[-76.993,2.206],[-77.029,2.316],[-77.134,2.316],[-77.136,2.435],[-77.309,2.508],[-77.31,2.558],[-77.206,2.646],[-77.252,2.703],[-77.219,2.77],[-77.008,2.819],[-76.96,2.773],[-76.916,2.816]]]}},{"type":"Feature","properties":{"divipola_mpio":"19318","divipola_dpto":"19","municipio":"GUAPI","departamento":"CAUCA","area_km2":2567.95},"geometry":{"type":"Polygon","coordinates":[[[-77.403,2.383],[-77.375,2.264],[-77.46,2.286],[-77.488,2.195],[-77.554,2.202],[-77.599,2.167],[-77.734,2.134],[-77.835,2.176],[-77.848,2.26],[-77.917,2.412],[-77.929,2.641],[-77.908,2.681],[-77.788,2.69],[-77.723,2.688],[-77.591,2.61],[-77.578,2.553],[-77.447,2.462],[-77.403,2.383]]]}},{"type":"Feature","properties":{"divipola_mpio":"19418","divipola_dpto":"19","municipio":"LÓPEZ DE MICAY","departamento":"CAUCA","area_km2":3367.57},"geometry":{"type":"Polygon","coordinates":[[[-76.789,3.218],[-76.812,3.125],[-76.805,3.051],[-76.859,2.977],[-76.916,2.816],[-76.96,2.773],[-77.008,2.819],[-77.219,2.77],[-77.252,2.703],[-77.313,2.716],[-77.31,2.827],[-77.403,2.889],[-77.572,2.925],[-77.633,2.906],[-77.67,2.948],[-77.691,3.0],[-77.562,3.163],[-77.498,3.216],[-77.43,3.254],[-77.347,3.14],[-77.316,3.174],[-77.234,3.108],[-77.178,3.156],[-77.101,3.185],[-76.998,3.155],[-76.938,3.114],[-76.909,3.201],[-76.789,3.218]]]}},{"type":"Feature","properties":{"divipola_mpio":"19809","divipola_dpto":"19","municipio":"TIMBIQUÍ","departamento":"CAUCA","area_km2":2057.71},"geometry":{"type":"Polygon","coordinates":[[[-77.252,2.703],[-77.206,2.646],[-77.31,2.558],[-77.309,2.508],[-77.321,2.449],[-77.403,2.383],[-77.447,2.462],[-77.578,2.553],[-77.591,2.61],[-77.723,2.688],[-77.788,2.69],[-77.798,2.747],[-77.736,2.787],[-77.67,2.948],[-77.633,2.906],[-77.572,2.925],[-77.403,2.889],[-77.31,2.827],[-77.313,2.716],[-77.252,2.703]]]}},{"type":"Feature","properties":{"divipola_mpio":"19845","divipola_dpto":"19","municipio":"VILLA RICA","departamento":"CAUCA","area_km2":81.62},"geometry":{"type":"Polygon","coordinates":[[[-76.43,3.213],[-76.457,3.154],[-76.431,3.104],[-76.504,3.144],[-76.461,3.259],[-76.43,3.213]]]}},{"type":"Feature","properties":{"divipola_mpio":"76001","divipola_dpto":"76","municipio":"CALI","departamento":"VALLE DEL CAUCA","area_km2":563.04},"geometry":{"type":"Polygon","coordinates":[[[-76.491,3.506],[-76.475,3.451],[-76.461,3.329],[-76.493,3.289],[-76.559,3.283],[-76.608,3.314],[-76.696,3.311],[-76.702,3.356],[-76.707,3.428],[-76.65,3.466],[-76.595,3.548],[-76.592,3.547],[-76.548,3.5],[-76.491,3.506]]]}},{"type":"Feature","properties":{"divipola_mpio":"76036","divipola_dpto":"76","municipio":"ANDALUCÍA","departamento":"VALLE DEL CAUCA","area_km2":110.46},"geometry":{"type":"Polygon","coordinates":[[[-76.071,4.089],[-76.172,4.12],[-76.245,4.168],[-76.249,4.184],[-76.236,4.214],[-76.151,4.183],[-76.071,4.089]]]}},{"type":"Feature","properties":{"divipola_mpio":"76041","divipola_dpto":"76","municipio":"ANSERMANUEVO","departamento":"VALLE DEL CAUCA","area_km2":305.45},"geometry":{"type":"Polygon","coordinates":[[[-75.989,4.881],[-75.915,4.873],[-75.936,4.807],[-75.964,4.801],[-76.016,4.692],[-76.089,4.736],[-76.147,4.785],[-76.139,4.841],[-76.138,4.843],[-76.071,4.837],[-75.989,4.881]]]}},{"type":"Feature","properties":{"divipola_mpio":"76054","divipola_dpto":"76","municipio":"ARGELIA","departamento":"VALLE DEL CAUCA","area_km2":90.8},"geometry":{"type":"Polygon","coordinates":[[[-76.089,4.736],[-76.123,4.651],[-76.194,4.682],[-76.147,4.785],[-76.089,4.736]]]}},{"type":"Feature","properties":{"divipola_mpio":"76111","divipola_dpto":"76","municipio":"GUADALAJARA DE BUGA","departamento":"VALLE DEL CAUCA","area_km2":825.88},"geometry":{"type":"Polygon","coordinates":[[[-76.313,3.993],[-76.227,3.932],[-76.141,3.904],[-76.101,3.957],[-76.084,3.906],[-75.998,3.894],[-75.873,3.926],[-75.85,3.889],[-75.917,3.749],[-75.955,3.714],[-75.999,3.756],[-76.082,3.77],[-76.105,3.82],[-76.178,3.805],[-76.277,3.838],[-76.373,3.812],[-76.313,3.993]]]}},{"type":"Feature","properties":{"divipola_mpio":"76113","divipola_dpto":"76","municipio":"BUGALAGRANDE","departamento":"VALLE DEL CAUCA","area_km2":396.78},"geometry":{"type":"Polygon","coordinates":[[[-76.037,4.256],[-75.954,4.177],[-76.002,4.102],[-76.071,4.089],[-76.151,4.183],[-76.236,4.214],[-76.212,4.26],[-76.172,4.318],[-76.084,4.243],[-76.037,4.256]]]}},{"type":"Feature","properties":{"divipola_mpio":"76122","divipola_dpto":"76","municipio":"CAICEDONIA","departamento":"VALLE DEL CAUCA","area_km2":166.98},"geometry":{"type":"Polygon","coordinates":[[[-75.803,4.396],[-75.792,4.338],[-75.795,4.31],[-75.825,4.215],[-75.893,4.299],[-75.855,4.364],[-75.867,4.411],[-75.803,4.396]]]}},{"type":"Feature","properties":{"divipola_mpio":"76126","divipola_dpto":"76","municipio":"CALIMA","departamento":"VALLE DEL CAUCA","area_km2":793.5},"geometry":{"type":"Polygon","coordinates":[[[-76.499,4.064],[-76.415,4.009],[-76.424,3.942],[-76.478,3.865],[-76.561,3.848],[-76.593,3.863],[-76.714,3.842],[-76.815,3.875],[-76.888,3.993],[-76.86,4.03],[-76.681,3.965],[-76.625,4.015],[-76.589,3.993],[-76.499,4.064]]]}},{"type":"Feature","properties":{"divipola_mpio":"76130","divipola_dpto":"76","municipio":"CANDELARIA","departamento":"VALLE DEL CAUCA","area_km2":296.47},"geometry":{"type":"Polygon","coordinates":[[[-76.291,3.471],[-76.33,3.383],[-76.3,3.366],[-76.343,3.282],[-76.352,3.287],[-76.461,3.329],[-76.475,3.451],[-76.375,3.45],[-76.291,3.471]]]}},{"type":"Feature","properties":{"divipola_mpio":"76147","divipola_dpto":"76","municipio":"CARTAGO","departamento":"VALLE DEL CAUCA","area_km2":248.22},"geometry":{"type":"Polygon","coordinates":[[[-75.936,4.807],[-75.856,4.728],[-75.856,4.713],[-75.828,4.66],[-75.866,4.613],[-75.972,4.667],[-76.016,4.666],[-76.016,4.692],[-75.964,4.801],[-75.936,4.807]]]}},{"type":"Feature","properties":{"divipola_mpio":"76243","divipola_dpto":"76","municipio":"EL ÁGUILA","departamento":"VALLE DEL CAUCA","area_km2":187.81},"geometry":{"type":"Polygon","coordinates":[[[-75.991,4.913],[-75.989,4.881],[-76.071,4.837],[-76.138,4.843],[-76.089,4.946],[-76.078,5.047],[-76.027,4.939],[-75.991,4.913]]]}},{"type":"Feature","properties":{"divipola_mpio":"76246","divipola_dpto":"76","municipio":"EL CAIRO","departamento":"VALLE DEL CAUCA","area_km2":214.2},"geometry":{"type":"Polygon","coordinates":[[[-76.147,4.785],[-76.194,4.682],[-76.298,4.698],[-76.313,4.75],[-76.211,4.83],[-76.139,4.841],[-76.147,4.785]]]}},{"type":"Feature","properties":{"divipola_mpio":"76248","divipola_dpto":"76","municipio":"EL CERRITO","departamento":"VALLE DEL CAUCA","area_km2":441.89},"geometry":{"type":"Polygon","coordinates":[[[-75.955,3.714],[-75.96,3.704],[-76.007,3.717],[-76.09,3.621],[-76.242,3.621],[-76.293,3.603],[-76.368,3.627],[-76.426,3.694],[-76.401,3.74],[-76.397,3.763],[-76.321,3.707],[-76.201,3.662],[-76.124,3.688],[-76.082,3.77],[-75.999,3.756],[-75.955,3.714]]]}},{"type":"Feature","properties":{"divipola_mpio":"76250","divipola_dpto":"76","municipio":"EL DOVIO","departamento":"VALLE DEL CAUCA","area_km2":235.41},"geometry":{"type":"Polygon","coordinates":[[[-76.185,4.546],[-76.166,4.512],[-76.269,4.481],[-76.365,4.493],[-76.3,4.654],[-76.283,4.594],[-76.222,4.603],[-76.185,4.546]]]}},{"type":"Feature","properties":{"divipola_mpio":"76275","divipola_dpto":"76","municipio":"FLORIDA","departamento":"VALLE DEL CAUCA","area_km2":401.55},"geometry":{"type":"Polygon","coordinates":[[[-76.062,3.355],[-76.038,3.301],[-76.056,3.223],[-76.191,3.227],[-76.229,3.277],[-76.343,3.282],[-76.3,3.366],[-76.182,3.357],[-76.089,3.388],[-76.062,3.355]]]}},{"type":"Feature","properties":{"divipola_mpio":"76306","divipola_dpto":"76","municipio":"GINEBRA","departamento":"VALLE DEL CAUCA","area_km2":268.73},"geometry":{"type":"Polygon","coordinates":[[[-76.082,3.77],[-76.124,3.688],[-76.201,3.662],[-76.321,3.707],[-76.303,3.76],[-76.221,3.769],[-76.178,3.805],[-76.105,3.82],[-76.082,3.77]]]}},{"type":"Feature","properties":{"divipola_mpio":"76318","divipola_dpto":"76","municipio":"GUACARÍ","departamento":"VALLE DEL CAUCA","area_km2":162.5},"geometry":{"type":"Polygon","coordinates":[[[-76.178,3.805],[-76.221,3.769],[-76.303,3.76],[-76.321,3.707],[-76.397,3.763],[-76.373,3.812],[-76.277,3.838],[-76.178,3.805]]]}},{"type":"Feature","properties":{"divipola_mpio":"76020","divipola_dpto":"76","municipio":"ALCALÁ","departamento":"VALLE DEL CAUCA","area_km2":62.36},"geometry":{"type":"Polygon","coordinates":[[[-75.709,4.68],[-75.741,4.655],[-75.828,4.66],[-75.856,4.713],[-75.709,4.68]]]}},{"type":"Feature","properties":{"divipola_mpio":"76497","divipola_dpto":"76","municipio":"OBANDO","departamento":"VALLE DEL CAUCA","area_km2":214.68},"geometry":{"type":"Polygon","coordinates":[[[-75.866,4.613],[-75.867,4.576],[-75.881,4.531],[-75.964,4.531],[-76.031,4.569],[-76.038,4.583],[-76.016,4.666],[-75.972,4.667],[-75.866,4.613]]]}},{"type":"Feature","properties":{"divipola_mpio":"76520","divipola_dpto":"76","municipio":"PALMIRA","departamento":"VALLE DEL CAUCA","area_km2":1005.15},"geometry":{"type":"Polygon","coordinates":[[[-75.96,3.704],[-75.993,3.609],[-75.985,3.559],[-76.037,3.453],[-76.122,3.476],[-76.291,3.471],[-76.375,3.45],[-76.475,3.451],[-76.491,3.506],[-76.426,3.681],[-76.426,3.694],[-76.368,3.627],[-76.293,3.603],[-76.242,3.621],[-76.09,3.621],[-76.007,3.717],[-75.96,3.704]]]}},{"type":"Feature","properties":{"divipola_mpio":"76563","divipola_dpto":"76","municipio":"PRADERA","departamento":"VALLE DEL CAUCA","area_km2":356.73},"geometry":{"type":"Polygon","coordinates":[[[-76.037,3.453],[-76.062,3.355],[-76.089,3.388],[-76.182,3.357],[-76.3,3.366],[-76.33,3.383],[-76.291,3.471],[-76.122,3.476],[-76.037,3.453]]]}},{"type":"Feature","properties":{"divipola_mpio":"76606","divipola_dpto":"76","municipio":"RESTREPO","departamento":"VALLE DEL CAUCA","area_km2":136.23},"geometry":{"type":"Polygon","coordinates":[[[-76.478,3.865],[-76.468,3.831],[-76.537,3.749],[-76.603,3.751],[-76.561,3.848],[-76.478,3.865]]]}},{"type":"Feature","properties":{"divipola_mpio":"76616","divipola_dpto":"76","municipio":"RIOFRÍO","departamento":"VALLE DEL CAUCA","area_km2":308.09},"geometry":{"type":"Polygon","coordinates":[[[-76.249,4.184],[-76.245,4.168],[-76.303,4.067],[-76.415,4.009],[-76.499,4.064],[-76.449,4.162],[-76.348,4.159],[-76.326,4.195],[-76.249,4.184]]]}},{"type":"Feature","properties":{"divipola_mpio":"76622","divipola_dpto":"76","municipio":"ROLDANILLO","departamento":"VALLE DEL CAUCA","area_km2":235.73},"geometry":{"type":"Polygon","coordinates":[[[-76.166,4.512],[-76.065,4.493],[-76.069,4.455],[-76.149,4.372],[-76.256,4.402],[-76.269,4.481],[-76.166,4.512]]]}},{"type":"Feature","properties":{"divipola_mpio":"76670","divipola_dpto":"76","municipio":"SAN PEDRO","departamento":"VALLE DEL CAUCA","area_km2":202.13},"geometry":{"type":"Polygon","coordinates":[[[-76.101,3.957],[-76.141,3.904],[-76.227,3.932],[-76.313,3.993],[-76.3,4.049],[-76.162,4.023],[-76.101,3.957]]]}},{"type":"Feature","properties":{"divipola_mpio":"76736","divipola_dpto":"76","municipio":"SEVILLA","departamento":"VALLE DEL CAUCA","area_km2":537.18},"geometry":{"type":"Polygon","coordinates":[[[-75.867,4.411],[-75.855,4.364],[-75.893,4.299],[-75.825,4.215],[-75.84,4.101],[-75.752,4.077],[-75.746,4.043],[-75.823,3.905],[-75.855,4.05],[-75.901,4.085],[-75.914,4.175],[-75.954,4.177],[-76.037,4.256],[-76.021,4.302],[-75.954,4.325],[-75.952,4.372],[-75.878,4.41],[-75.867,4.411]]]}},{"type":"Feature","properties":{"divipola_mpio":"76823","divipola_dpto":"76","municipio":"TORO","departamento":"VALLE DEL CAUCA","area_km2":175.76},"geometry":{"type":"Polygon","coordinates":[[[-76.016,4.692],[-76.016,4.666],[-76.038,4.583],[-76.151,4.576],[-76.123,4.651],[-76.089,4.736],[-76.016,4.692]]]}},{"type":"Feature","properties":{"divipola_mpio":"76828","divipola_dpto":"76","municipio":"TRUJILLO","departamento":"VALLE DEL CAUCA","area_km2":307.64},"geometry":{"type":"Polygon","coordinates":[[[-76.212,4.26],[-76.236,4.214],[-76.249,4.184],[-76.326,4.195],[-76.348,4.159],[-76.449,4.162],[-76.455,4.23],[-76.407,4.299],[-76.297,4.294],[-76.212,4.26]]]}},{"type":"Feature","properties":{"divipola_mpio":"76834","divipola_dpto":"76","municipio":"TULUÁ","departamento":"VALLE DEL CAUCA","area_km2":909.36},"geometry":{"type":"Polygon","coordinates":[[[-75.823,3.905],[-75.85,3.889],[-75.873,3.926],[-75.998,3.894],[-76.084,3.906],[-76.101,3.957],[-76.162,4.023],[-76.3,4.049],[-76.303,4.067],[-76.245,4.168],[-76.172,4.12],[-76.071,4.089],[-76.002,4.102],[-75.954,4.177],[-75.914,4.175],[-75.901,4.085],[-75.855,4.05],[-75.823,3.905]]]}},{"type":"Feature","properties":{"divipola_mpio":"76845","divipola_dpto":"76","municipio":"ULLOA","departamento":"VALLE DEL CAUCA","area_km2":41.86},"geometry":{"type":"Polygon","coordinates":[[[-75.714,4.713],[-75.709,4.68],[-75.856,4.713],[-75.856,4.728],[-75.714,4.713]]]}},{"type":"Feature","properties":{"divipola_mpio":"76863","divipola_dpto":"76","municipio":"VERSALLES","departamento":"VALLE DEL CAUCA","area_km2":200.6},"geometry":{"type":"Polygon","coordinates":[[[-76.194,4.682],[-76.123,4.651],[-76.151,4.576],[-76.185,4.546],[-76.222,4.603],[-76.283,4.594],[-76.3,4.654],[-76.298,4.698],[-76.194,4.682]]]}},{"type":"Feature","properties":{"divipola_mpio":"76869","divipola_dpto":"76","municipio":"VIJES","departamento":"VALLE DEL CAUCA","area_km2":113.77},"geometry":{"type":"Polygon","coordinates":[[[-76.401,3.74],[-76.426,3.694],[-76.426,3.681],[-76.506,3.699],[-76.537,3.749],[-76.468,3.831],[-76.445,3.746],[-76.401,3.74]]]}},{"type":"Feature","properties":{"divipola_mpio":"76890","divipola_dpto":"76","municipio":"YOTOCO","departamento":"VALLE DEL CAUCA","area_km2":327.8},"geometry":{"type":"Polygon","coordinates":[[[-76.3,4.049],[-76.313,3.993],[-76.373,3.812],[-76.397,3.763],[-76.401,3.74],[-76.445,3.746],[-76.468,3.831],[-76.478,3.865],[-76.424,3.942],[-76.415,4.009],[-76.303,4.067],[-76.3,4.049]]]}},{"type":"Feature","properties":{"divipola_mpio":"76892","divipola_dpto":"76","municipio":"YUMBO","departamento":"VALLE DEL CAUCA","area_km2":230.59},"geometry":{"type":"Polygon","coordinates":[[[-76.426,3.681],[-76.491,3.506],[-76.548,3.5],[-76.592,3.547],[-76.506,3.699],[-76.426,3.681]]]}},{"type":"Feature","properties":{"divipola_mpio":"76895","divipola_dpto":"76","municipio":"ZARZAL","departamento":"VALLE DEL CAUCA","area_km2":367.94},"geometry":{"type":"Polygon","coordinates":[[[-75.895,4.426],[-75.878,4.41],[-75.952,4.372],[-75.954,4.325],[-76.021,4.302],[-76.037,4.256],[-76.084,4.243],[-76.172,4.318],[-76.149,4.372],[-76.069,4.455],[-76.038,4.465],[-75.958,4.402],[-75.895,4.426]]]}},{"type":"Feature","properties":{"divipola_mpio":"76403","divipola_dpto":"76","municipio":"LA VICTORIA","departamento":"VALLE DEL CAUCA","area_km2":264.7},"geometry":{"type":"Polygon","coordinates":[[[-75.881,4.531],[-75.869,4.454],[-75.895,4.426],[-75.958,4.402],[-76.038,4.465],[-76.069,4.455],[-76.065,4.493],[-76.031,4.569],[-75.964,4.531],[-75.881,4.531]]]}},{"type":"Feature","properties":{"divipola_mpio":"76400","divipola_dpto":"76","municipio":"LA UNIÓN","departamento":"VALLE DEL CAUCA","area_km2":120.87},"geometry":{"type":"Polygon","coordinates":[[[-76.038,4.583],[-76.031,4.569],[-76.065,4.493],[-76.166,4.512],[-76.185,4.546],[-76.151,4.576],[-76.038,4.583]]]}},{"type":"Feature","properties":{"divipola_mpio":"76377","divipola_dpto":"76","municipio":"LA CUMBRE","departamento":"VALLE DEL CAUCA","area_km2":255.41},"geometry":{"type":"Polygon","coordinates":[[[-76.561,3.848],[-76.603,3.751],[-76.537,3.749],[-76.506,3.699],[-76.592,3.547],[-76.595,3.548],[-76.649,3.632],[-76.644,3.785],[-76.593,3.863],[-76.561,3.848]]]}},{"type":"Feature","properties":{"divipola_mpio":"76364","divipola_dpto":"76","municipio":"JAMUNDÍ","departamento":"VALLE DEL CAUCA","area_km2":628.96},"geometry":{"type":"Polygon","coordinates":[[[-76.493,3.289],[-76.461,3.259],[-76.504,3.144],[-76.557,3.102],[-76.677,3.099],[-76.75,3.147],[-76.783,3.231],[-76.702,3.356],[-76.696,3.311],[-76.608,3.314],[-76.559,3.283],[-76.493,3.289]]]}},{"type":"Feature","properties":{"divipola_mpio":"76100","divipola_dpto":"76","municipio":"BOLÍVAR","departamento":"VALLE DEL CAUCA","area_km2":743.57},"geometry":{"type":"Polygon","coordinates":[[[-76.269,4.481],[-76.256,4.402],[-76.149,4.372],[-76.172,4.318],[-76.212,4.26],[-76.297,4.294],[-76.407,4.299],[-76.455,4.23],[-76.488,4.236],[-76.549,4.338],[-76.539,4.396],[-76.482,4.415],[-76.365,4.493],[-76.269,4.481]]]}},{"type":"Feature","properties":{"divipola_mpio":"76233","divipola_dpto":"76","municipio":"DAGUA","departamento":"VALLE DEL CAUCA","area_km2":916.32},"geometry":{"type":"Polygon","coordinates":[[[-76.593,3.863],[-76.644,3.785],[-76.649,3.632],[-76.595,3.548],[-76.65,3.466],[-76.707,3.428],[-76.748,3.434],[-76.855,3.564],[-76.794,3.665],[-76.822,3.706],[-76.775,3.763],[-76.815,3.875],[-76.714,3.842],[-76.593,3.863]]]}},{"type":"Feature","properties":{"divipola_mpio":"76109","divipola_dpto":"76","municipio":"BUENAVENTURA","departamento":"VALLE DEL CAUCA","area_km2":6292.41},"geometry":{"type":"Polygon","coordinates":[[[-76.86,4.03],[-76.888,3.993],[-76.815,3.875],[-76.775,3.763],[-76.822,3.706],[-76.794,3.665],[-76.855,3.564],[-76.748,3.434],[-76.707,3.428],[-76.702,3.356],[-76.783,3.231],[-76.789,3.218],[-76.909,3.201],[-76.938,3.114],[-76.998,3.155],[-77.101,3.185],[-77.178,3.156],[-77.234,3.108],[-77.316,3.174],[-77.347,3.14],[-77.43,3.254],[-77.498,3.216],[-77.55,3.231],[-77.48,3.323],[-77.337,3.448],[-77.367,3.484],[-77.301,3.57],[-77.228,3.583],[-77.184,3.655],[-77.198,3.746],[-77.181,3.832],[-77.283,3.842],[-77.318,3.95],[-77.212,4.009],[-77.243,4.084],[-77.314,4.029],[-77.359,3.926],[-77.45,4.039],[-77.353,4.198],[-77.307,4.165],[-77.159,4.183],[-77.05,4.095],[-76.994,4.121],[-76.915,4.096],[-76.86,4.03]]]}},{"type":"Feature","properties":{"divipola_mpio":"86001","divipola_dpto":"86","municipio":"MOCOA","departamento":"PUTUMAYO","area_km2":1304.64},"geometry":{"type":"Polygon","coordinates":[[[-76.567,1.082],[-76.485,1.008],[-76.463,0.909],[-76.411,0.868],[-76.466,0.868],[-76.561,1.031],[-76.637,1.075],[-76.741,1.006],[-76.791,1.121],[-76.746,1.199],[-76.856,1.25],[-76.877,1.29],[-76.904,1.321],[-76.921,1.346],[-76.886,1.373],[-76.697,1.444],[-76.602,1.414],[-76.586,1.305],[-76.54,1.204],[-76.567,1.082]]]}},{"type":"Feature","properties":{"divipola_mpio":"86219","divipola_dpto":"86","municipio":"COLÓN","departamento":"PUTUMAYO","area_km2":64.27},"geometry":{"type":"Polygon","coordinates":[[[-76.933,1.285],[-76.965,1.157],[-77.021,1.196],[-76.933,1.285]]]}},{"type":"Feature","properties":{"divipola_mpio":"86320","divipola_dpto":"86","municipio":"ORITO","departamento":"PUTUMAYO","area_km2":1939.39},"geometry":{"type":"Polygon","coordinates":[[[-77.073,0.943],[-77.002,0.899],[-76.95,0.902],[-76.931,0.815],[-76.892,0.77],[-76.766,0.793],[-76.699,0.746],[-76.654,0.648],[-76.772,0.505],[-76.872,0.483],[-76.999,0.493],[-77.021,0.559],[-77.09,0.42],[-77.13,0.525],[-77.128,0.602],[-77.187,0.63],[-77.177,0.671],[-77.16,0.743],[-77.139,0.821],[-77.117,0.901],[-77.073,0.943]]]}},{"type":"Feature","properties":{"divipola_mpio":"86749","divipola_dpto":"86","municipio":"SIBUNDOY","departamento":"PUTUMAYO","area_km2":97.73},"geometry":{"type":"Polygon","coordinates":[[[-76.877,1.29],[-76.888,1.173],[-76.965,1.157],[-76.933,1.285],[-76.904,1.321],[-76.877,1.29]]]}},{"type":"Feature","properties":{"divipola_mpio":"86755","divipola_dpto":"86","municipio":"SAN FRANCISCO","departamento":"PUTUMAYO","area_km2":407.36},"geometry":{"type":"Polygon","coordinates":[[[-76.741,1.006],[-76.854,1.046],[-76.948,1.096],[-76.965,1.157],[-76.888,1.173],[-76.877,1.29],[-76.856,1.25],[-76.746,1.199],[-76.791,1.121],[-76.741,1.006]]]}},{"type":"Feature","properties":{"divipola_mpio":"86757","divipola_dpto":"86","municipio":"SAN MIGUEL","departamento":"PUTUMAYO","area_km2":379.74},"geometry":{"type":"Polygon","coordinates":[[[-76.657,0.332],[-76.641,0.259],[-76.733,0.288],[-76.849,0.24],[-76.999,0.29],[-77.05,0.29],[-77.039,0.323],[-76.919,0.381],[-76.841,0.302],[-76.761,0.342],[-76.657,0.332]]]}},{"type":"Feature","properties":{"divipola_mpio":"86760","divipola_dpto":"86","municipio":"SANTIAGO","departamento":"PUTUMAYO","area_km2":341.92},"geometry":{"type":"Polygon","coordinates":[[[-77.021,1.196],[-76.965,1.157],[-76.948,1.096],[-76.854,1.046],[-76.972,0.981],[-77.047,0.979],[-77.04,1.039],[-77.084,1.062],[-77.089,1.182],[-77.021,1.196]]]}},{"type":"Feature","properties":{"divipola_mpio":"86865","divipola_dpto":"86","municipio":"VALLE DEL GUAMUEZ","departamento":"PUTUMAYO","area_km2":815.16},"geometry":{"type":"Polygon","coordinates":[[[-76.772,0.505],[-76.692,0.505],[-76.657,0.332],[-76.761,0.342],[-76.841,0.302],[-76.919,0.381],[-77.039,0.323],[-77.05,0.29],[-77.113,0.373],[-77.09,0.42],[-77.021,0.559],[-76.999,0.493],[-76.872,0.483],[-76.772,0.505]]]}},{"type":"Feature","properties":{"divipola_mpio":"86885","divipola_dpto":"86","municipio":"VILLAGARZÓN","departamento":"PUTUMAYO","area_km2":1396.97},"geometry":{"type":"Polygon","coordinates":[[[-76.466,0.868],[-76.49,0.787],[-76.766,0.793],[-76.892,0.77],[-76.931,0.815],[-76.95,0.902],[-77.002,0.899],[-77.073,0.943],[-77.047,0.979],[-76.972,0.981],[-76.854,1.046],[-76.741,1.006],[-76.637,1.075],[-76.561,1.031],[-76.466,0.868]]]}},{"type":"Feature","properties":{"divipola_mpio":"86569","divipola_dpto":"86","municipio":"PUERTO CAICEDO","departamento":"PUTUMAYO","area_km2":926.47},"geometry":{"type":"Polygon","coordinates":[[[-76.237,0.661],[-76.594,0.607],[-76.654,0.648],[-76.699,0.746],[-76.766,0.793],[-76.49,0.787],[-76.466,0.868],[-76.411,0.868],[-76.381,0.819],[-76.232,0.699],[-76.237,0.661]]]}},{"type":"Feature","properties":{"divipola_mpio":"86568","divipola_dpto":"86","municipio":"PUERTO ASÍS","departamento":"PUTUMAYO","area_km2":2819.15},"geometry":{"type":"Polygon","coordinates":[[[-75.772,0.44],[-76.145,0.375],[-76.2,0.373],[-76.313,0.433],[-76.337,0.385],[-76.412,0.379],[-76.412,0.241],[-76.584,0.22],[-76.641,0.259],[-76.657,0.332],[-76.692,0.505],[-76.772,0.505],[-76.654,0.648],[-76.594,0.607],[-76.237,0.661],[-76.08,0.621],[-76.046,0.576],[-75.929,0.583],[-75.822,0.516],[-75.772,0.44]]]}},{"type":"Feature","properties":{"divipola_mpio":"86571","divipola_dpto":"86","municipio":"PUERTO GUZMÁN","departamento":"PUTUMAYO","area_km2":4576.59},"geometry":{"type":"Polygon","coordinates":[[[-75.81,0.896],[-75.758,0.837],[-75.637,0.877],[-75.605,0.837],[-75.538,0.826],[-75.484,0.783],[-75.423,0.738],[-75.338,0.768],[-75.266,0.726],[-75.456,0.495],[-75.772,0.44],[-75.822,0.516],[-75.929,0.583],[-76.046,0.576],[-76.08,0.621],[-76.237,0.661],[-76.232,0.699],[-76.381,0.819],[-76.411,0.868],[-76.463,0.909],[-76.485,1.008],[-76.401,0.98],[-76.213,0.979],[-76.166,1.03],[-76.085,1.058],[-75.976,1.062],[-75.856,0.885],[-75.81,0.896]]]}},{"type":"Feature","properties":{"divipola_mpio":"86573","divipola_dpto":"86","municipio":"PUERTO LEGUÍZAMO","departamento":"PUTUMAYO","area_km2":10906.88},"geometry":{"type":"Polygon","coordinates":[[[-73.841,-0.398],[-74.389,-0.553],[-74.538,-0.463],[-74.576,-0.396],[-74.726,-0.35],[-74.778,-0.209],[-74.855,-0.243],[-74.928,-0.229],[-75.069,-0.095],[-75.202,-0.045],[-75.276,-0.127],[-75.392,-0.102],[-75.57,-0.03],[-75.633,0.045],[-75.74,0.032],[-75.822,0.083],[-75.955,0.202],[-76.01,0.298],[-76.054,0.328],[-76.122,0.319],[-76.145,0.375],[-75.772,0.44],[-75.456,0.495],[-75.266,0.726],[-75.271,0.661],[-75.207,0.602],[-75.235,0.566],[-75.196,0.479],[-75.033,0.484],[-74.983,0.412],[-75.015,0.386],[-74.965,0.245],[-74.893,0.249],[-74.845,0.214],[-74.737,0.209],[-74.678,0.161],[-74.662,0.054],[-74.704,0.037],[-74.541,-0.121],[-74.44,-0.075],[-74.412,-0.118],[-74.352,-0.107],[-74.29,-0.198],[-74.157,-0.261],[-74.109,-0.236],[-73.999,-0.344],[-73.88,-0.371],[-73.841,-0.398]]]}},{"type":"Feature","properties":{"divipola_mpio":"52683","divipola_dpto":"52","municipio":"SANDONÁ","departamento":"NARIÑO","area_km2":101.61},"geometry":{"type":"Polygon","coordinates":[[[-77.467,1.363],[-77.452,1.307],[-77.375,1.23],[-77.506,1.264],[-77.504,1.317],[-77.48,1.369],[-77.467,1.363]]]}},{"type":"Feature","properties":{"divipola_mpio":"52685","divipola_dpto":"52","municipio":"SAN BERNARDO","departamento":"NARIÑO","area_km2":65.16},"geometry":{"type":"Polygon","coordinates":[[[-76.932,1.501],[-77.019,1.496],[-77.072,1.515],[-77.063,1.554],[-77.012,1.572],[-76.932,1.501]]]}},{"type":"Feature","properties":{"divipola_mpio":"52687","divipola_dpto":"52","municipio":"SAN LORENZO","departamento":"NARIÑO","area_km2":249.14},"geometry":{"type":"Polygon","coordinates":[[[-77.238,1.658],[-77.178,1.611],[-77.148,1.53],[-77.145,1.528],[-77.184,1.448],[-77.236,1.452],[-77.302,1.518],[-77.259,1.544],[-77.27,1.663],[-77.238,1.658]]]}},{"type":"Feature","properties":{"divipola_mpio":"52560","divipola_dpto":"52","municipio":"POTOSÍ","departamento":"NARIÑO","area_km2":388.3},"geometry":{"type":"Polygon","coordinates":[[[-77.187,0.63],[-77.386,0.627],[-77.461,0.743],[-77.516,0.756],[-77.593,0.725],[-77.638,0.74],[-77.558,0.841],[-77.419,0.782],[-77.336,0.701],[-77.264,0.696],[-77.187,0.63]]]}},{"type":"Feature","properties":{"divipola_mpio":"52693","divipola_dpto":"52","municipio":"SAN PABLO","departamento":"NARIÑO","area_km2":111.86},"geometry":{"type":"Polygon","coordinates":[[[-76.9,1.662],[-76.985,1.657],[-77.069,1.665],[-77.07,1.674],[-77.026,1.714],[-76.936,1.729],[-76.9,1.662]]]}},{"type":"Feature","properties":{"divipola_mpio":"52565","divipola_dpto":"52","municipio":"PROVIDENCIA","departamento":"NARIÑO","area_km2":39.95},"geometry":{"type":"Polygon","coordinates":[[[-77.574,1.189],[-77.578,1.171],[-77.622,1.222],[-77.615,1.29],[-77.614,1.297],[-77.574,1.189]]]}},{"type":"Feature","properties":{"divipola_mpio":"52694","divipola_dpto":"52","municipio":"SAN PEDRO DE CARTAGO","departamento":"NARIÑO","area_km2":55.65},"geometry":{"type":"Polygon","coordinates":[[[-77.063,1.554],[-77.072,1.515],[-77.081,1.487],[-77.145,1.528],[-77.148,1.53],[-77.063,1.554]]]}},{"type":"Feature","properties":{"divipola_mpio":"52573","divipola_dpto":"52","municipio":"PUERRES","departamento":"NARIÑO","area_km2":350.14},"geometry":{"type":"Polygon","coordinates":[[[-77.16,0.743],[-77.177,0.671],[-77.228,0.728],[-77.406,0.849],[-77.487,0.842],[-77.542,0.892],[-77.538,0.896],[-77.48,0.928],[-77.436,0.886],[-77.23,0.886],[-77.211,0.787],[-77.16,0.743]]]}},{"type":"Feature","properties":{"divipola_mpio":"52699","divipola_dpto":"52","municipio":"SANTACRUZ","departamento":"NARIÑO","area_km2":540.63},"geometry":{"type":"Polygon","coordinates":[[[-77.614,1.297],[-77.615,1.29],[-77.652,1.248],[-77.662,1.155],[-77.7,1.094],[-77.722,1.098],[-77.794,1.228],[-77.856,1.282],[-77.846,1.379],[-77.84,1.463],[-77.761,1.394],[-77.646,1.337],[-77.614,1.297]]]}},{"type":"Feature","properties":{"divipola_mpio":"52585","divipola_dpto":"52","municipio":"PUPIALES","departamento":"NARIÑO","area_km2":129.66},"geometry":{"type":"Polygon","coordinates":[[[-77.596,0.992],[-77.589,0.975],[-77.57,0.896],[-77.615,0.856],[-77.673,0.866],[-77.676,0.964],[-77.614,0.995],[-77.596,0.992]]]}},{"type":"Feature","properties":{"divipola_mpio":"52678","divipola_dpto":"52","municipio":"SAMANIEGO","departamento":"NARIÑO","area_km2":605.04},"geometry":{"type":"Polygon","coordinates":[[[-77.55,1.434],[-77.571,1.357],[-77.538,1.305],[-77.569,1.208],[-77.574,1.189],[-77.614,1.297],[-77.646,1.337],[-77.761,1.394],[-77.84,1.463],[-77.875,1.489],[-77.843,1.595],[-77.738,1.51],[-77.645,1.529],[-77.578,1.43],[-77.55,1.434]]]}},{"type":"Feature","properties":{"divipola_mpio":"52207","divipola_dpto":"52","municipio":"CONSACÁ","departamento":"NARIÑO","area_km2":119.35},"geometry":{"type":"Polygon","coordinates":[[[-77.375,1.23],[-77.359,1.222],[-77.362,1.202],[-77.379,1.192],[-77.479,1.156],[-77.501,1.219],[-77.506,1.264],[-77.375,1.23]]]}},{"type":"Feature","properties":{"divipola_mpio":"52210","divipola_dpto":"52","municipio":"CONTADERO","departamento":"NARIÑO","area_km2":43.21},"geometry":{"type":"Polygon","coordinates":[[[-77.471,0.949],[-77.48,0.928],[-77.538,0.896],[-77.551,0.903],[-77.576,0.956],[-77.471,0.949]]]}},{"type":"Feature","properties":{"divipola_mpio":"52215","divipola_dpto":"52","municipio":"CÓRDOBA","departamento":"NARIÑO","area_km2":304.63},"geometry":{"type":"Polygon","coordinates":[[[-77.542,0.892],[-77.487,0.842],[-77.406,0.849],[-77.228,0.728],[-77.177,0.671],[-77.187,0.63],[-77.264,0.696],[-77.336,0.701],[-77.419,0.782],[-77.558,0.841],[-77.542,0.892]]]}},{"type":"Feature","properties":{"divipola_mpio":"52001","divipola_dpto":"52","municipio":"PASTO","departamento":"NARIÑO","area_km2":1099.41},"geometry":{"type":"Polygon","coordinates":[[[-77.31,1.353],[-77.249,1.289],[-77.236,1.259],[-77.089,1.182],[-77.084,1.062],[-77.04,1.039],[-77.047,0.979],[-77.073,0.943],[-77.117,0.901],[-77.139,0.821],[-77.207,0.901],[-77.318,0.961],[-77.293,1.044],[-77.305,1.124],[-77.362,1.202],[-77.359,1.222],[-77.329,1.301],[-77.375,1.306],[-77.31,1.353]]]}},{"type":"Feature","properties":{"divipola_mpio":"52019","divipola_dpto":"52","municipio":"ALBÁN","departamento":"NARIÑO","area_km2":38.61},"geometry":{"type":"Polygon","coordinates":[[[-77.019,1.496],[-77.105,1.436],[-77.111,1.444],[-77.081,1.487],[-77.072,1.515],[-77.019,1.496]]]}},{"type":"Feature","properties":{"divipola_mpio":"52022","divipola_dpto":"52","municipio":"ALDANA","departamento":"NARIÑO","area_km2":47.64},"geometry":{"type":"Polygon","coordinates":[[[-77.676,0.964],[-77.673,0.866],[-77.685,0.837],[-77.725,0.909],[-77.676,0.964]]]}},{"type":"Feature","properties":{"divipola_mpio":"52224","divipola_dpto":"52","municipio":"CUASPUD CARLOSAMA","departamento":"NARIÑO","area_km2":57.12},"geometry":{"type":"Polygon","coordinates":[[[-77.725,0.909],[-77.685,0.837],[-77.685,0.829],[-77.758,0.839],[-77.774,0.918],[-77.725,0.909]]]}},{"type":"Feature","properties":{"divipola_mpio":"52036","divipola_dpto":"52","municipio":"ANCUYA","departamento":"NARIÑO","area_km2":68.91},"geometry":{"type":"Polygon","coordinates":[[[-77.504,1.317],[-77.506,1.264],[-77.501,1.219],[-77.569,1.208],[-77.538,1.305],[-77.504,1.317]]]}},{"type":"Feature","properties":{"divipola_mpio":"52051","divipola_dpto":"52","municipio":"ARBOLEDA","departamento":"NARIÑO","area_km2":60.19},"geometry":{"type":"Polygon","coordinates":[[[-77.081,1.487],[-77.111,1.444],[-77.184,1.448],[-77.145,1.528],[-77.081,1.487]]]}},{"type":"Feature","properties":{"divipola_mpio":"52083","divipola_dpto":"52","municipio":"BELÉN","departamento":"NARIÑO","area_km2":41.85},"geometry":{"type":"Polygon","coordinates":[[[-77.014,1.617],[-77.012,1.572],[-77.063,1.554],[-77.079,1.594],[-77.014,1.617]]]}},{"type":"Feature","properties":{"divipola_mpio":"52110","divipola_dpto":"52","municipio":"BUESACO","departamento":"NARIÑO","area_km2":635.96},"geometry":{"type":"Polygon","coordinates":[[[-77.184,1.448],[-77.111,1.444],[-77.105,1.436],[-77.035,1.375],[-76.998,1.3],[-76.933,1.285],[-77.021,1.196],[-77.089,1.182],[-77.236,1.259],[-77.249,1.289],[-77.22,1.369],[-77.236,1.452],[-77.184,1.448]]]}},{"type":"Feature","properties":{"divipola_mpio":"52203","divipola_dpto":"52","municipio":"COLÓN","departamento":"NARIÑO","area_km2":61.75},"geometry":{"type":"Polygon","coordinates":[[[-76.985,1.657],[-77.014,1.617],[-77.079,1.594],[-77.069,1.665],[-76.985,1.657]]]}},{"type":"Feature","properties":{"divipola_mpio":"52480","divipola_dpto":"52","municipio":"NARIÑO","departamento":"NARIÑO","area_km2":25.31},"geometry":{"type":"Polygon","coordinates":[[[-77.359,1.222],[-77.375,1.306],[-77.329,1.301],[-77.359,1.222]]]}},{"type":"Feature","properties":{"divipola_mpio":"52506","divipola_dpto":"52","municipio":"OSPINA","departamento":"NARIÑO","area_km2":64.84},"geometry":{"type":"Polygon","coordinates":[[[-77.496,1.025],[-77.596,0.992],[-77.581,1.056],[-77.559,1.072],[-77.496,1.025]]]}},{"type":"Feature","properties":{"divipola_mpio":"52720","divipola_dpto":"52","municipio":"SAPUYES","departamento":"NARIÑO","area_km2":115.55},"geometry":{"type":"Polygon","coordinates":[[[-77.7,1.094],[-77.643,1.037],[-77.581,1.056],[-77.596,0.992],[-77.614,0.995],[-77.706,0.985],[-77.764,1.039],[-77.722,1.098],[-77.7,1.094]]]}},{"type":"Feature","properties":{"divipola_mpio":"52786","divipola_dpto":"52","municipio":"TAMINANGO","departamento":"NARIÑO","area_km2":234.66},"geometry":{"type":"Polygon","coordinates":[[[-77.27,1.663],[-77.259,1.544],[-77.302,1.518],[-77.323,1.501],[-77.385,1.528],[-77.396,1.606],[-77.354,1.669],[-77.33,1.682],[-77.27,1.663]]]}},{"type":"Feature","properties":{"divipola_mpio":"52788","divipola_dpto":"52","municipio":"TANGUA","departamento":"NARIÑO","area_km2":217.96},"geometry":{"type":"Polygon","coordinates":[[[-77.318,0.961],[-77.428,1.054],[-77.364,1.136],[-77.379,1.192],[-77.362,1.202],[-77.305,1.124],[-77.293,1.044],[-77.318,0.961]]]}},{"type":"Feature","properties":{"divipola_mpio":"52240","divipola_dpto":"52","municipio":"CHACHAGÜÍ","departamento":"NARIÑO","area_km2":146.27},"geometry":{"type":"Polygon","coordinates":[[[-77.302,1.518],[-77.236,1.452],[-77.22,1.369],[-77.249,1.289],[-77.31,1.353],[-77.298,1.422],[-77.323,1.501],[-77.302,1.518]]]}},{"type":"Feature","properties":{"divipola_mpio":"52254","divipola_dpto":"52","municipio":"EL PEÑOL","departamento":"NARIÑO","area_km2":119.86},"geometry":{"type":"Polygon","coordinates":[[[-77.385,1.528],[-77.43,1.444],[-77.483,1.455],[-77.474,1.506],[-77.446,1.587],[-77.396,1.606],[-77.385,1.528]]]}},{"type":"Feature","properties":{"divipola_mpio":"52258","divipola_dpto":"52","municipio":"EL TABLÓN DE GÓMEZ","departamento":"NARIÑO","area_km2":306.9},"geometry":{"type":"Polygon","coordinates":[[[-76.932,1.501],[-76.928,1.501],[-76.921,1.346],[-76.904,1.321],[-76.933,1.285],[-76.998,1.3],[-77.035,1.375],[-77.105,1.436],[-77.019,1.496],[-76.932,1.501]]]}},{"type":"Feature","properties":{"divipola_mpio":"52838","divipola_dpto":"52","municipio":"TÚQUERRES","departamento":"NARIÑO","area_km2":216.27},"geometry":{"type":"Polygon","coordinates":[[[-77.578,1.171],[-77.57,1.093],[-77.559,1.072],[-77.581,1.056],[-77.643,1.037],[-77.7,1.094],[-77.662,1.155],[-77.652,1.248],[-77.615,1.29],[-77.622,1.222],[-77.578,1.171]]]}},{"type":"Feature","properties":{"divipola_mpio":"52411","divipola_dpto":"52","municipio":"LINARES","departamento":"NARIÑO","area_km2":135.66},"geometry":{"type":"Polygon","coordinates":[[[-77.483,1.455],[-77.48,1.369],[-77.504,1.317],[-77.538,1.305],[-77.571,1.357],[-77.55,1.434],[-77.534,1.448],[-77.474,1.506],[-77.483,1.455]]]}},{"type":"Feature","properties":{"divipola_mpio":"52885","divipola_dpto":"52","municipio":"YACUANQUER","departamento":"NARIÑO","area_km2":102.74},"geometry":{"type":"Polygon","coordinates":[[[-77.428,1.054],[-77.447,1.056],[-77.478,1.118],[-77.479,1.156],[-77.379,1.192],[-77.364,1.136],[-77.428,1.054]]]}},{"type":"Feature","properties":{"divipola_mpio":"52435","divipola_dpto":"52","municipio":"MALLAMA","departamento":"NARIÑO","area_km2":569.05},"geometry":{"type":"Polygon","coordinates":[[[-77.722,1.098],[-77.764,1.039],[-77.799,0.999],[-77.916,1.078],[-77.977,1.199],[-77.927,1.241],[-77.846,1.379],[-77.856,1.282],[-77.794,1.228],[-77.722,1.098]]]}},{"type":"Feature","properties":{"divipola_mpio":"52378","divipola_dpto":"52","municipio":"LA CRUZ","departamento":"NARIÑO","area_km2":238.85},"geometry":{"type":"Polygon","coordinates":[[[-76.852,1.636],[-76.859,1.523],[-76.928,1.501],[-76.932,1.501],[-77.012,1.572],[-77.014,1.617],[-76.985,1.657],[-76.9,1.662],[-76.852,1.636]]]}},{"type":"Feature","properties":{"divipola_mpio":"52381","divipola_dpto":"52","municipio":"LA FLORIDA","departamento":"NARIÑO","area_km2":136.31},"geometry":{"type":"Polygon","coordinates":[[[-77.31,1.353],[-77.375,1.306],[-77.359,1.222],[-77.375,1.23],[-77.452,1.307],[-77.467,1.363],[-77.401,1.332],[-77.298,1.422],[-77.31,1.353]]]}},{"type":"Feature","properties":{"divipola_mpio":"52260","divipola_dpto":"52","municipio":"EL TAMBO","departamento":"NARIÑO","area_km2":247.35},"geometry":{"type":"Polygon","coordinates":[[[-77.323,1.501],[-77.298,1.422],[-77.401,1.332],[-77.467,1.363],[-77.48,1.369],[-77.483,1.455],[-77.43,1.444],[-77.385,1.528],[-77.323,1.501]]]}},{"type":"Feature","properties":{"divipola_mpio":"52287","divipola_dpto":"52","municipio":"FUNES","departamento":"NARIÑO","area_km2":394.76},"geometry":{"type":"Polygon","coordinates":[[[-77.428,1.054],[-77.318,0.961],[-77.207,0.901],[-77.139,0.821],[-77.16,0.743],[-77.211,0.787],[-77.23,0.886],[-77.436,0.886],[-77.48,0.928],[-77.471,0.949],[-77.474,1.022],[-77.447,1.056],[-77.428,1.054]]]}},{"type":"Feature","properties":{"divipola_mpio":"52317","divipola_dpto":"52","municipio":"GUACHUCAL","departamento":"NARIÑO","area_km2":155.67},"geometry":{"type":"Polygon","coordinates":[[[-77.614,0.995],[-77.676,0.964],[-77.725,0.909],[-77.774,0.918],[-77.799,0.999],[-77.764,1.039],[-77.706,0.985],[-77.614,0.995]]]}},{"type":"Feature","properties":{"divipola_mpio":"52399","divipola_dpto":"52","municipio":"LA UNIÓN","departamento":"NARIÑO","area_km2":142.15},"geometry":{"type":"Polygon","coordinates":[[[-77.144,1.678],[-77.07,1.674],[-77.069,1.665],[-77.079,1.594],[-77.063,1.554],[-77.148,1.53],[-77.178,1.611],[-77.238,1.658],[-77.144,1.678]]]}},{"type":"Feature","properties":{"divipola_mpio":"52320","divipola_dpto":"52","municipio":"GUAITARILLA","departamento":"NARIÑO","area_km2":116.74},"geometry":{"type":"Polygon","coordinates":[[[-77.479,1.156],[-77.478,1.118],[-77.57,1.093],[-77.578,1.171],[-77.574,1.189],[-77.569,1.208],[-77.501,1.219],[-77.479,1.156]]]}},{"type":"Feature","properties":{"divipola_mpio":"52405","divipola_dpto":"52","municipio":"LEIVA","departamento":"NARIÑO","area_km2":310.42},"geometry":{"type":"Polygon","coordinates":[[[-77.203,1.952],[-77.294,1.831],[-77.411,1.889],[-77.396,1.983],[-77.31,1.968],[-77.352,2.053],[-77.309,2.125],[-77.332,2.05],[-77.203,1.952]]]}},{"type":"Feature","properties":{"divipola_mpio":"52323","divipola_dpto":"52","municipio":"GUALMATÁN","departamento":"NARIÑO","area_km2":29.96},"geometry":{"type":"Polygon","coordinates":[[[-77.576,0.956],[-77.551,0.903],[-77.57,0.896],[-77.589,0.975],[-77.576,0.956]]]}},{"type":"Feature","properties":{"divipola_mpio":"52352","divipola_dpto":"52","municipio":"ILES","departamento":"NARIÑO","area_km2":80.53},"geometry":{"type":"Polygon","coordinates":[[[-77.474,1.022],[-77.471,0.949],[-77.576,0.956],[-77.589,0.975],[-77.596,0.992],[-77.496,1.025],[-77.474,1.022]]]}},{"type":"Feature","properties":{"divipola_mpio":"52354","divipola_dpto":"52","municipio":"IMUÉS","departamento":"NARIÑO","area_km2":81.73},"geometry":{"type":"Polygon","coordinates":[[[-77.447,1.056],[-77.474,1.022],[-77.496,1.025],[-77.559,1.072],[-77.57,1.093],[-77.478,1.118],[-77.447,1.056]]]}},{"type":"Feature","properties":{"divipola_mpio":"52356","divipola_dpto":"52","municipio":"IPIALES","departamento":"NARIÑO","area_km2":1571.75},"geometry":{"type":"Polygon","coordinates":[[[-77.538,0.896],[-77.542,0.892],[-77.558,0.841],[-77.638,0.74],[-77.593,0.725],[-77.516,0.756],[-77.461,0.743],[-77.386,0.627],[-77.187,0.63],[-77.128,0.602],[-77.13,0.525],[-77.09,0.42],[-77.113,0.373],[-77.297,0.365],[-77.325,0.388],[-77.523,0.416],[-77.522,0.531],[-77.485,0.656],[-77.564,0.652],[-77.697,0.754],[-77.685,0.829],[-77.685,0.837],[-77.673,0.866],[-77.615,0.856],[-77.57,0.896],[-77.551,0.903],[-77.538,0.896]]]}},{"type":"Feature","properties":{"divipola_mpio":"52227","divipola_dpto":"52","municipio":"CUMBAL","departamento":"NARIÑO","area_km2":915.33},"geometry":{"type":"Polygon","coordinates":[[[-77.799,0.999],[-77.774,0.918],[-77.758,0.839],[-77.867,0.801],[-77.965,0.824],[-78.034,0.88],[-78.197,0.949],[-78.209,1.005],[-77.916,1.078],[-77.799,0.999]]]}},{"type":"Feature","properties":{"divipola_mpio":"52233","divipola_dpto":"52","municipio":"CUMBITARA","departamento":"NARIÑO","area_km2":355.17},"geometry":{"type":"Polygon","coordinates":[[[-77.609,1.872],[-77.596,1.761],[-77.529,1.741],[-77.48,1.602],[-77.6,1.601],[-77.611,1.667],[-77.659,1.701],[-77.653,1.8],[-77.713,1.815],[-77.681,1.896],[-77.671,1.903],[-77.609,1.872]]]}},{"type":"Feature","properties":{"divipola_mpio":"52256","divipola_dpto":"52","municipio":"EL ROSARIO","departamento":"NARIÑO","area_km2":520.29},"geometry":{"type":"Polygon","coordinates":[[[-77.396,1.983],[-77.411,1.889],[-77.294,1.831],[-77.294,1.766],[-77.33,1.682],[-77.354,1.669],[-77.441,1.809],[-77.609,1.872],[-77.671,1.903],[-77.602,1.941],[-77.514,1.907],[-77.494,1.958],[-77.396,1.983]]]}},{"type":"Feature","properties":{"divipola_mpio":"52385","divipola_dpto":"52","municipio":"LA LLANADA","departamento":"NARIÑO","area_km2":245.0},"geometry":{"type":"Polygon","coordinates":[[[-77.534,1.448],[-77.55,1.434],[-77.578,1.43],[-77.645,1.529],[-77.738,1.51],[-77.843,1.595],[-77.865,1.617],[-77.829,1.662],[-77.673,1.545],[-77.598,1.579],[-77.592,1.514],[-77.534,1.448]]]}},{"type":"Feature","properties":{"divipola_mpio":"52418","divipola_dpto":"52","municipio":"LOS ANDES","departamento":"NARIÑO","area_km2":956.87},"geometry":{"type":"Polygon","coordinates":[[[-77.713,1.815],[-77.653,1.8],[-77.659,1.701],[-77.611,1.667],[-77.6,1.601],[-77.48,1.602],[-77.446,1.587],[-77.474,1.506],[-77.534,1.448],[-77.592,1.514],[-77.598,1.579],[-77.673,1.545],[-77.829,1.662],[-77.865,1.617],[-77.924,1.668],[-77.875,1.803],[-77.796,1.854],[-77.734,1.867],[-77.713,1.815]]]}},{"type":"Feature","properties":{"divipola_mpio":"52540","divipola_dpto":"52","municipio":"POLICARPA","departamento":"NARIÑO","area_km2":434.34},"geometry":{"type":"Polygon","coordinates":[[[-77.354,1.669],[-77.396,1.606],[-77.446,1.587],[-77.48,1.602],[-77.529,1.741],[-77.596,1.761],[-77.609,1.872],[-77.441,1.809],[-77.354,1.669]]]}},{"type":"Feature","properties":{"divipola_mpio":"52612","divipola_dpto":"52","municipio":"RICAURTE","departamento":"NARIÑO","area_km2":1055.73},"geometry":{"type":"Polygon","coordinates":[[[-77.916,1.078],[-78.209,1.005],[-78.27,1.047],[-78.291,1.139],[-78.107,1.207],[-78.029,1.25],[-78.05,1.378],[-78.009,1.426],[-77.921,1.401],[-77.875,1.489],[-77.84,1.463],[-77.846,1.379],[-77.927,1.241],[-77.977,1.199],[-77.916,1.078]]]}},{"type":"Feature","properties":{"divipola_mpio":"52079","divipola_dpto":"52","municipio":"BARBACOAS","departamento":"NARIÑO","area_km2":2732.93},"geometry":{"type":"Polygon","coordinates":[[[-77.865,1.617],[-77.843,1.595],[-77.875,1.489],[-77.921,1.401],[-78.009,1.426],[-78.05,1.378],[-78.029,1.25],[-78.107,1.207],[-78.291,1.139],[-78.314,1.191],[-78.418,1.16],[-78.51,1.189],[-78.487,1.341],[-78.466,1.384],[-78.37,1.413],[-78.263,1.39],[-78.269,1.548],[-78.257,1.628],[-78.233,1.731],[-78.205,1.701],[-78.072,1.735],[-78.008,1.726],[-77.952,1.779],[-77.796,1.854],[-77.875,1.803],[-77.924,1.668],[-77.865,1.617]]]}},{"type":"Feature","properties":{"divipola_mpio":"52250","divipola_dpto":"52","municipio":"EL CHARCO","departamento":"NARIÑO","area_km2":2490.67},"geometry":{"type":"Polygon","coordinates":[[[-78.113,2.643],[-78.052,2.434],[-77.949,2.298],[-77.915,2.226],[-77.941,2.161],[-77.828,2.045],[-77.724,1.991],[-77.654,2.024],[-77.583,2.025],[-77.599,2.167],[-77.554,2.202],[-77.488,2.195],[-77.46,2.286],[-77.375,2.264],[-77.323,2.222],[-77.305,2.145],[-77.309,2.125],[-77.352,2.053],[-77.31,1.968],[-77.396,1.983],[-77.494,1.958],[-77.514,1.907],[-77.602,1.941],[-77.671,1.903],[-77.681,1.896],[-77.7,1.916],[-77.831,1.923],[-77.904,2.084],[-78.091,2.077],[-78.183,2.11],[-78.159,2.425],[-78.187,2.594],[-78.225,2.667],[-78.143,2.681],[-78.113,2.643]]]}},{"type":"Feature","properties":{"divipola_mpio":"52390","divipola_dpto":"52","municipio":"LA TOLA","departamento":"NARIÑO","area_km2":415.91},"geometry":{"type":"Polygon","coordinates":[[[-78.183,2.11],[-78.208,2.035],[-78.217,2.367],[-78.199,2.425],[-78.31,2.658],[-78.225,2.667],[-78.187,2.594],[-78.159,2.425],[-78.183,2.11]]]}},{"type":"Feature","properties":{"divipola_mpio":"52427","divipola_dpto":"52","municipio":"MAGÜÍ","departamento":"NARIÑO","area_km2":1808.1},"geometry":{"type":"Polygon","coordinates":[[[-77.681,1.896],[-77.713,1.815],[-77.734,1.867],[-77.796,1.854],[-77.952,1.779],[-78.008,1.726],[-78.072,1.735],[-78.205,1.701],[-78.233,1.731],[-78.261,1.766],[-78.276,1.897],[-78.271,2.017],[-78.208,2.035],[-78.183,2.11],[-78.091,2.077],[-77.904,2.084],[-77.831,1.923],[-77.7,1.916],[-77.681,1.896]]]}},{"type":"Feature","properties":{"divipola_mpio":"52473","divipola_dpto":"52","municipio":"MOSQUERA","departamento":"NARIÑO","area_km2":768.05},"geometry":{"type":"Polygon","coordinates":[[[-78.326,2.657],[-78.306,2.539],[-78.426,2.273],[-78.385,2.193],[-78.47,2.25],[-78.5,2.278],[-78.559,2.319],[-78.564,2.433],[-78.55,2.492],[-78.326,2.657]]]}},{"type":"Feature","properties":{"divipola_mpio":"52490","divipola_dpto":"52","municipio":"OLAYA HERRERA","departamento":"NARIÑO","area_km2":1003.12},"geometry":{"type":"Polygon","coordinates":[[[-78.208,2.035],[-78.271,2.017],[-78.351,2.088],[-78.385,2.193],[-78.426,2.273],[-78.306,2.539],[-78.326,2.657],[-78.31,2.658],[-78.199,2.425],[-78.217,2.367],[-78.208,2.035]]]}},{"type":"Feature","properties":{"divipola_mpio":"52520","divipola_dpto":"52","municipio":"FRANCISCO PIZARRO","departamento":"NARIÑO","area_km2":525.18},"geometry":{"type":"Polygon","coordinates":[[[-78.47,2.25],[-78.53,2.131],[-78.517,2.035],[-78.552,1.898],[-78.587,1.973],[-78.672,2.031],[-78.713,2.165],[-78.701,2.214],[-78.626,2.187],[-78.556,2.193],[-78.5,2.278],[-78.47,2.25]]]}},{"type":"Feature","properties":{"divipola_mpio":"52621","divipola_dpto":"52","municipio":"ROBERTO PAYÁN","departamento":"NARIÑO","area_km2":1457.72},"geometry":{"type":"Polygon","coordinates":[[[-78.385,2.193],[-78.351,2.088],[-78.271,2.017],[-78.276,1.897],[-78.261,1.766],[-78.233,1.731],[-78.257,1.628],[-78.329,1.565],[-78.397,1.727],[-78.471,1.787],[-78.467,1.907],[-78.534,1.97],[-78.517,2.035],[-78.53,2.131],[-78.47,2.25],[-78.385,2.193]]]}},{"type":"Feature","properties":{"divipola_mpio":"52696","divipola_dpto":"52","municipio":"SANTA BÁRBARA","departamento":"NARIÑO","area_km2":1224.58},"geometry":{"type":"Polygon","coordinates":[[[-77.929,2.641],[-77.917,2.412],[-77.848,2.26],[-77.835,2.176],[-77.734,2.134],[-77.599,2.167],[-77.583,2.025],[-77.654,2.024],[-77.724,1.991],[-77.828,2.045],[-77.941,2.161],[-77.915,2.226],[-77.949,2.298],[-78.052,2.434],[-78.113,2.643],[-78.058,2.617],[-77.973,2.661],[-77.929,2.641]]]}},{"type":"Feature","properties":{"divipola_mpio":"94001","divipola_dpto":"94","municipio":"INÍRIDA","departamento":"GUAINÍA","area_km2":15970.2},"geometry":{"type":"Polygon","coordinates":[[[-67.582,3.753],[-67.538,3.675],[-67.559,3.615],[-67.658,3.536],[-67.767,3.473],[-67.846,3.389],[-67.84,3.257],[-67.79,3.232],[-67.779,3.148],[-67.873,3.139],[-68.059,3.085],[-68.152,3.09],[-68.173,2.987],[-68.329,3.019],[-68.452,2.972],[-68.517,2.906],[-68.913,2.685],[-69.045,2.595],[-69.111,2.604],[-69.16,2.496],[-69.177,2.363],[-69.188,2.363],[-69.356,2.771],[-69.418,2.868],[-69.388,2.998],[-69.28,3.095],[-69.157,3.16],[-69.126,3.21],[-69.047,3.186],[-68.979,3.206],[-68.907,3.277],[-68.809,3.341],[-68.521,3.445],[-68.484,3.51],[-68.55,3.548],[-68.686,3.541],[-68.838,3.671],[-68.753,3.784],[-68.709,3.768],[-68.589,3.777],[-68.574,3.811],[-68.454,3.838],[-68.421,3.926],[-68.347,3.924],[-68.314,3.978],[-68.232,3.973],[-68.043,4.012],[-67.879,3.918],[-67.819,3.979],[-67.708,4.045],[-67.692,3.936],[-67.613,3.755],[-67.582,3.753]]]}},{"type":"Feature","properties":{"divipola_mpio":"94343","divipola_dpto":"94","municipio":"BARRANCOMINAS","departamento":"GUAINÍA","area_km2":9467.77},"geometry":{"type":"Polygon","coordinates":[[[-68.838,3.671],[-68.686,3.541],[-68.55,3.548],[-68.484,3.51],[-68.521,3.445],[-68.809,3.341],[-68.907,3.277],[-68.979,3.206],[-69.047,3.186],[-69.126,3.21],[-69.157,3.16],[-69.28,3.095],[-69.388,2.998],[-69.418,2.868],[-69.519,2.885],[-69.583,2.853],[-69.713,2.861],[-69.772,2.783],[-69.754,2.719],[-69.876,2.697],[-69.876,2.9],[-69.979,3.153],[-70.054,3.397],[-69.998,3.373],[-69.874,3.433],[-69.872,3.536],[-69.776,3.566],[-69.691,3.544],[-69.579,3.604],[-69.56,3.678],[-69.424,3.667],[-69.32,3.696],[-69.128,3.673],[-69.056,3.639],[-69.012,3.682],[-68.851,3.699],[-68.838,3.671]]]}},{"type":"Feature","properties":{"divipola_mpio":"94663","divipola_dpto":"94","municipio":"MAPIRIPANA","departamento":"GUAINÍA","area_km2":4927.91},"geometry":{"type":"Polygon","coordinates":[[[-70.054,3.397],[-69.979,3.153],[-69.876,2.9],[-69.876,2.697],[-69.998,2.692],[-69.998,2.533],[-70.096,2.519],[-70.242,2.595],[-70.313,2.565],[-70.382,2.605],[-70.455,2.476],[-70.585,2.529],[-70.587,2.466],[-70.635,2.348],[-70.707,2.472],[-70.766,2.539],[-70.848,2.568],[-70.917,2.56],[-70.942,2.606],[-70.502,2.788],[-70.351,2.86],[-70.356,2.904],[-70.28,2.935],[-70.256,3.039],[-70.284,3.129],[-70.247,3.176],[-70.128,3.204],[-70.158,3.282],[-70.112,3.386],[-70.054,3.397]]]}},{"type":"Feature","properties":{"divipola_mpio":"94883","divipola_dpto":"94","municipio":"SAN FELIPE","departamento":"GUAINÍA","area_km2":2926.37},"geometry":{"type":"Polygon","coordinates":[[[-67.336,2.501],[-67.298,2.443],[-67.188,2.351],[-67.221,2.25],[-67.162,2.133],[-67.114,2.134],[-67.097,2.051],[-67.123,1.98],[-67.072,1.934],[-67.034,1.787],[-66.986,1.686],[-67.144,1.605],[-67.134,1.796],[-67.2,1.851],[-67.227,1.912],[-67.303,1.901],[-67.347,1.985],[-67.357,2.112],[-67.33,2.146],[-67.369,2.216],[-67.418,2.221],[-67.45,2.169],[-67.511,2.164],[-67.587,2.122],[-67.602,2.043],[-67.677,2.009],[-67.632,2.262],[-67.677,2.331],[-67.666,2.459],[-67.627,2.474],[-67.538,2.446],[-67.336,2.501]]]}},{"type":"Feature","properties":{"divipola_mpio":"94884","divipola_dpto":"94","municipio":"PUERTO COLOMBIA","departamento":"GUAINÍA","area_km2":15700.71},"geometry":{"type":"Polygon","coordinates":[[[-67.516,3.175],[-67.862,2.865],[-67.822,2.827],[-67.658,2.797],[-67.621,2.814],[-67.562,2.721],[-67.569,2.668],[-67.486,2.667],[-67.471,2.625],[-67.391,2.571],[-67.336,2.501],[-67.538,2.446],[-67.627,2.474],[-67.666,2.459],[-67.677,2.331],[-67.632,2.262],[-67.677,2.009],[-67.775,2.012],[-67.884,1.895],[-67.908,1.804],[-68.103,1.908],[-68.145,1.973],[-68.217,1.965],[-68.255,2.022],[-68.225,2.104],[-68.271,2.177],[-68.324,2.097],[-68.564,2.065],[-68.763,2.12],[-68.823,2.081],[-68.85,2.129],[-68.828,2.264],[-68.782,2.273],[-68.739,2.335],[-68.799,2.425],[-68.989,2.39],[-69.06,2.327],[-69.177,2.363],[-69.16,2.496],[-69.111,2.604],[-69.045,2.595],[-68.913,2.685],[-68.517,2.906],[-68.452,2.972],[-68.329,3.019],[-68.173,2.987],[-68.152,3.09],[-68.059,3.085],[-67.873,3.139],[-67.779,3.148],[-67.707,3.132],[-67.516,3.175]]]}},{"type":"Feature","properties":{"divipola_mpio":"94885","divipola_dpto":"94","municipio":"LA GUADALUPE","departamento":"GUAINÍA","area_km2":1178.87},"geometry":{"type":"Polygon","coordinates":[[[-67.144,1.605],[-66.986,1.686],[-66.964,1.597],[-66.921,1.532],[-66.912,1.427],[-66.856,1.369],[-66.881,1.29],[-66.857,1.228],[-67.089,1.166],[-67.101,1.26],[-67.156,1.317],[-67.075,1.373],[-67.079,1.473],[-67.113,1.595],[-67.144,1.605]]]}},{"type":"Feature","properties":{"divipola_mpio":"94886","divipola_dpto":"94","municipio":"CACAHUAL","departamento":"GUAINÍA","area_km2":2335.32},"geometry":{"type":"Polygon","coordinates":[[[-67.516,3.175],[-67.707,3.132],[-67.779,3.148],[-67.79,3.232],[-67.84,3.257],[-67.846,3.389],[-67.767,3.473],[-67.658,3.536],[-67.559,3.615],[-67.538,3.675],[-67.582,3.753],[-67.501,3.768],[-67.439,3.64],[-67.444,3.585],[-67.402,3.48],[-67.34,3.451],[-67.313,3.394],[-67.335,3.335],[-67.516,3.175]]]}},{"type":"Feature","properties":{"divipola_mpio":"94887","divipola_dpto":"94","municipio":"PANA PANA","departamento":"GUAINÍA","area_km2":10227.15},"geometry":{"type":"Polygon","coordinates":[[[-68.217,1.965],[-68.285,1.836],[-68.232,1.82],[-68.163,1.727],[-68.813,1.727],[-69.394,1.726],[-69.535,1.777],[-69.645,1.73],[-69.745,1.73],[-69.781,1.695],[-69.845,1.714],[-69.869,1.719],[-70.055,1.777],[-70.149,1.867],[-70.164,1.919],[-70.08,1.927],[-70.062,1.983],[-69.937,2.014],[-69.918,1.995],[-69.74,1.973],[-69.672,2.0],[-69.509,2.223],[-69.487,2.33],[-69.422,2.355],[-69.38,2.31],[-69.298,2.319],[-69.188,2.363],[-69.177,2.363],[-69.06,2.327],[-68.989,2.39],[-68.799,2.425],[-68.739,2.335],[-68.782,2.273],[-68.828,2.264],[-68.85,2.129],[-68.823,2.081],[-68.763,2.12],[-68.564,2.065],[-68.324,2.097],[-68.271,2.177],[-68.225,2.104],[-68.255,2.022],[-68.217,1.965]]]}},{"type":"Feature","properties":{"divipola_mpio":"94888","divipola_dpto":"94","municipio":"MORICHAL","departamento":"GUAINÍA","area_km2":8555.06},"geometry":{"type":"Polygon","coordinates":[[[-69.418,2.868],[-69.356,2.771],[-69.188,2.363],[-69.298,2.319],[-69.38,2.31],[-69.422,2.355],[-69.487,2.33],[-69.509,2.223],[-69.672,2.0],[-69.74,1.973],[-69.918,1.995],[-69.937,2.014],[-70.062,1.983],[-70.08,1.927],[-70.164,1.919],[-70.115,1.999],[-70.11,2.081],[-70.101,2.118],[-69.996,2.224],[-70.071,2.291],[-70.189,2.232],[-70.252,2.264],[-70.311,2.208],[-70.427,2.268],[-70.497,2.234],[-70.543,2.28],[-70.63,2.312],[-70.635,2.348],[-70.587,2.466],[-70.585,2.529],[-70.455,2.476],[-70.382,2.605],[-70.313,2.565],[-70.242,2.595],[-70.096,2.519],[-69.998,2.533],[-69.998,2.692],[-69.876,2.697],[-69.754,2.719],[-69.772,2.783],[-69.713,2.861],[-69.583,2.853],[-69.519,2.885],[-69.418,2.868]]]}},{"type":"Feature","properties":{"divipola_mpio":"99624","divipola_dpto":"99","municipio":"SANTA ROSALÍA","departamento":"VICHADA","area_km2":3898.31},"geometry":{"type":"Polygon","coordinates":[[[-70.652,5.374],[-70.198,4.883],[-70.246,4.827],[-70.353,4.748],[-70.417,4.768],[-70.477,4.712],[-70.645,4.773],[-70.691,4.806],[-70.8,4.784],[-70.891,4.817],[-71.0,4.749],[-71.078,4.727],[-71.078,4.899],[-71.002,4.98],[-70.974,5.08],[-70.913,5.141],[-70.865,5.143],[-70.694,5.283],[-70.652,5.374]]]}},{"type":"Feature","properties":{"divipola_mpio":"99001","divipola_dpto":"99","municipio":"PUERTO CARREÑO","departamento":"VICHADA","area_km2":12204.95},"geometry":{"type":"Polygon","coordinates":[[[-67.815,5.343],[-67.851,5.378],[-67.913,5.361],[-67.946,5.307],[-67.995,5.366],[-68.089,5.378],[-68.187,5.436],[-68.301,5.441],[-68.326,5.502],[-68.465,5.525],[-68.477,5.562],[-68.631,5.508],[-68.75,5.392],[-68.816,5.419],[-68.813,6.173],[-68.643,6.129],[-68.597,6.163],[-68.379,6.186],[-68.296,6.166],[-68.258,6.197],[-68.094,6.232],[-68.026,6.197],[-67.925,6.24],[-67.835,6.317],[-67.769,6.295],[-67.615,6.287],[-67.534,6.259],[-67.457,6.189],[-67.494,6.127],[-67.412,6.011],[-67.418,5.982],[-67.524,5.911],[-67.589,5.839],[-67.631,5.733],[-67.637,5.645],[-67.599,5.545],[-67.625,5.477],[-67.815,5.343]]]}},{"type":"Feature","properties":{"divipola_mpio":"99524","divipola_dpto":"99","municipio":"LA PRIMAVERA","departamento":"VICHADA","area_km2":18362.9},"geometry":{"type":"Polygon","coordinates":[[[-68.813,6.173],[-68.816,5.419],[-68.9,5.353],[-69.024,5.326],[-69.095,5.27],[-69.156,5.174],[-69.27,5.192],[-69.395,5.172],[-69.43,5.032],[-69.512,4.983],[-69.565,4.915],[-69.664,4.915],[-69.705,4.884],[-69.805,4.893],[-69.827,4.964],[-69.89,4.964],[-70.062,4.918],[-70.105,4.89],[-70.198,4.883],[-70.652,5.374],[-70.604,5.422],[-70.358,5.587],[-70.264,5.564],[-70.153,5.601],[-70.057,5.702],[-69.848,5.999],[-69.836,6.041],[-69.614,6.036],[-69.536,6.046],[-69.428,6.108],[-69.345,6.145],[-69.31,6.09],[-69.237,6.08],[-69.123,6.192],[-69.044,6.222],[-68.876,6.167],[-68.813,6.173]]]}},{"type":"Feature","properties":{"divipola_mpio":"99773","divipola_dpto":"99","municipio":"CUMARIBO","departamento":"VICHADA","area_km2":65597.21},"geometry":{"type":"Polygon","coordinates":[[[-67.815,5.343],[-67.85,5.304],[-67.823,5.247],[-67.855,5.138],[-67.806,5.055],[-67.838,4.948],[-67.818,4.707],[-67.845,4.645],[-67.857,4.525],[-67.791,4.467],[-67.764,4.361],[-67.806,4.315],[-67.797,4.23],[-67.734,4.123],[-67.708,4.045],[-67.819,3.979],[-67.879,3.918],[-68.043,4.012],[-68.232,3.973],[-68.314,3.978],[-68.347,3.924],[-68.421,3.926],[-68.454,3.838],[-68.574,3.811],[-68.589,3.777],[-68.709,3.768],[-68.753,3.784],[-68.838,3.671],[-68.851,3.699],[-69.012,3.682],[-69.056,3.639],[-69.128,3.673],[-69.32,3.696],[-69.424,3.667],[-69.56,3.678],[-69.579,3.604],[-69.691,3.544],[-69.776,3.566],[-69.872,3.536],[-69.874,3.433],[-69.998,3.373],[-70.054,3.397],[-70.112,3.386],[-70.158,3.282],[-70.128,3.204],[-70.247,3.176],[-70.284,3.129],[-70.256,3.039],[-70.28,2.935],[-70.356,2.904],[-70.351,2.86],[-70.502,2.788],[-70.584,2.84],[-70.721,2.75],[-70.822,2.813],[-70.936,2.788],[-70.959,2.843],[-71.055,2.852],[-71.077,2.883],[-71.078,3.356],[-71.078,3.973],[-71.078,4.727],[-71.0,4.749],[-70.891,4.817],[-70.8,4.784],[-70.691,4.806],[-70.645,4.773],[-70.477,4.712],[-70.417,4.768],[-70.353,4.748],[-70.246,4.827],[-70.198,4.883],[-70.105,4.89],[-70.062,4.918],[-69.89,4.964],[-69.827,4.964],[-69.805,4.893],[-69.705,4.884],[-69.664,4.915],[-69.565,4.915],[-69.512,4.983],[-69.43,5.032],[-69.395,5.172],[-69.27,5.192],[-69.156,5.174],[-69.095,5.27],[-69.024,5.326],[-68.9,5.353],[-68.816,5.419],[-68.75,5.392],[-68.631,5.508],[-68.477,5.562],[-68.465,5.525],[-68.326,5.502],[-68.301,5.441],[-68.187,5.436],[-68.089,5.378],[-67.995,5.366],[-67.946,5.307],[-67.913,5.361],[-67.851,5.378],[-67.815,5.343]]]}},{"type":"Feature","properties":{"divipola_mpio":"85001","divipola_dpto":"85","municipio":"YOPAL","departamento":"CASANARE","area_km2":2482.94},"geometry":{"type":"Polygon","coordinates":[[[-72.301,5.507],[-72.224,5.537],[-72.201,5.43],[-72.098,5.344],[-72.083,5.259],[-71.974,5.068],[-71.982,5.019],[-72.083,4.966],[-72.155,4.904],[-72.304,5.021],[-72.338,5.068],[-72.414,5.239],[-72.504,5.277],[-72.567,5.374],[-72.584,5.383],[-72.502,5.445],[-72.444,5.52],[-72.397,5.57],[-72.301,5.507]]]}},{"type":"Feature","properties":{"divipola_mpio":"85010","divipola_dpto":"85","municipio":"AGUAZUL","departamento":"CASANARE","area_km2":1442.51},"geometry":{"type":"Polygon","coordinates":[[[-72.338,5.068],[-72.34,5.002],[-72.485,4.99],[-72.442,4.907],[-72.447,4.855],[-72.506,4.898],[-72.557,4.977],[-72.672,5.002],[-72.723,5.05],[-72.731,5.153],[-72.756,5.184],[-72.7,5.273],[-72.619,5.352],[-72.567,5.374],[-72.504,5.277],[-72.414,5.239],[-72.338,5.068]]]}},{"type":"Feature","properties":{"divipola_mpio":"85015","divipola_dpto":"85","municipio":"CHÁMEZA","departamento":"CASANARE","area_km2":313.53},"geometry":{"type":"Polygon","coordinates":[[[-72.769,5.178],[-72.81,5.128],[-72.873,5.157],[-72.909,5.104],[-72.973,5.146],[-72.938,5.204],[-72.897,5.26],[-72.88,5.35],[-72.812,5.378],[-72.788,5.337],[-72.834,5.215],[-72.769,5.178]]]}},{"type":"Feature","properties":{"divipola_mpio":"85136","divipola_dpto":"85","municipio":"LA SALINA","departamento":"CASANARE","area_km2":199.89},"geometry":{"type":"Polygon","coordinates":[[[-72.273,6.131],[-72.321,6.088],[-72.362,6.075],[-72.412,6.188],[-72.397,6.273],[-72.339,6.346],[-72.367,6.307],[-72.344,6.227],[-72.293,6.204],[-72.273,6.131]]]}},{"type":"Feature","properties":{"divipola_mpio":"85139","divipola_dpto":"85","municipio":"MANÍ","departamento":"CASANARE","area_km2":3754.55},"geometry":{"type":"Polygon","coordinates":[[[-72.338,5.068],[-72.304,5.021],[-72.155,4.904],[-72.087,4.882],[-71.966,4.758],[-71.909,4.722],[-71.808,4.607],[-71.669,4.609],[-71.736,4.574],[-71.814,4.574],[-71.868,4.505],[-71.999,4.382],[-72.073,4.392],[-72.158,4.442],[-72.258,4.418],[-72.354,4.416],[-72.49,4.534],[-72.541,4.64],[-72.563,4.832],[-72.447,4.855],[-72.442,4.907],[-72.485,4.99],[-72.34,5.002],[-72.338,5.068]]]}},{"type":"Feature","properties":{"divipola_mpio":"85162","divipola_dpto":"85","municipio":"MONTERREY","departamento":"CASANARE","area_km2":779.17},"geometry":{"type":"Polygon","coordinates":[[[-72.759,4.641],[-72.779,4.684],[-72.857,4.719],[-72.93,4.75],[-72.989,4.846],[-72.941,4.96],[-72.976,4.975],[-72.903,5.068],[-72.886,5.012],[-72.827,4.996],[-72.823,4.945],[-72.755,4.898],[-72.711,4.76],[-72.711,4.698],[-72.759,4.641]]]}},{"type":"Feature","properties":{"divipola_mpio":"85225","divipola_dpto":"85","municipio":"NUNCHÍA","departamento":"CASANARE","area_km2":1101.81},"geometry":{"type":"Polygon","coordinates":[[[-72.105,5.714],[-71.952,5.547],[-71.833,5.416],[-72.089,5.376],[-72.098,5.344],[-72.201,5.43],[-72.224,5.537],[-72.301,5.507],[-72.288,5.606],[-72.248,5.696],[-72.21,5.723],[-72.105,5.714]]]}},{"type":"Feature","properties":{"divipola_mpio":"85230","divipola_dpto":"85","municipio":"OROCUÉ","departamento":"CASANARE","area_km2":4753.48},"geometry":{"type":"Polygon","coordinates":[[[-70.974,5.08],[-71.002,4.98],[-71.078,4.899],[-71.212,4.817],[-71.319,4.769],[-71.579,4.674],[-71.669,4.609],[-71.808,4.607],[-71.909,4.722],[-71.966,4.758],[-72.087,4.882],[-72.155,4.904],[-72.083,4.966],[-71.982,5.019],[-71.974,5.068],[-71.956,5.128],[-71.825,5.111],[-71.704,5.074],[-71.655,5.159],[-71.523,5.212],[-71.427,5.181],[-71.313,5.116],[-71.213,5.006],[-71.145,5.032],[-71.041,5.013],[-70.974,5.08]]]}},{"type":"Feature","properties":{"divipola_mpio":"85263","divipola_dpto":"85","municipio":"PORE","departamento":"CASANARE","area_km2":780.47},"geometry":{"type":"Polygon","coordinates":[[[-71.66,5.556],[-71.751,5.537],[-71.906,5.537],[-71.952,5.547],[-72.105,5.714],[-72.102,5.784],[-72.049,5.837],[-71.971,5.8],[-71.884,5.71],[-71.733,5.635],[-71.66,5.556]]]}},{"type":"Feature","properties":{"divipola_mpio":"85279","divipola_dpto":"85","municipio":"RECETOR","departamento":"CASANARE","area_km2":181.23},"geometry":{"type":"Polygon","coordinates":[[[-72.7,5.273],[-72.756,5.184],[-72.769,5.178],[-72.834,5.215],[-72.788,5.337],[-72.812,5.378],[-72.7,5.273]]]}},{"type":"Feature","properties":{"divipola_mpio":"85300","divipola_dpto":"85","municipio":"SABANALARGA","departamento":"CASANARE","area_km2":400.94},"geometry":{"type":"Polygon","coordinates":[[[-72.976,4.975],[-72.941,4.96],[-72.989,4.846],[-72.93,4.75],[-72.857,4.719],[-72.984,4.661],[-73.04,4.677],[-73.053,4.737],[-73.077,4.812],[-73.042,4.879],[-73.031,4.982],[-72.976,4.975]]]}},{"type":"Feature","properties":{"divipola_mpio":"85315","divipola_dpto":"85","municipio":"SÁCAMA","departamento":"CASANARE","area_km2":312.24},"geometry":{"type":"Polygon","coordinates":[[[-72.061,6.118],[-72.026,6.049],[-72.093,6.005],[-72.196,5.98],[-72.251,6.032],[-72.343,6.001],[-72.321,6.088],[-72.273,6.131],[-72.138,6.067],[-72.061,6.118]]]}},{"type":"Feature","properties":{"divipola_mpio":"85325","divipola_dpto":"85","municipio":"SAN LUIS DE PALENQUE","departamento":"CASANARE","area_km2":2989.7},"geometry":{"type":"Polygon","coordinates":[[[-71.906,5.537],[-71.827,5.471],[-71.667,5.414],[-71.532,5.323],[-71.454,5.314],[-71.373,5.259],[-71.226,5.257],[-71.103,5.197],[-70.966,5.2],[-70.913,5.141],[-70.974,5.08],[-71.041,5.013],[-71.145,5.032],[-71.213,5.006],[-71.313,5.116],[-71.427,5.181],[-71.523,5.212],[-71.655,5.159],[-71.704,5.074],[-71.825,5.111],[-71.956,5.128],[-71.974,5.068],[-72.083,5.259],[-72.098,5.344],[-72.089,5.376],[-71.833,5.416],[-71.952,5.547],[-71.906,5.537]]]}},{"type":"Feature","properties":{"divipola_mpio":"85400","divipola_dpto":"85","municipio":"TÁMARA","departamento":"CASANARE","area_km2":1091.23},"geometry":{"type":"Polygon","coordinates":[[[-72.026,6.049],[-72.01,5.955],[-72.049,5.837],[-72.102,5.784],[-72.105,5.714],[-72.21,5.723],[-72.248,5.696],[-72.297,5.754],[-72.31,5.794],[-72.461,5.847],[-72.416,5.904],[-72.34,5.892],[-72.343,6.001],[-72.251,6.032],[-72.196,5.98],[-72.093,6.005],[-72.026,6.049]]]}},{"type":"Feature","properties":{"divipola_mpio":"85410","divipola_dpto":"85","municipio":"TAURAMENA","departamento":"CASANARE","area_km2":2381.67},"geometry":{"type":"Polygon","coordinates":[[[-72.756,5.184],[-72.731,5.153],[-72.723,5.05],[-72.672,5.002],[-72.557,4.977],[-72.506,4.898],[-72.447,4.855],[-72.563,4.832],[-72.541,4.64],[-72.49,4.534],[-72.354,4.416],[-72.258,4.418],[-72.304,4.407],[-72.405,4.318],[-72.554,4.336],[-72.617,4.31],[-72.66,4.329],[-72.666,4.416],[-72.752,4.501],[-72.759,4.641],[-72.711,4.698],[-72.711,4.76],[-72.755,4.898],[-72.823,4.945],[-72.827,4.996],[-72.886,5.012],[-72.903,5.068],[-72.909,5.104],[-72.873,5.157],[-72.81,5.128],[-72.769,5.178],[-72.756,5.184]]]}},{"type":"Feature","properties":{"divipola_mpio":"85430","divipola_dpto":"85","municipio":"TRINIDAD","departamento":"CASANARE","area_km2":2970.23},"geometry":{"type":"Polygon","coordinates":[[[-71.66,5.556],[-71.562,5.54],[-71.476,5.497],[-71.396,5.504],[-71.324,5.461],[-71.247,5.446],[-71.056,5.452],[-71.012,5.416],[-70.924,5.452],[-70.805,5.428],[-70.648,5.462],[-70.604,5.422],[-70.652,5.374],[-70.694,5.283],[-70.865,5.143],[-70.913,5.141],[-70.966,5.2],[-71.103,5.197],[-71.226,5.257],[-71.373,5.259],[-71.454,5.314],[-71.532,5.323],[-71.667,5.414],[-71.827,5.471],[-71.906,5.537],[-71.751,5.537],[-71.66,5.556]]]}},{"type":"Feature","properties":{"divipola_mpio":"85440","divipola_dpto":"85","municipio":"VILLANUEVA","departamento":"CASANARE","area_km2":833.89},"geometry":{"type":"Polygon","coordinates":[[[-72.759,4.641],[-72.752,4.501],[-72.666,4.416],[-72.66,4.329],[-72.617,4.31],[-72.739,4.309],[-72.793,4.4],[-72.843,4.433],[-72.897,4.475],[-72.968,4.599],[-73.04,4.677],[-72.984,4.661],[-72.857,4.719],[-72.779,4.684],[-72.759,4.641]]]}},{"type":"Feature","properties":{"divipola_mpio":"85125","divipola_dpto":"85","municipio":"HATO COROZAL","departamento":"CASANARE","area_km2":5509.71},"geometry":{"type":"Polygon","coordinates":[[[-69.892,6.054],[-70.018,6.058],[-70.115,6.114],[-70.296,6.104],[-70.324,6.127],[-70.402,6.067],[-70.537,6.067],[-70.591,6.108],[-70.685,6.089],[-70.733,6.121],[-70.811,6.061],[-70.926,6.037],[-71.21,6.057],[-71.287,6.032],[-71.39,5.925],[-71.58,5.852],[-71.702,5.82],[-71.805,5.897],[-71.92,5.927],[-71.971,6.02],[-72.026,6.049],[-72.061,6.118],[-71.961,6.167],[-71.88,6.16],[-71.777,6.193],[-71.667,6.192],[-71.534,6.214],[-71.488,6.202],[-71.417,6.243],[-71.345,6.232],[-71.225,6.295],[-71.142,6.265],[-71.097,6.277],[-70.984,6.229],[-70.787,6.251],[-70.719,6.22],[-70.557,6.245],[-70.531,6.23],[-70.38,6.302],[-70.313,6.28],[-70.199,6.295],[-70.121,6.258],[-70.03,6.162],[-69.983,6.158],[-69.899,6.097],[-69.892,6.054]]]}},{"type":"Feature","properties":{"divipola_mpio":"85250","divipola_dpto":"85","municipio":"PAZ DE ARIPORO","departamento":"CASANARE","area_km2":12115.04},"geometry":{"type":"Polygon","coordinates":[[[-69.892,6.054],[-69.836,6.041],[-69.848,5.999],[-70.057,5.702],[-70.153,5.601],[-70.264,5.564],[-70.358,5.587],[-70.604,5.422],[-70.648,5.462],[-70.805,5.428],[-70.924,5.452],[-71.012,5.416],[-71.056,5.452],[-71.247,5.446],[-71.324,5.461],[-71.396,5.504],[-71.476,5.497],[-71.562,5.54],[-71.66,5.556],[-71.733,5.635],[-71.884,5.71],[-71.971,5.8],[-72.049,5.837],[-72.01,5.955],[-72.026,6.049],[-71.971,6.02],[-71.92,5.927],[-71.805,5.897],[-71.702,5.82],[-71.58,5.852],[-71.39,5.925],[-71.287,6.032],[-71.21,6.057],[-70.926,6.037],[-70.811,6.061],[-70.733,6.121],[-70.685,6.089],[-70.591,6.108],[-70.537,6.067],[-70.402,6.067],[-70.324,6.127],[-70.296,6.104],[-70.115,6.114],[-70.018,6.058],[-69.892,6.054]]]}},{"type":"Feature","properties":{"divipola_mpio":"91001","divipola_dpto":"91","municipio":"LETICIA","departamento":"AMAZONAS","area_km2":6182.42},"geometry":{"type":"Polygon","coordinates":[[[-69.714,-3.002],[-69.849,-3.751],[-69.934,-4.22],[-69.983,-4.19],[-70.089,-4.065],[-70.177,-4.035],[-70.183,-3.928],[-70.248,-3.895],[-70.308,-3.812],[-70.307,-3.751],[-70.366,-3.69],[-70.335,-3.197],[-70.169,-3.18],[-70.111,-3.097],[-69.98,-3.002],[-69.714,-3.002]]]}},{"type":"Feature","properties":{"divipola_mpio":"91263","divipola_dpto":"91","municipio":"EL ENCANTO","departamento":"AMAZONAS","area_km2":10897.55},"geometry":{"type":"Polygon","coordinates":[[[-72.996,-1.503],[-72.689,-1.503],[-72.685,-1.571],[-72.605,-1.65],[-72.57,-1.715],[-72.525,-1.682],[-72.477,-1.738],[-72.503,-1.775],[-72.453,-1.845],[-72.283,-1.913],[-72.269,-2.023],[-72.199,-2.096],[-72.083,-2.106],[-72.093,-2.184],[-71.995,-2.142],[-71.93,-2.187],[-71.805,-2.15],[-71.769,-2.181],[-71.833,-2.197],[-71.915,-2.368],[-72.016,-2.369],[-72.049,-2.339],[-72.121,-2.405],[-72.366,-2.493],[-72.4,-2.435],[-72.525,-2.422],[-72.632,-2.359],[-72.693,-2.452],[-72.763,-2.4],[-72.906,-2.445],[-72.983,-2.344],[-73.054,-2.367],[-73.157,-2.26],[-73.094,-2.044],[-73.121,-2.016],[-73.109,-1.884],[-73.157,-1.853],[-73.209,-1.758],[-73.335,-1.804],[-73.507,-1.732],[-73.541,-1.699],[-73.506,-1.619],[-73.492,-1.503],[-72.996,-1.503]]]}},{"type":"Feature","properties":{"divipola_mpio":"91405","divipola_dpto":"91","municipio":"LA CHORRERA","departamento":"AMAZONAS","area_km2":12726.87},"geometry":{"type":"Polygon","coordinates":[[[-72.996,-0.533],[-72.782,-1.007],[-72.783,-1.118],[-72.75,-1.147],[-72.65,-1.162],[-72.596,-1.132],[-72.545,-1.177],[-72.475,-1.157],[-72.394,-1.216],[-72.268,-1.209],[-72.223,-1.254],[-72.177,-1.221],[-72.077,-1.309],[-72.078,-1.366],[-72.043,-1.468],[-71.99,-1.534],[-71.995,-2.142],[-72.093,-2.184],[-72.083,-2.106],[-72.199,-2.096],[-72.269,-2.023],[-72.283,-1.913],[-72.453,-1.845],[-72.503,-1.775],[-72.477,-1.738],[-72.525,-1.682],[-72.57,-1.715],[-72.605,-1.65],[-72.685,-1.571],[-72.689,-1.503],[-72.996,-1.503],[-73.393,-0.985],[-73.841,-0.398],[-73.677,-0.422],[-73.58,-0.455],[-73.571,-0.516],[-73.489,-0.528],[-73.335,-0.506],[-73.209,-0.624],[-73.113,-0.604],[-72.996,-0.533]]]}},{"type":"Feature","properties":{"divipola_mpio":"91407","divipola_dpto":"91","municipio":"LA PEDRERA","departamento":"AMAZONAS","area_km2":13668.21},"geometry":{"type":"Polygon","coordinates":[[[-70.256,-0.433],[-70.245,-0.47],[-70.32,-0.55],[-70.264,-0.582],[-70.252,-0.745],[-70.291,-0.807],[-70.225,-0.895],[-70.302,-0.978],[-70.238,-1.021],[-70.178,-1.1],[-70.127,-1.11],[-70.079,-1.035],[-70.14,-0.999],[-70.101,-0.954],[-70.045,-0.98],[-69.961,-0.968],[-69.936,-1.096],[-69.869,-1.074],[-69.839,-1.028],[-69.705,-1.048],[-69.68,-1.203],[-69.592,-1.146],[-69.566,-1.192],[-69.482,-1.214],[-69.433,-1.069],[-69.396,-1.137],[-69.429,-1.235],[-69.399,-1.366],[-69.428,-1.387],[-69.535,-2.002],[-70.497,-2.003],[-70.497,-1.477],[-70.497,-0.96],[-70.497,-0.386],[-70.437,-0.478],[-70.256,-0.433]]]}},{"type":"Feature","properties":{"divipola_mpio":"91430","divipola_dpto":"91","municipio":"LA VICTORIA","departamento":"AMAZONAS","area_km2":1432.79},"geometry":{"type":"Polygon","coordinates":[[[-70.843,-0.333],[-70.898,-0.349],[-71.007,-0.29],[-71.086,-0.3],[-71.172,-0.251],[-71.259,-0.167],[-71.273,-0.046],[-71.393,-0.043],[-71.437,0.007],[-71.272,0.035],[-71.254,0.059],[-71.185,0.097],[-71.137,0.007],[-70.999,-0.003],[-70.928,-0.051],[-70.897,-0.103],[-70.945,-0.159],[-70.885,-0.211],[-70.843,-0.333]]]}},{"type":"Feature","properties":{"divipola_mpio":"91460","divipola_dpto":"91","municipio":"MIRITÍ - PARANÁ","departamento":"AMAZONAS","area_km2":16867.53},"geometry":{"type":"Polygon","coordinates":[[[-71.437,0.007],[-71.393,-0.043],[-71.273,-0.046],[-71.259,-0.167],[-71.172,-0.251],[-71.086,-0.3],[-71.007,-0.29],[-70.898,-0.349],[-70.843,-0.333],[-70.771,-0.335],[-70.739,-0.287],[-70.666,-0.35],[-70.637,-0.32],[-70.564,-0.37],[-70.497,-0.386],[-70.497,-0.96],[-70.497,-1.477],[-70.546,-1.473],[-70.591,-1.418],[-70.674,-1.452],[-70.728,-1.428],[-70.777,-1.4],[-70.837,-1.289],[-70.906,-1.251],[-70.995,-1.25],[-71.079,-1.115],[-71.174,-1.054],[-71.347,-1.048],[-71.394,-1.112],[-71.478,-1.156],[-71.56,-1.13],[-71.579,-1.06],[-71.54,-0.986],[-71.575,-0.937],[-71.74,-0.968],[-71.804,-0.918],[-71.81,-0.838],[-71.912,-0.757],[-71.996,-0.784],[-71.996,-0.277],[-71.789,-0.271],[-71.711,-0.232],[-71.737,-0.164],[-71.705,-0.067],[-71.549,0.022],[-71.475,-0.012],[-71.437,0.007]]]}},{"type":"Feature","properties":{"divipola_mpio":"91530","divipola_dpto":"91","municipio":"PUERTO ALEGRÍA","departamento":"AMAZONAS","area_km2":8494.18},"geometry":{"type":"Polygon","coordinates":[[[-72.996,-1.503],[-73.492,-1.503],[-73.583,-1.376],[-73.632,-1.272],[-73.683,-1.241],[-73.774,-1.262],[-73.869,-1.225],[-73.905,-1.128],[-73.97,-1.126],[-74.027,-1.065],[-74.274,-0.98],[-74.267,-0.827],[-74.315,-0.768],[-74.378,-0.64],[-74.389,-0.553],[-73.841,-0.398],[-73.393,-0.985],[-72.996,-1.503]]]}},{"type":"Feature","properties":{"divipola_mpio":"91536","divipola_dpto":"91","municipio":"PUERTO ARICA","departamento":"AMAZONAS","area_km2":13791.33},"geometry":{"type":"Polygon","coordinates":[[[-70.728,-1.428],[-70.674,-1.452],[-70.591,-1.418],[-70.546,-1.473],[-70.497,-1.477],[-70.497,-2.003],[-70.495,-2.477],[-70.629,-2.479],[-70.663,-2.359],[-70.841,-2.291],[-70.869,-2.228],[-70.936,-2.258],[-70.981,-2.214],[-71.037,-2.276],[-71.132,-2.289],[-71.127,-2.338],[-71.193,-2.383],[-71.23,-2.348],[-71.317,-2.38],[-71.399,-2.359],[-71.45,-2.285],[-71.608,-2.238],[-71.629,-2.21],[-71.732,-2.225],[-71.769,-2.181],[-71.805,-2.15],[-71.93,-2.187],[-71.995,-2.142],[-71.99,-1.534],[-71.961,-1.514],[-71.844,-1.561],[-71.797,-1.669],[-71.705,-1.718],[-71.645,-1.851],[-71.493,-1.827],[-71.426,-1.727],[-71.409,-1.646],[-71.36,-1.612],[-71.339,-1.464],[-71.205,-1.453],[-71.225,-1.392],[-70.989,-1.399],[-70.951,-1.422],[-70.833,-1.41],[-70.728,-1.428]]]}},{"type":"Feature","properties":{"divipola_mpio":"91540","divipola_dpto":"91","municipio":"PUERTO NARIÑO","departamento":"AMAZONAS","area_km2":1509.2},"geometry":{"type":"Polygon","coordinates":[[[-70.308,-3.812],[-70.355,-3.801],[-70.486,-3.876],[-70.564,-3.824],[-70.653,-3.829],[-70.713,-3.796],[-70.335,-3.197],[-70.366,-3.69],[-70.307,-3.751],[-70.308,-3.812]]]}},{"type":"Feature","properties":{"divipola_mpio":"91669","divipola_dpto":"91","municipio":"PUERTO SANTANDER","departamento":"AMAZONAS","area_km2":14731.09},"geometry":{"type":"Polygon","coordinates":[[[-70.728,-1.428],[-70.833,-1.41],[-70.951,-1.422],[-70.989,-1.399],[-71.225,-1.392],[-71.205,-1.453],[-71.339,-1.464],[-71.36,-1.612],[-71.409,-1.646],[-71.426,-1.727],[-71.493,-1.827],[-71.645,-1.851],[-71.705,-1.718],[-71.797,-1.669],[-71.844,-1.561],[-71.961,-1.514],[-71.99,-1.534],[-72.043,-1.468],[-72.078,-1.366],[-72.077,-1.309],[-72.177,-1.221],[-72.223,-1.254],[-72.268,-1.209],[-72.394,-1.216],[-72.475,-1.157],[-72.545,-1.177],[-72.596,-1.132],[-72.65,-1.162],[-72.75,-1.147],[-72.783,-1.118],[-72.782,-1.007],[-72.996,-0.533],[-72.938,-0.605],[-72.878,-0.618],[-72.745,-0.561],[-72.592,-0.693],[-72.539,-0.677],[-72.433,-0.567],[-72.317,-0.652],[-72.242,-0.605],[-72.23,-0.493],[-72.184,-0.462],[-72.143,-0.348],[-72.062,-0.325],[-71.996,-0.277],[-71.996,-0.784],[-71.912,-0.757],[-71.81,-0.838],[-71.804,-0.918],[-71.74,-0.968],[-71.575,-0.937],[-71.54,-0.986],[-71.579,-1.06],[-71.56,-1.13],[-71.478,-1.156],[-71.394,-1.112],[-71.347,-1.048],[-71.174,-1.054],[-71.079,-1.115],[-70.995,-1.25],[-70.906,-1.251],[-70.837,-1.289],[-70.777,-1.4],[-70.728,-1.428]]]}},{"type":"Feature","properties":{"divipola_mpio":"91798","divipola_dpto":"91","municipio":"TARAPACÁ","departamento":"AMAZONAS","area_km2":9195.88},"geometry":{"type":"Polygon","coordinates":[[[-69.714,-3.002],[-69.98,-3.002],[-70.111,-3.097],[-70.169,-3.18],[-70.335,-3.197],[-70.061,-2.76],[-70.076,-2.664],[-70.219,-2.657],[-70.26,-2.555],[-70.374,-2.498],[-70.439,-2.526],[-70.495,-2.477],[-70.497,-2.003],[-69.535,-2.002],[-69.714,-3.002]]]}},{"type":"Feature","properties":{"divipola_mpio":"97001","divipola_dpto":"97","municipio":"MITÚ","departamento":"VAUPÉS","area_km2":16215.74},"geometry":{"type":"Polygon","coordinates":[[[-69.869,1.719],[-69.845,1.714],[-69.847,1.078],[-69.815,1.064],[-69.916,1.001],[-70.014,0.865],[-70.116,0.828],[-70.039,0.566],[-70.047,0.26],[-70.129,0.183],[-70.211,0.158],[-70.26,0.233],[-70.331,0.255],[-70.366,0.347],[-70.571,0.348],[-70.615,0.378],[-70.602,0.499],[-70.648,0.604],[-70.828,0.402],[-70.893,0.542],[-70.951,0.453],[-70.994,0.566],[-71.037,0.572],[-71.119,0.789],[-71.019,0.881],[-70.994,1.153],[-70.843,1.341],[-70.454,1.791],[-70.367,1.753],[-70.274,1.75],[-70.129,1.659],[-69.956,1.663],[-69.869,1.719]]]}},{"type":"Feature","properties":{"divipola_mpio":"97161","divipola_dpto":"97","municipio":"CARURÚ","departamento":"VAUPÉS","area_km2":6368.49},"geometry":{"type":"Polygon","coordinates":[[[-71.253,1.67],[-71.259,1.616],[-70.994,1.153],[-71.019,0.881],[-71.119,0.789],[-71.037,0.572],[-71.157,0.576],[-71.198,0.604],[-71.332,0.581],[-71.417,0.642],[-71.481,0.596],[-71.803,0.888],[-71.74,0.985],[-71.641,0.995],[-71.574,1.082],[-71.547,1.27],[-71.455,1.465],[-71.438,1.546],[-71.39,1.598],[-71.393,1.736],[-71.253,1.67]]]}},{"type":"Feature","properties":{"divipola_mpio":"97511","divipola_dpto":"97","municipio":"PACOA","departamento":"VAUPÉS","area_km2":13993.25},"geometry":{"type":"Polygon","coordinates":[[[-71.037,0.572],[-70.994,0.566],[-70.951,0.453],[-70.893,0.542],[-70.828,0.402],[-70.648,0.604],[-70.602,0.499],[-70.615,0.378],[-70.571,0.348],[-70.366,0.347],[-70.331,0.255],[-70.26,0.233],[-70.211,0.158],[-70.129,0.183],[-70.047,0.26],[-70.046,-0.116],[-70.151,-0.222],[-70.129,-0.289],[-70.214,-0.319],[-70.256,-0.433],[-70.437,-0.478],[-70.497,-0.386],[-70.564,-0.37],[-70.637,-0.32],[-70.666,-0.35],[-70.739,-0.287],[-70.771,-0.335],[-70.843,-0.333],[-70.885,-0.211],[-70.945,-0.159],[-70.897,-0.103],[-70.928,-0.051],[-70.999,-0.003],[-71.137,0.007],[-71.185,0.097],[-71.254,0.059],[-71.297,0.075],[-71.335,0.154],[-71.374,0.174],[-71.449,0.14],[-71.584,0.163],[-71.627,0.216],[-71.698,0.238],[-71.77,0.328],[-71.832,0.339],[-71.857,0.456],[-71.922,0.459],[-71.929,0.544],[-71.99,0.566],[-71.982,0.629],[-72.033,0.664],[-71.803,0.888],[-71.481,0.596],[-71.417,0.642],[-71.332,0.581],[-71.198,0.604],[-71.157,0.576],[-71.037,0.572]]]}},{"type":"Feature","properties":{"divipola_mpio":"97666","divipola_dpto":"97","municipio":"TARAIRA","departamento":"VAUPÉS","area_km2":6510.25},"geometry":{"type":"Polygon","coordinates":[[[-69.433,-1.069],[-69.482,-1.214],[-69.566,-1.192],[-69.592,-1.146],[-69.68,-1.203],[-69.705,-1.048],[-69.839,-1.028],[-69.869,-1.074],[-69.936,-1.096],[-69.961,-0.968],[-70.045,-0.98],[-70.101,-0.954],[-70.14,-0.999],[-70.079,-1.035],[-70.127,-1.11],[-70.178,-1.1],[-70.238,-1.021],[-70.302,-0.978],[-70.225,-0.895],[-70.291,-0.807],[-70.252,-0.745],[-70.264,-0.582],[-70.32,-0.55],[-70.245,-0.47],[-70.256,-0.433],[-70.214,-0.319],[-70.129,-0.289],[-70.151,-0.222],[-70.046,-0.116],[-70.066,-0.164],[-69.902,-0.338],[-69.83,-0.362],[-69.71,-0.454],[-69.612,-0.5],[-69.602,-0.597],[-69.572,-0.633],[-69.612,-0.766],[-69.526,-0.869],[-69.528,-0.919],[-69.43,-1.016],[-69.433,-1.069]]]}},{"type":"Feature","properties":{"divipola_mpio":"97777","divipola_dpto":"97","municipio":"PAPUNAHUA","departamento":"VAUPÉS","area_km2":5551.15},"geometry":{"type":"Polygon","coordinates":[[[-70.11,2.081],[-70.115,1.999],[-70.164,1.919],[-70.149,1.867],[-70.055,1.777],[-69.869,1.719],[-69.956,1.663],[-70.129,1.659],[-70.274,1.75],[-70.367,1.753],[-70.454,1.791],[-70.843,1.341],[-70.994,1.153],[-71.259,1.616],[-71.253,1.67],[-71.165,1.756],[-70.989,1.824],[-70.895,1.919],[-70.705,1.907],[-70.487,1.949],[-70.442,1.994],[-70.23,2.035],[-70.188,2.024],[-70.11,2.081]]]}},{"type":"Feature","properties":{"divipola_mpio":"97889","divipola_dpto":"97","municipio":"YAVARATÉ","departamento":"VAUPÉS","area_km2":4660.41},"geometry":{"type":"Polygon","coordinates":[[[-70.039,0.566],[-70.116,0.828],[-70.014,0.865],[-69.916,1.001],[-69.815,1.064],[-69.745,1.114],[-69.674,1.07],[-69.381,1.074],[-69.322,1.088],[-69.199,0.996],[-69.14,0.69],[-69.199,0.616],[-69.273,0.602],[-69.298,0.649],[-69.358,0.617],[-69.434,0.712],[-69.482,0.736],[-69.634,0.637],[-69.688,0.664],[-69.723,0.616],[-69.936,0.554],[-70.039,0.566]]]}},{"type":"Feature","properties":{"divipola_mpio":"95001","divipola_dpto":"95","municipio":"SAN JOSÉ DEL GUAVIARE","departamento":"GUAVIARE","area_km2":16768.52},"geometry":{"type":"Polygon","coordinates":[[[-71.077,2.883],[-71.055,2.852],[-70.959,2.843],[-70.936,2.788],[-70.822,2.813],[-70.721,2.75],[-70.584,2.84],[-70.502,2.788],[-70.942,2.606],[-70.917,2.56],[-70.848,2.568],[-70.766,2.539],[-70.707,2.472],[-70.635,2.348],[-70.63,2.312],[-70.543,2.28],[-70.635,2.229],[-70.847,2.176],[-71.015,2.217],[-71.097,2.218],[-71.174,2.186],[-71.263,2.279],[-71.25,2.345],[-71.36,2.291],[-71.453,2.217],[-71.525,2.226],[-71.553,2.118],[-71.614,2.153],[-71.658,2.239],[-71.725,2.237],[-71.791,2.285],[-71.835,2.229],[-71.903,2.202],[-71.979,2.271],[-72.054,2.296],[-72.102,2.343],[-72.233,2.368],[-72.472,2.373],[-72.487,2.393],[-72.632,2.425],[-72.749,2.431],[-72.798,2.295],[-72.943,2.255],[-72.99,2.156],[-73.043,2.061],[-73.11,2.022],[-73.149,2.069],[-73.287,2.024],[-73.309,2.055],[-73.414,2.068],[-73.504,2.031],[-73.566,2.065],[-73.661,2.062],[-73.661,2.294],[-73.632,2.353],[-73.514,2.35],[-73.447,2.386],[-73.391,2.352],[-73.299,2.336],[-73.24,2.389],[-73.153,2.367],[-73.07,2.425],[-73.012,2.434],[-72.941,2.524],[-72.922,2.56],[-72.816,2.615],[-72.736,2.571],[-72.7,2.62],[-72.6,2.615],[-72.563,2.682],[-72.486,2.685],[-72.436,2.74],[-72.252,2.823],[-72.204,2.859],[-72.113,2.875],[-72.046,2.818],[-71.858,2.843],[-71.742,2.884],[-71.652,2.821],[-71.469,2.894],[-71.389,2.845],[-71.329,2.892],[-71.278,2.868],[-71.077,2.883]]]}},{"type":"Feature","properties":{"divipola_mpio":"95015","divipola_dpto":"95","municipio":"CALAMAR","departamento":"GUAVIARE","area_km2":13556.42},"geometry":{"type":"Polygon","coordinates":[[[-72.436,1.855],[-72.365,1.783],[-72.406,1.741],[-72.4,1.615],[-72.324,1.6],[-72.295,1.532],[-72.365,1.51],[-72.4,1.439],[-72.524,1.445],[-72.578,1.486],[-72.726,1.186],[-72.87,1.146],[-72.857,1.043],[-73.045,0.906],[-73.078,0.894],[-73.217,0.997],[-73.239,1.032],[-73.322,1.08],[-73.393,1.147],[-73.414,1.245],[-73.476,1.362],[-73.659,1.576],[-73.66,1.612],[-73.661,2.062],[-73.566,2.065],[-73.504,2.031],[-73.414,2.068],[-73.309,2.055],[-73.287,2.024],[-73.149,2.069],[-73.11,2.022],[-73.043,2.061],[-72.99,2.156],[-72.852,2.191],[-72.785,2.145],[-72.766,2.092],[-72.674,2.128],[-72.603,2.083],[-72.457,1.955],[-72.436,1.855]]]}},{"type":"Feature","properties":{"divipola_mpio":"95025","divipola_dpto":"95","municipio":"EL RETORNO","departamento":"GUAVIARE","area_km2":12442.23},"geometry":{"type":"Polygon","coordinates":[[[-70.543,2.28],[-70.497,2.234],[-70.427,2.268],[-70.311,2.208],[-70.252,2.264],[-70.189,2.232],[-70.071,2.291],[-69.996,2.224],[-70.101,2.118],[-70.11,2.081],[-70.188,2.024],[-70.23,2.035],[-70.442,1.994],[-70.487,1.949],[-70.705,1.907],[-70.895,1.919],[-70.989,1.824],[-71.165,1.756],[-71.253,1.67],[-71.393,1.736],[-71.498,1.777],[-71.66,1.809],[-71.786,1.872],[-71.869,1.886],[-71.918,1.96],[-72.029,1.995],[-72.082,1.97],[-72.436,1.855],[-72.457,1.955],[-72.603,2.083],[-72.674,2.128],[-72.766,2.092],[-72.785,2.145],[-72.852,2.191],[-72.99,2.156],[-72.943,2.255],[-72.798,2.295],[-72.749,2.431],[-72.632,2.425],[-72.487,2.393],[-72.472,2.373],[-72.233,2.368],[-72.102,2.343],[-72.054,2.296],[-71.979,2.271],[-71.903,2.202],[-71.835,2.229],[-71.791,2.285],[-71.725,2.237],[-71.658,2.239],[-71.614,2.153],[-71.553,2.118],[-71.525,2.226],[-71.453,2.217],[-71.36,2.291],[-71.25,2.345],[-71.263,2.279],[-71.174,2.186],[-71.097,2.218],[-71.015,2.217],[-70.847,2.176],[-70.635,2.229],[-70.543,2.28]]]}},{"type":"Feature","properties":{"divipola_mpio":"95200","divipola_dpto":"95","municipio":"MIRAFLORES","departamento":"GUAVIARE","area_km2":12808.08},"geometry":{"type":"Polygon","coordinates":[[[-71.393,1.736],[-71.39,1.598],[-71.438,1.546],[-71.455,1.465],[-71.547,1.27],[-71.574,1.082],[-71.641,0.995],[-71.74,0.985],[-71.803,0.888],[-72.033,0.664],[-72.081,0.705],[-72.191,0.727],[-72.269,0.763],[-72.399,1.002],[-72.468,1.084],[-72.508,1.068],[-72.651,1.172],[-72.726,1.186],[-72.578,1.486],[-72.524,1.445],[-72.4,1.439],[-72.365,1.51],[-72.295,1.532],[-72.324,1.6],[-72.4,1.615],[-72.406,1.741],[-72.365,1.783],[-72.436,1.855],[-72.082,1.97],[-72.029,1.995],[-71.918,1.96],[-71.869,1.886],[-71.786,1.872],[-71.66,1.809],[-71.498,1.777],[-71.393,1.736]]]}},{"type":"Feature","properties":{"divipola_mpio":"17001","divipola_dpto":"17","municipio":"MANIZALES","departamento":"CALDAS","area_km2":441.0},"geometry":{"type":"Polygon","coordinates":[[[-75.328,5.042],[-75.475,5.027],[-75.588,4.985],[-75.603,5.016],[-75.666,5.078],[-75.677,5.141],[-75.663,5.166],[-75.486,5.142],[-75.349,5.109],[-75.338,5.045],[-75.328,5.042]]]}},{"type":"Feature","properties":{"divipola_mpio":"17013","divipola_dpto":"17","municipio":"AGUADAS","departamento":"CALDAS","area_km2":475.73},"geometry":{"type":"Polygon","coordinates":[[[-75.57,5.725],[-75.556,5.725],[-75.479,5.664],[-75.424,5.696],[-75.311,5.51],[-75.316,5.459],[-75.381,5.42],[-75.372,5.497],[-75.414,5.542],[-75.497,5.577],[-75.571,5.544],[-75.581,5.606],[-75.599,5.681],[-75.57,5.725]]]}},{"type":"Feature","properties":{"divipola_mpio":"17486","divipola_dpto":"17","municipio":"NEIRA","departamento":"CALDAS","area_km2":369.34},"geometry":{"type":"Polygon","coordinates":[[[-75.552,5.212],[-75.491,5.233],[-75.372,5.221],[-75.336,5.197],[-75.349,5.109],[-75.486,5.142],[-75.663,5.166],[-75.693,5.255],[-75.666,5.276],[-75.649,5.234],[-75.552,5.212]]]}},{"type":"Feature","properties":{"divipola_mpio":"17446","divipola_dpto":"17","municipio":"MARULANDA","departamento":"CALDAS","area_km2":376.96},"geometry":{"type":"Polygon","coordinates":[[[-75.21,5.286],[-75.241,5.252],[-75.21,5.176],[-75.167,5.169],[-75.235,5.126],[-75.288,5.138],[-75.338,5.045],[-75.349,5.109],[-75.336,5.197],[-75.372,5.221],[-75.348,5.329],[-75.287,5.347],[-75.211,5.35],[-75.21,5.286]]]}},{"type":"Feature","properties":{"divipola_mpio":"17444","divipola_dpto":"17","municipio":"MARQUETALIA","departamento":"CALDAS","area_km2":90.33},"geometry":{"type":"Polygon","coordinates":[[[-74.962,5.342],[-74.967,5.301],[-75.0,5.292],[-75.06,5.271],[-75.119,5.309],[-75.035,5.344],[-74.962,5.342]]]}},{"type":"Feature","properties":{"divipola_mpio":"17442","divipola_dpto":"17","municipio":"MARMATO","departamento":"CALDAS","area_km2":36.89},"geometry":{"type":"Polygon","coordinates":[[[-75.577,5.516],[-75.582,5.457],[-75.585,5.446],[-75.641,5.53],[-75.577,5.516]]]}},{"type":"Feature","properties":{"divipola_mpio":"17433","divipola_dpto":"17","municipio":"MANZANARES","departamento":"CALDAS","area_km2":197.91},"geometry":{"type":"Polygon","coordinates":[[[-75.119,5.309],[-75.06,5.271],[-75.117,5.161],[-75.15,5.164],[-75.167,5.169],[-75.21,5.176],[-75.241,5.252],[-75.21,5.286],[-75.119,5.309]]]}},{"type":"Feature","properties":{"divipola_mpio":"17388","divipola_dpto":"17","municipio":"LA MERCED","departamento":"CALDAS","area_km2":88.6},"geometry":{"type":"Polygon","coordinates":[[[-75.533,5.442],[-75.511,5.334],[-75.54,5.328],[-75.608,5.376],[-75.585,5.446],[-75.582,5.457],[-75.533,5.442]]]}},{"type":"Feature","properties":{"divipola_mpio":"17380","divipola_dpto":"17","municipio":"LA DORADA","departamento":"CALDAS","area_km2":549.24},"geometry":{"type":"Polygon","coordinates":[[[-74.665,5.768],[-74.661,5.752],[-74.627,5.697],[-74.675,5.516],[-74.65,5.442],[-74.735,5.287],[-74.79,5.298],[-74.795,5.37],[-74.742,5.457],[-74.705,5.566],[-74.813,5.604],[-74.74,5.7],[-74.714,5.769],[-74.665,5.768]]]}},{"type":"Feature","properties":{"divipola_mpio":"17272","divipola_dpto":"17","municipio":"FILADELFIA","departamento":"CALDAS","area_km2":192.6},"geometry":{"type":"Polygon","coordinates":[[[-75.54,5.328],[-75.519,5.273],[-75.552,5.212],[-75.649,5.234],[-75.666,5.276],[-75.648,5.307],[-75.61,5.375],[-75.608,5.376],[-75.54,5.328]]]}},{"type":"Feature","properties":{"divipola_mpio":"17174","divipola_dpto":"17","municipio":"CHINCHINÁ","departamento":"CALDAS","area_km2":109.37},"geometry":{"type":"Polygon","coordinates":[[[-75.603,5.016],[-75.588,4.985],[-75.572,4.936],[-75.714,4.957],[-75.747,5.047],[-75.743,5.052],[-75.71,5.078],[-75.69,5.007],[-75.603,5.016]]]}},{"type":"Feature","properties":{"divipola_mpio":"17088","divipola_dpto":"17","municipio":"BELALCÁZAR","departamento":"CALDAS","area_km2":113.35},"geometry":{"type":"Polygon","coordinates":[[[-75.774,5.063],[-75.743,5.052],[-75.747,5.047],[-75.814,4.919],[-75.867,4.934],[-75.861,4.943],[-75.858,5.005],[-75.774,5.063]]]}},{"type":"Feature","properties":{"divipola_mpio":"17050","divipola_dpto":"17","municipio":"ARANZAZU","departamento":"CALDAS","area_km2":149.58},"geometry":{"type":"Polygon","coordinates":[[[-75.372,5.221],[-75.491,5.233],[-75.552,5.212],[-75.519,5.273],[-75.54,5.328],[-75.511,5.334],[-75.393,5.273],[-75.372,5.221]]]}},{"type":"Feature","properties":{"divipola_mpio":"17042","divipola_dpto":"17","municipio":"ANSERMA","departamento":"CALDAS","area_km2":209.14},"geometry":{"type":"Polygon","coordinates":[[[-75.748,5.285],[-75.693,5.255],[-75.663,5.166],[-75.677,5.141],[-75.704,5.112],[-75.763,5.176],[-75.811,5.117],[-75.836,5.115],[-75.802,5.198],[-75.824,5.27],[-75.748,5.285]]]}},{"type":"Feature","properties":{"divipola_mpio":"17495","divipola_dpto":"17","municipio":"NORCASIA","departamento":"CALDAS","area_km2":227.55},"geometry":{"type":"Polygon","coordinates":[[[-74.74,5.7],[-74.813,5.604],[-74.89,5.559],[-74.938,5.619],[-74.862,5.678],[-74.88,5.746],[-74.807,5.7],[-74.74,5.7]]]}},{"type":"Feature","properties":{"divipola_mpio":"17877","divipola_dpto":"17","municipio":"VITERBO","departamento":"CALDAS","area_km2":112.91},"geometry":{"type":"Polygon","coordinates":[[[-75.836,5.115],[-75.811,5.117],[-75.844,5.085],[-75.858,5.005],[-75.861,4.943],[-75.922,5.042],[-75.884,5.131],[-75.836,5.115]]]}},{"type":"Feature","properties":{"divipola_mpio":"17873","divipola_dpto":"17","municipio":"VILLAMARÍA","departamento":"CALDAS","area_km2":455.07},"geometry":{"type":"Polygon","coordinates":[[[-75.328,5.042],[-75.354,4.962],[-75.335,4.899],[-75.32,4.893],[-75.319,4.887],[-75.375,4.802],[-75.428,4.816],[-75.483,4.917],[-75.572,4.936],[-75.588,4.985],[-75.475,5.027],[-75.328,5.042]]]}},{"type":"Feature","properties":{"divipola_mpio":"17867","divipola_dpto":"17","municipio":"VICTORIA","departamento":"CALDAS","area_km2":558.89},"geometry":{"type":"Polygon","coordinates":[[[-74.813,5.604],[-74.705,5.566],[-74.742,5.457],[-74.795,5.37],[-74.79,5.298],[-74.861,5.306],[-74.967,5.301],[-74.962,5.342],[-74.913,5.402],[-74.918,5.464],[-74.89,5.559],[-74.813,5.604]]]}},{"type":"Feature","properties":{"divipola_mpio":"17777","divipola_dpto":"17","municipio":"SUPÍA","departamento":"CALDAS","area_km2":121.61},"geometry":{"type":"Polygon","coordinates":[[[-75.641,5.53],[-75.585,5.446],[-75.608,5.376],[-75.61,5.375],[-75.647,5.38],[-75.704,5.537],[-75.641,5.53]]]}},{"type":"Feature","properties":{"divipola_mpio":"17665","divipola_dpto":"17","municipio":"SAN JOSÉ","departamento":"CALDAS","area_km2":60.94},"geometry":{"type":"Polygon","coordinates":[[[-75.774,5.063],[-75.858,5.005],[-75.844,5.085],[-75.774,5.063]]]}},{"type":"Feature","properties":{"divipola_mpio":"17662","divipola_dpto":"17","municipio":"SAMANÁ","departamento":"CALDAS","area_km2":758.18},"geometry":{"type":"Polygon","coordinates":[[[-74.89,5.559],[-74.918,5.464],[-74.913,5.402],[-74.962,5.342],[-75.035,5.344],[-75.085,5.428],[-75.084,5.507],[-75.133,5.541],[-75.069,5.663],[-74.993,5.716],[-74.88,5.746],[-74.862,5.678],[-74.938,5.619],[-74.89,5.559]]]}},{"type":"Feature","properties":{"divipola_mpio":"17653","divipola_dpto":"17","municipio":"SALAMINA","departamento":"CALDAS","area_km2":388.09},"geometry":{"type":"Polygon","coordinates":[[[-75.381,5.42],[-75.316,5.459],[-75.281,5.411],[-75.287,5.347],[-75.348,5.329],[-75.372,5.221],[-75.393,5.273],[-75.511,5.334],[-75.533,5.442],[-75.456,5.454],[-75.381,5.42]]]}},{"type":"Feature","properties":{"divipola_mpio":"17616","divipola_dpto":"17","municipio":"RISARALDA","departamento":"CALDAS","area_km2":89.89},"geometry":{"type":"Polygon","coordinates":[[[-75.704,5.112],[-75.71,5.078],[-75.743,5.052],[-75.774,5.063],[-75.844,5.085],[-75.811,5.117],[-75.763,5.176],[-75.704,5.112]]]}},{"type":"Feature","properties":{"divipola_mpio":"17541","divipola_dpto":"17","municipio":"PENSILVANIA","departamento":"CALDAS","area_km2":498.55},"geometry":{"type":"Polygon","coordinates":[[[-75.035,5.344],[-75.119,5.309],[-75.21,5.286],[-75.211,5.35],[-75.287,5.347],[-75.281,5.411],[-75.316,5.459],[-75.283,5.476],[-75.133,5.541],[-75.084,5.507],[-75.085,5.428],[-75.035,5.344]]]}},{"type":"Feature","properties":{"divipola_mpio":"17524","divipola_dpto":"17","municipio":"PALESTINA","departamento":"CALDAS","area_km2":112.23},"geometry":{"type":"Polygon","coordinates":[[[-75.603,5.016],[-75.69,5.007],[-75.71,5.078],[-75.704,5.112],[-75.677,5.141],[-75.666,5.078],[-75.603,5.016]]]}},{"type":"Feature","properties":{"divipola_mpio":"17513","divipola_dpto":"17","municipio":"PÁCORA","departamento":"CALDAS","area_km2":257.12},"geometry":{"type":"Polygon","coordinates":[[[-75.381,5.42],[-75.456,5.454],[-75.533,5.442],[-75.582,5.457],[-75.577,5.516],[-75.571,5.544],[-75.497,5.577],[-75.414,5.542],[-75.372,5.497],[-75.381,5.42]]]}},{"type":"Feature","properties":{"divipola_mpio":"17614","divipola_dpto":"17","municipio":"RIOSUCIO","departamento":"CALDAS","area_km2":384.17},"geometry":{"type":"Polygon","coordinates":[[[-75.714,5.547],[-75.704,5.537],[-75.647,5.38],[-75.61,5.375],[-75.648,5.307],[-75.698,5.378],[-75.751,5.386],[-75.833,5.361],[-75.868,5.49],[-75.73,5.564],[-75.714,5.547]]]}},{"type":"Feature","properties":{"divipola_mpio":"63001","divipola_dpto":"63","municipio":"ARMENIA","departamento":"QUINDIO","area_km2":121.62},"geometry":{"type":"Polygon","coordinates":[[[-75.633,4.569],[-75.719,4.449],[-75.774,4.395],[-75.797,4.479],[-75.741,4.54],[-75.643,4.588],[-75.633,4.569]]]}},{"type":"Feature","properties":{"divipola_mpio":"63111","divipola_dpto":"63","municipio":"BUENAVISTA","departamento":"QUINDIO","area_km2":38.46},"geometry":{"type":"Polygon","coordinates":[[[-75.727,4.406],[-75.716,4.377],[-75.784,4.346],[-75.727,4.406]]]}},{"type":"Feature","properties":{"divipola_mpio":"63130","divipola_dpto":"63","municipio":"CALARCÁ","departamento":"QUINDIO","area_km2":220.84},"geometry":{"type":"Polygon","coordinates":[[[-75.556,4.472],[-75.583,4.424],[-75.727,4.406],[-75.784,4.346],[-75.792,4.338],[-75.803,4.396],[-75.774,4.395],[-75.719,4.449],[-75.633,4.569],[-75.556,4.472]]]}},{"type":"Feature","properties":{"divipola_mpio":"63190","divipola_dpto":"63","municipio":"CIRCASIA","departamento":"QUINDIO","area_km2":90.32},"geometry":{"type":"Polygon","coordinates":[[[-75.6,4.676],[-75.643,4.588],[-75.741,4.54],[-75.735,4.581],[-75.699,4.608],[-75.6,4.676]]]}},{"type":"Feature","properties":{"divipola_mpio":"63212","divipola_dpto":"63","municipio":"CÓRDOBA","departamento":"QUINDIO","area_km2":92.98},"geometry":{"type":"Polygon","coordinates":[[[-75.583,4.424],[-75.593,4.361],[-75.716,4.377],[-75.727,4.406],[-75.583,4.424]]]}},{"type":"Feature","properties":{"divipola_mpio":"63272","divipola_dpto":"63","municipio":"FILANDIA","departamento":"QUINDIO","area_km2":106.56},"geometry":{"type":"Polygon","coordinates":[[[-75.565,4.701],[-75.6,4.676],[-75.699,4.608],[-75.741,4.655],[-75.709,4.68],[-75.714,4.713],[-75.565,4.701]]]}},{"type":"Feature","properties":{"divipola_mpio":"63302","divipola_dpto":"63","municipio":"GÉNOVA","departamento":"QUINDIO","area_km2":294.94},"geometry":{"type":"Polygon","coordinates":[[[-75.659,4.222],[-75.697,4.132],[-75.752,4.077],[-75.84,4.101],[-75.825,4.215],[-75.795,4.31],[-75.726,4.23],[-75.659,4.222]]]}},{"type":"Feature","properties":{"divipola_mpio":"63401","divipola_dpto":"63","municipio":"LA TEBAIDA","departamento":"QUINDIO","area_km2":89.38},"geometry":{"type":"Polygon","coordinates":[[[-75.774,4.395],[-75.803,4.396],[-75.867,4.411],[-75.878,4.41],[-75.895,4.426],[-75.869,4.454],[-75.797,4.479],[-75.774,4.395]]]}},{"type":"Feature","properties":{"divipola_mpio":"63470","divipola_dpto":"63","municipio":"MONTENEGRO","departamento":"QUINDIO","area_km2":149.06},"geometry":{"type":"Polygon","coordinates":[[[-75.741,4.54],[-75.797,4.479],[-75.869,4.454],[-75.881,4.531],[-75.867,4.576],[-75.735,4.581],[-75.741,4.54]]]}},{"type":"Feature","properties":{"divipola_mpio":"63548","divipola_dpto":"63","municipio":"PIJAO","departamento":"QUINDIO","area_km2":248.58},"geometry":{"type":"Polygon","coordinates":[[[-75.593,4.361],[-75.598,4.279],[-75.659,4.222],[-75.726,4.23],[-75.795,4.31],[-75.792,4.338],[-75.784,4.346],[-75.716,4.377],[-75.593,4.361]]]}},{"type":"Feature","properties":{"divipola_mpio":"63594","divipola_dpto":"63","municipio":"QUIMBAYA","departamento":"QUINDIO","area_km2":133.52},"geometry":{"type":"Polygon","coordinates":[[[-75.741,4.655],[-75.699,4.608],[-75.735,4.581],[-75.867,4.576],[-75.866,4.613],[-75.828,4.66],[-75.741,4.655]]]}},{"type":"Feature","properties":{"divipola_mpio":"63690","divipola_dpto":"63","municipio":"SALENTO","departamento":"QUINDIO","area_km2":347.32},"geometry":{"type":"Polygon","coordinates":[[[-75.383,4.708],[-75.386,4.701],[-75.415,4.623],[-75.485,4.582],[-75.556,4.472],[-75.633,4.569],[-75.643,4.588],[-75.6,4.676],[-75.565,4.701],[-75.492,4.666],[-75.388,4.716],[-75.383,4.708]]]}},{"type":"Feature","properties":{"divipola_mpio":"66001","divipola_dpto":"66","municipio":"PEREIRA","departamento":"RISARALDA","area_km2":608.17},"geometry":{"type":"Polygon","coordinates":[[[-75.708,4.873],[-75.719,4.83],[-75.645,4.793],[-75.522,4.7],[-75.469,4.719],[-75.375,4.802],[-75.388,4.716],[-75.492,4.666],[-75.565,4.701],[-75.714,4.713],[-75.856,4.728],[-75.936,4.807],[-75.915,4.873],[-75.885,4.893],[-75.816,4.907],[-75.774,4.869],[-75.708,4.873]]]}},{"type":"Feature","properties":{"divipola_mpio":"66045","divipola_dpto":"66","municipio":"APÍA","departamento":"RISARALDA","area_km2":149.98},"geometry":{"type":"Polygon","coordinates":[[[-75.928,5.226],[-75.931,5.177],[-75.884,5.131],[-75.922,5.042],[-76.0,5.127],[-76.06,5.132],[-75.988,5.159],[-75.928,5.226]]]}},{"type":"Feature","properties":{"divipola_mpio":"66075","divipola_dpto":"66","municipio":"BALBOA","departamento":"RISARALDA","area_km2":119.49},"geometry":{"type":"Polygon","coordinates":[[[-75.882,4.913],[-75.885,4.893],[-75.915,4.873],[-75.989,4.881],[-75.991,4.913],[-75.945,4.99],[-75.882,4.913]]]}},{"type":"Feature","properties":{"divipola_mpio":"66088","divipola_dpto":"66","municipio":"BELÉN DE UMBRÍA","departamento":"RISARALDA","area_km2":180.6},"geometry":{"type":"Polygon","coordinates":[[[-75.851,5.272],[-75.824,5.27],[-75.802,5.198],[-75.836,5.115],[-75.884,5.131],[-75.931,5.177],[-75.928,5.226],[-75.925,5.246],[-75.851,5.272]]]}},{"type":"Feature","properties":{"divipola_mpio":"66170","divipola_dpto":"66","municipio":"DOSQUEBRADAS","departamento":"RISARALDA","area_km2":70.13},"geometry":{"type":"Polygon","coordinates":[[[-75.645,4.793],[-75.719,4.83],[-75.708,4.873],[-75.688,4.889],[-75.645,4.878],[-75.645,4.793]]]}},{"type":"Feature","properties":{"divipola_mpio":"66318","divipola_dpto":"66","municipio":"GUÁTICA","departamento":"RISARALDA","area_km2":100.82},"geometry":{"type":"Polygon","coordinates":[[[-75.751,5.386],[-75.779,5.324],[-75.748,5.285],[-75.824,5.27],[-75.851,5.272],[-75.833,5.361],[-75.751,5.386]]]}},{"type":"Feature","properties":{"divipola_mpio":"66383","divipola_dpto":"66","municipio":"LA CELIA","departamento":"RISARALDA","area_km2":92.47},"geometry":{"type":"Polygon","coordinates":[[[-75.945,4.99],[-75.991,4.913],[-76.027,4.939],[-76.078,5.047],[-75.989,5.037],[-75.945,4.99]]]}},{"type":"Feature","properties":{"divipola_mpio":"66400","divipola_dpto":"66","municipio":"LA VIRGINIA","departamento":"RISARALDA","area_km2":32.8},"geometry":{"type":"Polygon","coordinates":[[[-75.814,4.919],[-75.816,4.907],[-75.885,4.893],[-75.882,4.913],[-75.867,4.934],[-75.814,4.919]]]}},{"type":"Feature","properties":{"divipola_mpio":"66440","divipola_dpto":"66","municipio":"MARSELLA","departamento":"RISARALDA","area_km2":149.32},"geometry":{"type":"Polygon","coordinates":[[[-75.714,4.957],[-75.688,4.889],[-75.708,4.873],[-75.774,4.869],[-75.816,4.907],[-75.814,4.919],[-75.747,5.047],[-75.714,4.957]]]}},{"type":"Feature","properties":{"divipola_mpio":"66456","divipola_dpto":"66","municipio":"MISTRATÓ","departamento":"RISARALDA","area_km2":564.74},"geometry":{"type":"Polygon","coordinates":[[[-75.906,5.482],[-75.868,5.49],[-75.833,5.361],[-75.851,5.272],[-75.925,5.246],[-75.954,5.34],[-76.062,5.366],[-76.089,5.447],[-76.085,5.534],[-76.009,5.567],[-75.983,5.519],[-75.906,5.482]]]}},{"type":"Feature","properties":{"divipola_mpio":"66572","divipola_dpto":"66","municipio":"PUEBLO RICO","departamento":"RISARALDA","area_km2":613.77},"geometry":{"type":"Polygon","coordinates":[[[-76.089,5.447],[-76.062,5.366],[-75.954,5.34],[-75.925,5.246],[-75.928,5.226],[-75.988,5.159],[-76.06,5.132],[-76.133,5.183],[-76.201,5.322],[-76.191,5.415],[-76.089,5.447]]]}},{"type":"Feature","properties":{"divipola_mpio":"66594","divipola_dpto":"66","municipio":"QUINCHÍA","departamento":"RISARALDA","area_km2":140.13},"geometry":{"type":"Polygon","coordinates":[[[-75.648,5.307],[-75.666,5.276],[-75.693,5.255],[-75.748,5.285],[-75.779,5.324],[-75.751,5.386],[-75.698,5.378],[-75.648,5.307]]]}},{"type":"Feature","properties":{"divipola_mpio":"66682","divipola_dpto":"66","municipio":"SANTA ROSA DE CABAL","departamento":"RISARALDA","area_km2":543.49},"geometry":{"type":"Polygon","coordinates":[[[-75.572,4.936],[-75.483,4.917],[-75.428,4.816],[-75.375,4.802],[-75.469,4.719],[-75.522,4.7],[-75.645,4.793],[-75.645,4.878],[-75.688,4.889],[-75.714,4.957],[-75.572,4.936]]]}},{"type":"Feature","properties":{"divipola_mpio":"66687","divipola_dpto":"66","municipio":"SANTUARIO","departamento":"RISARALDA","area_km2":190.86},"geometry":{"type":"Polygon","coordinates":[[[-75.922,5.042],[-75.861,4.943],[-75.867,4.934],[-75.882,4.913],[-75.945,4.99],[-75.989,5.037],[-76.078,5.047],[-76.06,5.132],[-76.0,5.127],[-75.922,5.042]]]}},{"type":"Feature","properties":{"divipola_mpio":"05001","divipola_dpto":"05","municipio":"MEDELLÍN","departamento":"ANTIOQUIA","area_km2":374.83},"geometry":{"type":"Polygon","coordinates":[[[-75.669,6.373],[-75.652,6.333],[-75.522,6.289],[-75.501,6.297],[-75.486,6.206],[-75.485,6.191],[-75.583,6.189],[-75.648,6.172],[-75.68,6.163],[-75.694,6.194],[-75.71,6.259],[-75.718,6.361],[-75.669,6.373]]]}},{"type":"Feature","properties":{"divipola_mpio":"05101","divipola_dpto":"05","municipio":"CIUDAD BOLÍVAR","departamento":"ANTIOQUIA","area_km2":260.45},"geometry":{"type":"Polygon","coordinates":[[[-75.915,5.863],[-75.915,5.847],[-75.955,5.798],[-76.02,5.753],[-76.065,5.764],[-76.098,5.85],[-76.054,5.932],[-75.915,5.863]]]}},{"type":"Feature","properties":{"divipola_mpio":"05107","divipola_dpto":"05","municipio":"BRICEÑO","departamento":"ANTIOQUIA","area_km2":376.35},"geometry":{"type":"Polygon","coordinates":[[[-75.472,7.05],[-75.535,6.99],[-75.609,7.056],[-75.659,7.029],[-75.687,7.084],[-75.605,7.179],[-75.445,7.249],[-75.497,7.133],[-75.472,7.05]]]}},{"type":"Feature","properties":{"divipola_mpio":"05113","divipola_dpto":"05","municipio":"BURITICÁ","departamento":"ANTIOQUIA","area_km2":355.21},"geometry":{"type":"Polygon","coordinates":[[[-75.845,6.871],[-75.871,6.784],[-75.833,6.68],[-75.881,6.646],[-75.959,6.726],[-75.983,6.761],[-75.954,6.967],[-75.917,6.964],[-75.845,6.871]]]}},{"type":"Feature","properties":{"divipola_mpio":"05120","divipola_dpto":"05","municipio":"CÁCERES","departamento":"ANTIOQUIA","area_km2":1873.8},"geometry":{"type":"Polygon","coordinates":[[[-75.02,7.581],[-75.08,7.516],[-75.03,7.49],[-74.994,7.394],[-75.046,7.424],[-75.166,7.356],[-75.249,7.457],[-75.275,7.534],[-75.332,7.536],[-75.366,7.619],[-75.439,7.669],[-75.485,7.736],[-75.458,7.834],[-75.354,7.869],[-75.331,7.926],[-75.294,7.891],[-75.216,7.945],[-75.164,7.89],[-75.164,7.801],[-75.033,7.771],[-75.042,7.611],[-75.02,7.581]]]}},{"type":"Feature","properties":{"divipola_mpio":"05093","divipola_dpto":"05","municipio":"BETULIA","departamento":"ANTIOQUIA","area_km2":262.37},"geometry":{"type":"Polygon","coordinates":[[[-75.855,6.246],[-75.841,6.166],[-75.997,6.078],[-76.048,6.261],[-76.004,6.285],[-75.933,6.217],[-75.855,6.246]]]}},{"type":"Feature","properties":{"divipola_mpio":"05091","divipola_dpto":"05","municipio":"BETANIA","departamento":"ANTIOQUIA","area_km2":180.53},"geometry":{"type":"Polygon","coordinates":[[[-75.893,5.754],[-75.906,5.697],[-76.003,5.67],[-76.074,5.678],[-76.087,5.689],[-76.065,5.764],[-76.02,5.753],[-75.955,5.798],[-75.893,5.754]]]}},{"type":"Feature","properties":{"divipola_mpio":"05088","divipola_dpto":"05","municipio":"BELLO","departamento":"ANTIOQUIA","area_km2":147.76},"geometry":{"type":"Polygon","coordinates":[[[-75.533,6.389],[-75.522,6.289],[-75.652,6.333],[-75.669,6.373],[-75.663,6.405],[-75.592,6.432],[-75.533,6.389]]]}},{"type":"Feature","properties":{"divipola_mpio":"05086","divipola_dpto":"05","municipio":"BELMIRA","departamento":"ANTIOQUIA","area_km2":296.15},"geometry":{"type":"Polygon","coordinates":[[[-75.627,6.786],[-75.585,6.675],[-75.654,6.654],[-75.565,6.53],[-75.645,6.494],[-75.65,6.502],[-75.718,6.636],[-75.72,6.652],[-75.726,6.798],[-75.668,6.753],[-75.627,6.786]]]}},{"type":"Feature","properties":{"divipola_mpio":"05079","divipola_dpto":"05","municipio":"BARBOSA","departamento":"ANTIOQUIA","area_km2":205.67},"geometry":{"type":"Polygon","coordinates":[[[-75.264,6.508],[-75.241,6.447],[-75.306,6.391],[-75.404,6.365],[-75.448,6.436],[-75.396,6.441],[-75.324,6.513],[-75.264,6.508]]]}},{"type":"Feature","properties":{"divipola_mpio":"05059","divipola_dpto":"05","municipio":"ARMENIA","departamento":"ANTIOQUIA","area_km2":110.43},"geometry":{"type":"Polygon","coordinates":[[[-75.817,6.225],[-75.747,6.146],[-75.767,6.135],[-75.855,6.1],[-75.841,6.166],[-75.855,6.246],[-75.852,6.249],[-75.817,6.225]]]}},{"type":"Feature","properties":{"divipola_mpio":"05055","divipola_dpto":"05","municipio":"ARGELIA","departamento":"ANTIOQUIA","area_km2":245.34},"geometry":{"type":"Polygon","coordinates":[[[-74.88,5.746],[-74.993,5.716],[-75.069,5.663],[-75.161,5.647],[-75.235,5.676],[-75.237,5.726],[-75.098,5.759],[-74.991,5.741],[-74.88,5.746]]]}},{"type":"Feature","properties":{"divipola_mpio":"05051","divipola_dpto":"05","municipio":"ARBOLETES","departamento":"ANTIOQUIA","area_km2":754.25},"geometry":{"type":"Polygon","coordinates":[[[-76.364,8.709],[-76.251,8.611],[-76.255,8.594],[-76.32,8.544],[-76.329,8.447],[-76.403,8.464],[-76.434,8.45],[-76.571,8.582],[-76.566,8.611],[-76.451,8.689],[-76.486,8.818],[-76.413,8.874],[-76.364,8.709]]]}},{"type":"Feature","properties":{"divipola_mpio":"05044","divipola_dpto":"05","municipio":"ANZÁ","departamento":"ANTIOQUIA","area_km2":255.92},"geometry":{"type":"Polygon","coordinates":[[[-75.832,6.398],[-75.856,6.327],[-75.852,6.249],[-75.855,6.246],[-75.933,6.217],[-76.004,6.285],[-75.988,6.344],[-75.905,6.396],[-75.832,6.398]]]}},{"type":"Feature","properties":{"divipola_mpio":"05042","divipola_dpto":"05","municipio":"SANTA FÉ DE ANTIOQUIA","departamento":"ANTIOQUIA","area_km2":525.6},"geometry":{"type":"Polygon","coordinates":[[[-75.823,6.642],[-75.801,6.538],[-75.819,6.41],[-75.832,6.398],[-75.905,6.396],[-75.943,6.458],[-76.038,6.504],[-76.008,6.634],[-75.931,6.622],[-75.881,6.646],[-75.833,6.68],[-75.823,6.642]]]}},{"type":"Feature","properties":{"divipola_mpio":"05040","divipola_dpto":"05","municipio":"ANORÍ","departamento":"ANTIOQUIA","area_km2":1413.77},"geometry":{"type":"Polygon","coordinates":[[[-74.913,7.288],[-75.021,7.14],[-75.085,6.965],[-75.17,6.906],[-75.224,6.933],[-75.224,7.037],[-75.26,7.115],[-75.315,7.16],[-75.317,7.213],[-75.301,7.227],[-75.297,7.229],[-75.191,7.27],[-75.166,7.356],[-75.046,7.424],[-74.994,7.394],[-74.89,7.393],[-74.913,7.288]]]}},{"type":"Feature","properties":{"divipola_mpio":"05038","divipola_dpto":"05","municipio":"ANGOSTURA","departamento":"ANTIOQUIA","area_km2":338.67},"geometry":{"type":"Polygon","coordinates":[[[-75.243,6.927],[-75.288,6.822],[-75.379,6.773],[-75.49,6.773],[-75.472,6.851],[-75.375,6.901],[-75.336,6.946],[-75.268,6.97],[-75.243,6.927]]]}},{"type":"Feature","properties":{"divipola_mpio":"05036","divipola_dpto":"05","municipio":"ANGELÓPOLIS","departamento":"ANTIOQUIA","area_km2":81.88},"geometry":{"type":"Polygon","coordinates":[[[-75.68,6.163],[-75.672,6.119],[-75.677,6.088],[-75.747,6.069],[-75.767,6.135],[-75.747,6.146],[-75.694,6.194],[-75.68,6.163]]]}},{"type":"Feature","properties":{"divipola_mpio":"05034","divipola_dpto":"05","municipio":"ANDES","departamento":"ANTIOQUIA","area_km2":402.5},"geometry":{"type":"Polygon","coordinates":[[[-75.836,5.73],[-75.81,5.655],[-75.873,5.637],[-75.871,5.544],[-75.906,5.482],[-75.983,5.519],[-76.009,5.567],[-76.007,5.623],[-76.074,5.678],[-76.003,5.67],[-75.906,5.697],[-75.893,5.754],[-75.873,5.775],[-75.836,5.73]]]}},{"type":"Feature","properties":{"divipola_mpio":"05031","divipola_dpto":"05","municipio":"AMALFI","departamento":"ANTIOQUIA","area_km2":1209.13},"geometry":{"type":"Polygon","coordinates":[[[-74.913,7.288],[-74.916,7.264],[-74.842,7.134],[-74.858,7.047],[-74.838,6.991],[-74.877,6.849],[-74.921,6.751],[-75.026,6.834],[-75.059,6.767],[-75.109,6.782],[-75.182,6.846],[-75.17,6.906],[-75.085,6.965],[-75.021,7.14],[-74.913,7.288]]]}},{"type":"Feature","properties":{"divipola_mpio":"05030","divipola_dpto":"05","municipio":"AMAGÁ","departamento":"ANTIOQUIA","area_km2":84.13},"geometry":{"type":"Polygon","coordinates":[[[-75.67,5.999],[-75.699,5.981],[-75.767,6.0],[-75.747,6.069],[-75.677,6.088],[-75.67,5.999]]]}},{"type":"Feature","properties":{"divipola_mpio":"05021","divipola_dpto":"05","municipio":"ALEJANDRÍA","departamento":"ANTIOQUIA","area_km2":128.93},"geometry":{"type":"Polygon","coordinates":[[[-74.987,6.385],[-75.117,6.302],[-75.17,6.297],[-75.145,6.411],[-75.088,6.394],[-75.033,6.418],[-74.987,6.385]]]}},{"type":"Feature","properties":{"divipola_mpio":"05004","divipola_dpto":"05","municipio":"ABRIAQUÍ","departamento":"ANTIOQUIA","area_km2":296.96},"geometry":{"type":"Polygon","coordinates":[[[-76.011,6.647],[-76.008,6.634],[-76.038,6.504],[-76.058,6.507],[-76.162,6.592],[-76.177,6.679],[-76.103,6.714],[-76.087,6.755],[-76.011,6.647]]]}},{"type":"Feature","properties":{"divipola_mpio":"05002","divipola_dpto":"05","municipio":"ABEJORRAL","departamento":"ANTIOQUIA","area_km2":507.13},"geometry":{"type":"Polygon","coordinates":[[[-75.415,5.902],[-75.284,5.873],[-75.268,5.854],[-75.321,5.782],[-75.423,5.728],[-75.424,5.696],[-75.479,5.664],[-75.556,5.725],[-75.534,5.86],[-75.486,5.871],[-75.481,5.934],[-75.415,5.902]]]}},{"type":"Feature","properties":{"divipola_mpio":"05895","divipola_dpto":"05","municipio":"ZARAGOZA","departamento":"ANTIOQUIA","area_km2":1167.36},"geometry":{"type":"Polygon","coordinates":[[[-74.607,7.387],[-74.699,7.312],[-74.916,7.264],[-74.913,7.288],[-74.89,7.393],[-74.994,7.394],[-75.03,7.49],[-75.08,7.516],[-75.02,7.581],[-74.939,7.621],[-74.9,7.672],[-74.841,7.668],[-74.782,7.725],[-74.764,7.674],[-74.82,7.589],[-74.758,7.46],[-74.675,7.438],[-74.607,7.387]]]}},{"type":"Feature","properties":{"divipola_mpio":"05893","divipola_dpto":"05","municipio":"YONDÓ","departamento":"ANTIOQUIA","area_km2":1894.99},"geometry":{"type":"Polygon","coordinates":[[[-73.923,7.213],[-73.929,7.115],[-73.888,7.071],[-73.897,6.986],[-74.011,6.913],[-74.094,6.804],[-74.109,6.777],[-74.232,6.71],[-74.256,6.675],[-74.36,6.632],[-74.42,6.737],[-74.452,6.755],[-74.381,6.911],[-74.244,7.004],[-73.916,7.295],[-73.923,7.213]]]}},{"type":"Feature","properties":{"divipola_mpio":"05890","divipola_dpto":"05","municipio":"YOLOMBÓ","departamento":"ANTIOQUIA","area_km2":1012.51},"geometry":{"type":"Polygon","coordinates":[[[-74.921,6.751],[-74.907,6.737],[-74.95,6.706],[-74.912,6.637],[-74.801,6.642],[-74.65,6.699],[-74.58,6.705],[-74.497,6.7],[-74.561,6.638],[-74.735,6.603],[-74.839,6.509],[-75.02,6.539],[-75.035,6.538],[-75.093,6.582],[-75.136,6.548],[-75.207,6.555],[-75.197,6.575],[-75.123,6.658],[-75.109,6.782],[-75.059,6.767],[-75.026,6.834],[-74.921,6.751]]]}},{"type":"Feature","properties":{"divipola_mpio":"05887","divipola_dpto":"05","municipio":"YARUMAL","departamento":"ANTIOQUIA","area_km2":738.26},"geometry":{"type":"Polygon","coordinates":[[[-75.301,7.227],[-75.317,7.213],[-75.333,7.076],[-75.314,7.011],[-75.336,6.946],[-75.375,6.901],[-75.472,6.851],[-75.49,6.773],[-75.574,6.853],[-75.576,6.893],[-75.603,6.975],[-75.659,7.029],[-75.609,7.056],[-75.535,6.99],[-75.472,7.05],[-75.424,7.088],[-75.387,7.171],[-75.301,7.227]]]}},{"type":"Feature","properties":{"divipola_mpio":"05885","divipola_dpto":"05","municipio":"YALÍ","departamento":"ANTIOQUIA","area_km2":440.86},"geometry":{"type":"Polygon","coordinates":[[[-74.579,6.782],[-74.58,6.705],[-74.65,6.699],[-74.801,6.642],[-74.912,6.637],[-74.95,6.706],[-74.907,6.737],[-74.835,6.732],[-74.757,6.789],[-74.643,6.798],[-74.579,6.782]]]}},{"type":"Feature","properties":{"divipola_mpio":"05861","divipola_dpto":"05","municipio":"VENECIA","departamento":"ANTIOQUIA","area_km2":139.67},"geometry":{"type":"Polygon","coordinates":[[[-75.767,6.0],[-75.699,5.981],[-75.775,5.881],[-75.856,5.938],[-75.849,5.956],[-75.841,6.008],[-75.767,6.0]]]}},{"type":"Feature","properties":{"divipola_mpio":"05858","divipola_dpto":"05","municipio":"VEGACHÍ","departamento":"ANTIOQUIA","area_km2":524.96},"geometry":{"type":"Polygon","coordinates":[[[-74.579,6.782],[-74.643,6.798],[-74.757,6.789],[-74.835,6.732],[-74.907,6.737],[-74.921,6.751],[-74.877,6.849],[-74.838,6.991],[-74.822,6.869],[-74.633,6.924],[-74.572,6.861],[-74.579,6.782]]]}},{"type":"Feature","properties":{"divipola_mpio":"05856","divipola_dpto":"05","municipio":"VALPARAÍSO","departamento":"ANTIOQUIA","area_km2":126.17},"geometry":{"type":"Polygon","coordinates":[[[-75.599,5.681],[-75.581,5.606],[-75.676,5.598],[-75.642,5.757],[-75.599,5.681]]]}},{"type":"Feature","properties":{"divipola_mpio":"05854","divipola_dpto":"05","municipio":"VALDIVIA","departamento":"ANTIOQUIA","area_km2":567.7},"geometry":{"type":"Polygon","coordinates":[[[-75.297,7.229],[-75.301,7.227],[-75.387,7.171],[-75.424,7.088],[-75.472,7.05],[-75.497,7.133],[-75.445,7.249],[-75.529,7.299],[-75.514,7.373],[-75.461,7.36],[-75.275,7.388],[-75.297,7.229]]]}},{"type":"Feature","properties":{"divipola_mpio":"05842","divipola_dpto":"05","municipio":"URAMITA","departamento":"ANTIOQUIA","area_km2":265.93},"geometry":{"type":"Polygon","coordinates":[[[-75.965,6.98],[-75.983,6.943],[-76.101,6.892],[-76.122,6.851],[-76.156,6.824],[-76.247,6.877],[-76.224,6.921],[-76.153,6.978],[-76.075,6.941],[-75.982,7.001],[-75.965,6.98]]]}},{"type":"Feature","properties":{"divipola_mpio":"05837","divipola_dpto":"05","municipio":"TURBO","departamento":"ANTIOQUIA","area_km2":2919.54},"geometry":{"type":"Polygon","coordinates":[[[-76.943,8.113],[-76.883,8.044],[-76.925,8.025],[-76.922,7.917],[-76.828,7.902],[-76.748,7.922],[-76.734,8.071],[-76.739,8.174],[-76.774,8.267],[-76.622,8.33],[-76.566,8.401],[-76.445,8.372],[-76.434,8.45],[-76.403,8.464],[-76.393,8.38],[-76.411,8.191],[-76.402,8.102],[-76.425,8.073],[-76.533,7.963],[-76.753,7.879],[-76.805,7.869],[-76.81,7.771],[-76.81,7.668],[-76.713,7.594],[-76.644,7.469],[-76.682,7.467],[-76.801,7.571],[-76.936,7.584],[-76.96,7.64],[-77.123,7.79],[-77.075,7.848],[-77.026,7.89],[-76.997,8.019],[-76.938,8.068],[-76.943,8.113]]]}},{"type":"Feature","properties":{"divipola_mpio":"05819","divipola_dpto":"05","municipio":"TOLEDO","departamento":"ANTIOQUIA","area_km2":122.58},"geometry":{"type":"Polygon","coordinates":[[[-75.687,7.084],[-75.659,7.029],[-75.736,6.927],[-75.765,7.062],[-75.687,7.084]]]}},{"type":"Feature","properties":{"divipola_mpio":"05809","divipola_dpto":"05","municipio":"TITIRIBÍ","departamento":"ANTIOQUIA","area_km2":140.35},"geometry":{"type":"Polygon","coordinates":[[[-75.747,6.069],[-75.767,6.0],[-75.841,6.008],[-75.855,6.1],[-75.767,6.135],[-75.747,6.069]]]}},{"type":"Feature","properties":{"divipola_mpio":"05792","divipola_dpto":"05","municipio":"TARSO","departamento":"ANTIOQUIA","area_km2":120.48},"geometry":{"type":"Polygon","coordinates":[[[-75.775,5.881],[-75.761,5.873],[-75.821,5.821],[-75.887,5.865],[-75.885,5.907],[-75.856,5.938],[-75.775,5.881]]]}},{"type":"Feature","properties":{"divipola_mpio":"05790","divipola_dpto":"05","municipio":"TARAZÁ","departamento":"ANTIOQUIA","area_km2":1148.98},"geometry":{"type":"Polygon","coordinates":[[[-75.166,7.356],[-75.191,7.27],[-75.297,7.229],[-75.275,7.388],[-75.461,7.36],[-75.514,7.373],[-75.568,7.381],[-75.541,7.492],[-75.601,7.59],[-75.485,7.736],[-75.439,7.669],[-75.366,7.619],[-75.332,7.536],[-75.275,7.534],[-75.249,7.457],[-75.166,7.356]]]}},{"type":"Feature","properties":{"divipola_mpio":"05789","divipola_dpto":"05","municipio":"TÁMESIS","departamento":"ANTIOQUIA","area_km2":252.24},"geometry":{"type":"Polygon","coordinates":[[[-75.641,5.762],[-75.642,5.757],[-75.676,5.598],[-75.714,5.547],[-75.73,5.564],[-75.752,5.628],[-75.807,5.654],[-75.745,5.733],[-75.665,5.8],[-75.641,5.762]]]}},{"type":"Feature","properties":{"divipola_mpio":"05761","divipola_dpto":"05","municipio":"SOPETRÁN","departamento":"ANTIOQUIA","area_km2":219.07},"geometry":{"type":"Polygon","coordinates":[[[-75.65,6.502],[-75.732,6.491],[-75.78,6.42],[-75.819,6.41],[-75.801,6.538],[-75.718,6.636],[-75.65,6.502]]]}},{"type":"Feature","properties":{"divipola_mpio":"05756","divipola_dpto":"05","municipio":"SONSÓN","departamento":"ANTIOQUIA","area_km2":1346.4},"geometry":{"type":"Polygon","coordinates":[[[-74.64,5.86],[-74.665,5.768],[-74.714,5.769],[-74.74,5.7],[-74.807,5.7],[-74.88,5.746],[-74.991,5.741],[-75.098,5.759],[-75.237,5.726],[-75.235,5.676],[-75.283,5.476],[-75.316,5.459],[-75.311,5.51],[-75.424,5.696],[-75.423,5.728],[-75.321,5.782],[-75.268,5.854],[-75.166,5.873],[-75.055,5.919],[-75.022,5.825],[-75.054,5.752],[-74.95,5.782],[-74.894,5.829],[-74.844,5.927],[-74.64,5.86]]]}},{"type":"Feature","properties":{"divipola_mpio":"05736","divipola_dpto":"05","municipio":"SEGOVIA","departamento":"ANTIOQUIA","area_km2":1127.33},"geometry":{"type":"Polygon","coordinates":[[[-74.358,7.472],[-74.32,7.44],[-74.398,7.348],[-74.388,7.267],[-74.618,7.167],[-74.71,7.071],[-74.76,7.135],[-74.842,7.134],[-74.916,7.264],[-74.699,7.312],[-74.607,7.387],[-74.561,7.428],[-74.491,7.343],[-74.414,7.399],[-74.413,7.46],[-74.358,7.472]]]}},{"type":"Feature","properties":{"divipola_mpio":"05697","divipola_dpto":"05","municipio":"EL SANTUARIO","departamento":"ANTIOQUIA","area_km2":83.45},"geometry":{"type":"Polygon","coordinates":[[[-75.233,6.163],[-75.167,6.101],[-75.221,6.114],[-75.268,6.057],[-75.308,6.144],[-75.253,6.171],[-75.233,6.163]]]}},{"type":"Feature","properties":{"divipola_mpio":"05690","divipola_dpto":"05","municipio":"SANTO DOMINGO","departamento":"ANTIOQUIA","area_km2":265.95},"geometry":{"type":"Polygon","coordinates":[[[-75.136,6.548],[-75.035,6.538],[-75.02,6.539],[-75.097,6.463],[-75.033,6.418],[-75.088,6.394],[-75.145,6.411],[-75.241,6.447],[-75.264,6.508],[-75.21,6.554],[-75.207,6.555],[-75.136,6.548]]]}},{"type":"Feature","properties":{"divipola_mpio":"05686","divipola_dpto":"05","municipio":"SANTA ROSA DE OSOS","departamento":"ANTIOQUIA","area_km2":864.78},"geometry":{"type":"Polygon","coordinates":[[[-75.49,6.773],[-75.379,6.773],[-75.287,6.678],[-75.197,6.575],[-75.207,6.555],[-75.21,6.554],[-75.249,6.574],[-75.337,6.544],[-75.426,6.544],[-75.458,6.517],[-75.508,6.574],[-75.543,6.679],[-75.585,6.675],[-75.627,6.786],[-75.643,6.87],[-75.576,6.893],[-75.574,6.853],[-75.49,6.773]]]}},{"type":"Feature","properties":{"divipola_mpio":"05679","divipola_dpto":"05","municipio":"SANTA BÁRBARA","departamento":"ANTIOQUIA","area_km2":196.17},"geometry":{"type":"Polygon","coordinates":[[[-75.592,6.006],[-75.562,5.975],[-75.534,5.86],[-75.556,5.725],[-75.57,5.725],[-75.62,5.802],[-75.636,5.966],[-75.614,5.979],[-75.592,6.006]]]}},{"type":"Feature","properties":{"divipola_mpio":"05306","divipola_dpto":"05","municipio":"GIRALDO","departamento":"ANTIOQUIA","area_km2":93.49},"geometry":{"type":"Polygon","coordinates":[[[-75.881,6.646],[-75.931,6.622],[-76.008,6.634],[-76.011,6.647],[-75.959,6.726],[-75.881,6.646]]]}},{"type":"Feature","properties":{"divipola_mpio":"05282","divipola_dpto":"05","municipio":"FREDONIA","departamento":"ANTIOQUIA","area_km2":258.09},"geometry":{"type":"Polygon","coordinates":[[[-75.614,5.979],[-75.636,5.966],[-75.62,5.802],[-75.641,5.762],[-75.665,5.8],[-75.761,5.873],[-75.775,5.881],[-75.699,5.981],[-75.67,5.999],[-75.614,5.979]]]}},{"type":"Feature","properties":{"divipola_mpio":"05266","divipola_dpto":"05","municipio":"ENVIGADO","departamento":"ANTIOQUIA","area_km2":78.0},"geometry":{"type":"Polygon","coordinates":[[[-75.485,6.191],[-75.475,6.158],[-75.573,6.099],[-75.59,6.113],[-75.605,6.163],[-75.583,6.189],[-75.485,6.191]]]}},{"type":"Feature","properties":{"divipola_mpio":"05264","divipola_dpto":"05","municipio":"ENTRERRÍOS","departamento":"ANTIOQUIA","area_km2":214.2},"geometry":{"type":"Polygon","coordinates":[[[-75.458,6.517],[-75.461,6.512],[-75.565,6.53],[-75.654,6.654],[-75.585,6.675],[-75.543,6.679],[-75.508,6.574],[-75.458,6.517]]]}},{"type":"Feature","properties":{"divipola_mpio":"05250","divipola_dpto":"05","municipio":"EL BAGRE","departamento":"ANTIOQUIA","area_km2":1560.25},"geometry":{"type":"Polygon","coordinates":[[[-74.561,7.968],[-74.519,7.901],[-74.508,7.724],[-74.561,7.646],[-74.563,7.433],[-74.561,7.428],[-74.607,7.387],[-74.675,7.438],[-74.758,7.46],[-74.82,7.589],[-74.764,7.674],[-74.782,7.725],[-74.806,7.785],[-74.79,7.809],[-74.82,7.941],[-74.749,7.946],[-74.634,7.901],[-74.561,7.968]]]}},{"type":"Feature","properties":{"divipola_mpio":"05240","divipola_dpto":"05","municipio":"EBÉJICO","departamento":"ANTIOQUIA","area_km2":237.78},"geometry":{"type":"Polygon","coordinates":[[[-75.718,6.361],[-75.71,6.259],[-75.81,6.26],[-75.817,6.225],[-75.852,6.249],[-75.856,6.327],[-75.832,6.398],[-75.819,6.41],[-75.78,6.42],[-75.718,6.361]]]}},{"type":"Feature","properties":{"divipola_mpio":"05237","divipola_dpto":"05","municipio":"DONMATÍAS","departamento":"ANTIOQUIA","area_km2":203.33},"geometry":{"type":"Polygon","coordinates":[[[-75.21,6.554],[-75.264,6.508],[-75.324,6.513],[-75.396,6.441],[-75.448,6.436],[-75.489,6.43],[-75.461,6.512],[-75.458,6.517],[-75.426,6.544],[-75.337,6.544],[-75.249,6.574],[-75.21,6.554]]]}},{"type":"Feature","properties":{"divipola_mpio":"05212","divipola_dpto":"05","municipio":"COPACABANA","departamento":"ANTIOQUIA","area_km2":67.76},"geometry":{"type":"Polygon","coordinates":[[[-75.451,6.334],[-75.501,6.297],[-75.522,6.289],[-75.533,6.389],[-75.489,6.43],[-75.451,6.334]]]}},{"type":"Feature","properties":{"divipola_mpio":"05209","divipola_dpto":"05","municipio":"CONCORDIA","departamento":"ANTIOQUIA","area_km2":247.88},"geometry":{"type":"Polygon","coordinates":[[[-75.841,6.166],[-75.855,6.1],[-75.841,6.008],[-75.849,5.956],[-75.944,5.979],[-75.943,6.044],[-75.998,6.069],[-75.997,6.078],[-75.841,6.166]]]}},{"type":"Feature","properties":{"divipola_mpio":"05206","divipola_dpto":"05","municipio":"CONCEPCIÓN","departamento":"ANTIOQUIA","area_km2":202.05},"geometry":{"type":"Polygon","coordinates":[[[-75.145,6.411],[-75.17,6.297],[-75.183,6.285],[-75.243,6.322],[-75.306,6.391],[-75.241,6.447],[-75.145,6.411]]]}},{"type":"Feature","properties":{"divipola_mpio":"05197","divipola_dpto":"05","municipio":"COCORNÁ","departamento":"ANTIOQUIA","area_km2":241.76},"geometry":{"type":"Polygon","coordinates":[[[-75.167,6.101],[-75.085,6.021],[-75.069,6.0],[-75.055,5.919],[-75.166,5.873],[-75.136,5.94],[-75.268,6.057],[-75.221,6.114],[-75.167,6.101]]]}},{"type":"Feature","properties":{"divipola_mpio":"05190","divipola_dpto":"05","municipio":"CISNEROS","departamento":"ANTIOQUIA","area_km2":46.93},"geometry":{"type":"Polygon","coordinates":[[[-75.035,6.538],[-75.136,6.548],[-75.093,6.582],[-75.035,6.538]]]}},{"type":"Feature","properties":{"divipola_mpio":"05172","divipola_dpto":"05","municipio":"CHIGORODÓ","departamento":"ANTIOQUIA","area_km2":721.68},"geometry":{"type":"Polygon","coordinates":[[[-76.491,7.72],[-76.502,7.555],[-76.576,7.486],[-76.644,7.469],[-76.713,7.594],[-76.81,7.668],[-76.81,7.771],[-76.702,7.719],[-76.62,7.734],[-76.491,7.72]]]}},{"type":"Feature","properties":{"divipola_mpio":"05154","divipola_dpto":"05","municipio":"CAUCASIA","departamento":"ANTIOQUIA","area_km2":1429.12},"geometry":{"type":"Polygon","coordinates":[[[-74.806,7.785],[-74.782,7.725],[-74.841,7.668],[-74.9,7.672],[-74.939,7.621],[-75.02,7.581],[-75.042,7.611],[-75.033,7.771],[-75.164,7.801],[-75.164,7.89],[-75.216,7.945],[-75.294,7.891],[-75.331,7.926],[-75.337,7.948],[-75.309,7.947],[-75.221,8.066],[-75.168,8.052],[-75.057,8.047],[-74.913,8.099],[-74.933,7.98],[-74.923,7.809],[-74.806,7.785]]]}},{"type":"Feature","properties":{"divipola_mpio":"05150","divipola_dpto":"05","municipio":"CAROLINA","departamento":"ANTIOQUIA","area_km2":149.58},"geometry":{"type":"Polygon","coordinates":[[[-75.287,6.678],[-75.379,6.773],[-75.288,6.822],[-75.23,6.793],[-75.287,6.678]]]}},{"type":"Feature","properties":{"divipola_mpio":"05148","divipola_dpto":"05","municipio":"EL CARMEN DE VIBORAL","departamento":"ANTIOQUIA","area_km2":423.65},"geometry":{"type":"Polygon","coordinates":[[[-75.308,6.144],[-75.268,6.057],[-75.136,5.94],[-75.166,5.873],[-75.268,5.854],[-75.284,5.873],[-75.36,6.031],[-75.387,6.058],[-75.352,6.145],[-75.308,6.144]]]}},{"type":"Feature","properties":{"divipola_mpio":"05147","divipola_dpto":"05","municipio":"CAREPA","departamento":"ANTIOQUIA","area_km2":387.27},"geometry":{"type":"Polygon","coordinates":[[[-76.753,7.879],[-76.702,7.812],[-76.549,7.771],[-76.517,7.835],[-76.464,7.87],[-76.491,7.72],[-76.62,7.734],[-76.702,7.719],[-76.81,7.771],[-76.805,7.869],[-76.753,7.879]]]}},{"type":"Feature","properties":{"divipola_mpio":"05145","divipola_dpto":"05","municipio":"CARAMANTA","departamento":"ANTIOQUIA","area_km2":92.06},"geometry":{"type":"Polygon","coordinates":[[[-75.581,5.606],[-75.571,5.544],[-75.577,5.516],[-75.641,5.53],[-75.704,5.537],[-75.714,5.547],[-75.676,5.598],[-75.581,5.606]]]}},{"type":"Feature","properties":{"divipola_mpio":"05142","divipola_dpto":"05","municipio":"CARACOLÍ","departamento":"ANTIOQUIA","area_km2":262.8},"geometry":{"type":"Polygon","coordinates":[[[-74.718,6.396],[-74.633,6.275],[-74.713,6.24],[-74.793,6.313],[-74.838,6.434],[-74.812,6.462],[-74.718,6.396]]]}},{"type":"Feature","properties":{"divipola_mpio":"05138","divipola_dpto":"05","municipio":"CAÑASGORDAS","departamento":"ANTIOQUIA","area_km2":364.83},"geometry":{"type":"Polygon","coordinates":[[[-75.954,6.967],[-75.983,6.761],[-75.959,6.726],[-76.011,6.647],[-76.087,6.755],[-76.122,6.851],[-76.101,6.892],[-75.983,6.943],[-75.965,6.98],[-75.954,6.967]]]}},{"type":"Feature","properties":{"divipola_mpio":"05134","divipola_dpto":"05","municipio":"CAMPAMENTO","departamento":"ANTIOQUIA","area_km2":206.34},"geometry":{"type":"Polygon","coordinates":[[[-75.224,6.933],[-75.243,6.927],[-75.268,6.97],[-75.336,6.946],[-75.314,7.011],[-75.333,7.076],[-75.317,7.213],[-75.315,7.16],[-75.26,7.115],[-75.224,7.037],[-75.224,6.933]]]}},{"type":"Feature","properties":{"divipola_mpio":"05129","divipola_dpto":"05","municipio":"CALDAS","departamento":"ANTIOQUIA","area_km2":132.76},"geometry":{"type":"Polygon","coordinates":[[[-75.606,6.116],[-75.59,6.113],[-75.573,6.099],[-75.592,6.006],[-75.614,5.979],[-75.67,5.999],[-75.677,6.088],[-75.672,6.119],[-75.606,6.116]]]}},{"type":"Feature","properties":{"divipola_mpio":"05125","divipola_dpto":"05","municipio":"CAICEDO","departamento":"ANTIOQUIA","area_km2":200.13},"geometry":{"type":"Polygon","coordinates":[[[-76.038,6.504],[-75.943,6.458],[-75.905,6.396],[-75.988,6.344],[-76.042,6.378],[-76.058,6.507],[-76.038,6.504]]]}},{"type":"Feature","properties":{"divipola_mpio":"05674","divipola_dpto":"05","municipio":"SAN VICENTE FERRER","departamento":"ANTIOQUIA","area_km2":230.49},"geometry":{"type":"Polygon","coordinates":[[[-75.306,6.391],[-75.243,6.322],[-75.284,6.259],[-75.327,6.224],[-75.38,6.233],[-75.407,6.348],[-75.404,6.365],[-75.306,6.391]]]}},{"type":"Feature","properties":{"divipola_mpio":"05670","divipola_dpto":"05","municipio":"SAN ROQUE","departamento":"ANTIOQUIA","area_km2":424.85},"geometry":{"type":"Polygon","coordinates":[[[-74.839,6.509],[-74.812,6.462],[-74.838,6.434],[-74.793,6.313],[-74.828,6.338],[-74.917,6.403],[-74.987,6.385],[-75.033,6.418],[-75.097,6.463],[-75.02,6.539],[-74.839,6.509]]]}},{"type":"Feature","properties":{"divipola_mpio":"05667","divipola_dpto":"05","municipio":"SAN RAFAEL","departamento":"ANTIOQUIA","area_km2":363.93},"geometry":{"type":"Polygon","coordinates":[[[-74.828,6.338],[-74.912,6.31],[-75.058,6.209],[-75.118,6.235],[-75.117,6.302],[-74.987,6.385],[-74.917,6.403],[-74.828,6.338]]]}},{"type":"Feature","properties":{"divipola_mpio":"05665","divipola_dpto":"05","municipio":"SAN PEDRO DE URABÁ","departamento":"ANTIOQUIA","area_km2":602.53},"geometry":{"type":"Polygon","coordinates":[[[-76.255,8.594],[-76.21,8.523],[-76.218,8.444],[-76.18,8.399],[-76.288,8.329],[-76.352,8.204],[-76.348,8.155],[-76.402,8.102],[-76.411,8.191],[-76.393,8.38],[-76.403,8.464],[-76.329,8.447],[-76.32,8.544],[-76.255,8.594]]]}},{"type":"Feature","properties":{"divipola_mpio":"05664","divipola_dpto":"05","municipio":"SAN PEDRO DE LOS MILAGROS","departamento":"ANTIOQUIA","area_km2":220.94},"geometry":{"type":"Polygon","coordinates":[[[-75.461,6.512],[-75.489,6.43],[-75.533,6.389],[-75.592,6.432],[-75.663,6.405],[-75.645,6.494],[-75.565,6.53],[-75.461,6.512]]]}},{"type":"Feature","properties":{"divipola_mpio":"05660","divipola_dpto":"05","municipio":"SAN LUIS","departamento":"ANTIOQUIA","area_km2":425.62},"geometry":{"type":"Polygon","coordinates":[[[-74.92,6.043],[-74.769,5.994],[-74.844,5.927],[-74.954,5.953],[-75.01,5.925],[-75.069,6.0],[-75.085,6.021],[-75.062,6.127],[-74.955,6.1],[-74.92,6.043]]]}},{"type":"Feature","properties":{"divipola_mpio":"05659","divipola_dpto":"05","municipio":"SAN JUAN DE URABÁ","departamento":"ANTIOQUIA","area_km2":252.0},"geometry":{"type":"Polygon","coordinates":[[[-76.566,8.611],[-76.628,8.72],[-76.544,8.763],[-76.486,8.818],[-76.451,8.689],[-76.566,8.611]]]}},{"type":"Feature","properties":{"divipola_mpio":"05658","divipola_dpto":"05","municipio":"SAN JOSÉ DE LA MONTAÑA","departamento":"ANTIOQUIA","area_km2":126.07},"geometry":{"type":"Polygon","coordinates":[[[-75.643,6.87],[-75.627,6.786],[-75.668,6.753],[-75.726,6.798],[-75.734,6.805],[-75.698,6.887],[-75.643,6.87]]]}},{"type":"Feature","properties":{"divipola_mpio":"05656","divipola_dpto":"05","municipio":"SAN JERÓNIMO","departamento":"ANTIOQUIA","area_km2":161.27},"geometry":{"type":"Polygon","coordinates":[[[-75.65,6.502],[-75.645,6.494],[-75.663,6.405],[-75.669,6.373],[-75.718,6.361],[-75.78,6.42],[-75.732,6.491],[-75.65,6.502]]]}},{"type":"Feature","properties":{"divipola_mpio":"05652","divipola_dpto":"05","municipio":"SAN FRANCISCO","departamento":"ANTIOQUIA","area_km2":356.34},"geometry":{"type":"Polygon","coordinates":[[[-74.844,5.927],[-74.894,5.829],[-74.95,5.782],[-75.054,5.752],[-75.022,5.825],[-75.055,5.919],[-75.069,6.0],[-75.01,5.925],[-74.954,5.953],[-74.844,5.927]]]}},{"type":"Feature","properties":{"divipola_mpio":"05649","divipola_dpto":"05","municipio":"SAN CARLOS","departamento":"ANTIOQUIA","area_km2":717.81},"geometry":{"type":"Polygon","coordinates":[[[-74.793,6.313],[-74.713,6.24],[-74.773,6.201],[-74.82,6.087],[-74.92,6.043],[-74.955,6.1],[-75.062,6.127],[-75.122,6.232],[-75.118,6.235],[-75.058,6.209],[-74.912,6.31],[-74.828,6.338],[-74.793,6.313]]]}},{"type":"Feature","properties":{"divipola_mpio":"05647","divipola_dpto":"05","municipio":"SAN ANDRÉS DE CUERQUÍA","departamento":"ANTIOQUIA","area_km2":218.73},"geometry":{"type":"Polygon","coordinates":[[[-75.576,6.893],[-75.643,6.87],[-75.698,6.887],[-75.734,6.805],[-75.764,6.788],[-75.736,6.927],[-75.659,7.029],[-75.603,6.975],[-75.576,6.893]]]}},{"type":"Feature","properties":{"divipola_mpio":"05642","divipola_dpto":"05","municipio":"SALGAR","departamento":"ANTIOQUIA","area_km2":288.23},"geometry":{"type":"Polygon","coordinates":[[[-75.998,6.069],[-75.943,6.044],[-75.944,5.979],[-75.849,5.956],[-75.856,5.938],[-75.885,5.907],[-75.915,5.863],[-76.054,5.932],[-76.097,6.004],[-75.998,6.069]]]}},{"type":"Feature","properties":{"divipola_mpio":"05628","divipola_dpto":"05","municipio":"SABANALARGA","departamento":"ANTIOQUIA","area_km2":265.76},"geometry":{"type":"Polygon","coordinates":[[[-75.736,6.927],[-75.764,6.788],[-75.871,6.784],[-75.845,6.871],[-75.823,6.979],[-75.775,7.046],[-75.765,7.062],[-75.736,6.927]]]}},{"type":"Feature","properties":{"divipola_mpio":"05615","divipola_dpto":"05","municipio":"RIONEGRO","departamento":"ANTIOQUIA","area_km2":195.94},"geometry":{"type":"Polygon","coordinates":[[[-75.327,6.224],[-75.352,6.145],[-75.387,6.058],[-75.445,6.059],[-75.475,6.158],[-75.485,6.191],[-75.486,6.206],[-75.38,6.233],[-75.327,6.224]]]}},{"type":"Feature","properties":{"divipola_mpio":"05607","divipola_dpto":"05","municipio":"RETIRO","departamento":"ANTIOQUIA","area_km2":243.6},"geometry":{"type":"Polygon","coordinates":[[[-75.475,6.158],[-75.445,6.059],[-75.458,6.001],[-75.508,5.96],[-75.562,5.975],[-75.592,6.006],[-75.573,6.099],[-75.475,6.158]]]}},{"type":"Feature","properties":{"divipola_mpio":"05604","divipola_dpto":"05","municipio":"REMEDIOS","departamento":"ANTIOQUIA","area_km2":1989.19},"geometry":{"type":"Polygon","coordinates":[[[-74.284,7.009],[-74.244,7.004],[-74.381,6.911],[-74.452,6.755],[-74.497,6.7],[-74.58,6.705],[-74.579,6.782],[-74.572,6.861],[-74.633,6.924],[-74.822,6.869],[-74.838,6.991],[-74.858,7.047],[-74.842,7.134],[-74.76,7.135],[-74.71,7.071],[-74.618,7.167],[-74.388,7.267],[-74.41,7.202],[-74.352,7.082],[-74.355,7.01],[-74.284,7.009]]]}},{"type":"Feature","properties":{"divipola_mpio":"05591","divipola_dpto":"05","municipio":"PUERTO TRIUNFO","departamento":"ANTIOQUIA","area_km2":369.56},"geometry":{"type":"Polygon","coordinates":[[[-74.64,5.86],[-74.844,5.927],[-74.769,5.994],[-74.704,6.031],[-74.567,6.058],[-74.585,5.925],[-74.64,5.86]]]}},{"type":"Feature","properties":{"divipola_mpio":"05585","divipola_dpto":"05","municipio":"PUERTO NARE","departamento":"ANTIOQUIA","area_km2":669.29},"geometry":{"type":"Polygon","coordinates":[[[-74.633,6.275],[-74.534,6.269],[-74.612,6.126],[-74.567,6.058],[-74.704,6.031],[-74.769,5.994],[-74.92,6.043],[-74.82,6.087],[-74.773,6.201],[-74.713,6.24],[-74.633,6.275]]]}},{"type":"Feature","properties":{"divipola_mpio":"05579","divipola_dpto":"05","municipio":"PUERTO BERRÍO","departamento":"ANTIOQUIA","area_km2":1220.11},"geometry":{"type":"Polygon","coordinates":[[[-74.36,6.632],[-74.409,6.586],[-74.397,6.452],[-74.451,6.332],[-74.508,6.286],[-74.527,6.274],[-74.534,6.269],[-74.633,6.275],[-74.718,6.396],[-74.65,6.451],[-74.609,6.581],[-74.561,6.638],[-74.497,6.7],[-74.452,6.755],[-74.42,6.737],[-74.36,6.632]]]}},{"type":"Feature","properties":{"divipola_mpio":"05576","divipola_dpto":"05","municipio":"PUEBLORRICO","departamento":"ANTIOQUIA","area_km2":75.43},"geometry":{"type":"Polygon","coordinates":[[[-75.885,5.907],[-75.887,5.865],[-75.821,5.821],[-75.836,5.73],[-75.873,5.775],[-75.915,5.847],[-75.915,5.863],[-75.885,5.907]]]}},{"type":"Feature","properties":{"divipola_mpio":"05543","divipola_dpto":"05","municipio":"PEQUE","departamento":"ANTIOQUIA","area_km2":434.07},"geometry":{"type":"Polygon","coordinates":[[[-75.775,7.046],[-75.823,6.979],[-75.845,6.871],[-75.917,6.964],[-75.954,6.967],[-75.965,6.98],[-75.982,7.001],[-75.966,7.131],[-75.945,7.186],[-75.885,7.222],[-75.879,7.115],[-75.775,7.046]]]}},{"type":"Feature","properties":{"divipola_mpio":"05541","divipola_dpto":"05","municipio":"PEÑOL","departamento":"ANTIOQUIA","area_km2":118.31},"geometry":{"type":"Polygon","coordinates":[[[-75.183,6.285],[-75.196,6.242],[-75.163,6.172],[-75.233,6.163],[-75.253,6.171],[-75.284,6.259],[-75.243,6.322],[-75.183,6.285]]]}},{"type":"Feature","properties":{"divipola_mpio":"05501","divipola_dpto":"05","municipio":"OLAYA","departamento":"ANTIOQUIA","area_km2":86.99},"geometry":{"type":"Polygon","coordinates":[[[-75.72,6.652],[-75.718,6.636],[-75.801,6.538],[-75.823,6.642],[-75.72,6.652]]]}},{"type":"Feature","properties":{"divipola_mpio":"05495","divipola_dpto":"05","municipio":"NECHÍ","departamento":"ANTIOQUIA","area_km2":937.32},"geometry":{"type":"Polygon","coordinates":[[[-74.615,8.031],[-74.561,7.968],[-74.634,7.901],[-74.749,7.946],[-74.82,7.941],[-74.79,7.809],[-74.806,7.785],[-74.923,7.809],[-74.933,7.98],[-74.913,8.099],[-74.83,8.2],[-74.785,8.132],[-74.631,8.055],[-74.615,8.031]]]}},{"type":"Feature","properties":{"divipola_mpio":"05490","divipola_dpto":"05","municipio":"NECOCLÍ","departamento":"ANTIOQUIA","area_km2":1255.54},"geometry":{"type":"Polygon","coordinates":[[[-76.566,8.611],[-76.571,8.582],[-76.434,8.45],[-76.445,8.372],[-76.566,8.401],[-76.622,8.33],[-76.774,8.267],[-76.758,8.392],[-76.824,8.496],[-76.927,8.542],[-76.886,8.623],[-76.799,8.631],[-76.649,8.671],[-76.628,8.72],[-76.566,8.611]]]}},{"type":"Feature","properties":{"divipola_mpio":"05483","divipola_dpto":"05","municipio":"NARIÑO","departamento":"ANTIOQUIA","area_km2":316.77},"geometry":{"type":"Polygon","coordinates":[[[-75.283,5.476],[-75.235,5.676],[-75.161,5.647],[-75.069,5.663],[-75.133,5.541],[-75.283,5.476]]]}},{"type":"Feature","properties":{"divipola_mpio":"05480","divipola_dpto":"05","municipio":"MUTATÁ","departamento":"ANTIOQUIA","area_km2":1075.17},"geometry":{"type":"Polygon","coordinates":[[[-76.381,7.392],[-76.218,7.15],[-76.318,7.153],[-76.396,7.187],[-76.485,7.135],[-76.531,7.255],[-76.615,7.312],[-76.682,7.467],[-76.644,7.469],[-76.576,7.486],[-76.502,7.555],[-76.381,7.392]]]}},{"type":"Feature","properties":{"divipola_mpio":"05467","divipola_dpto":"05","municipio":"MONTEBELLO","departamento":"ANTIOQUIA","area_km2":76.03},"geometry":{"type":"Polygon","coordinates":[[[-75.562,5.975],[-75.508,5.96],[-75.481,5.934],[-75.486,5.871],[-75.534,5.86],[-75.562,5.975]]]}},{"type":"Feature","properties":{"divipola_mpio":"05440","divipola_dpto":"05","municipio":"MARINILLA","departamento":"ANTIOQUIA","area_km2":114.87},"geometry":{"type":"Polygon","coordinates":[[[-75.284,6.259],[-75.253,6.171],[-75.308,6.144],[-75.352,6.145],[-75.327,6.224],[-75.284,6.259]]]}},{"type":"Feature","properties":{"divipola_mpio":"05425","divipola_dpto":"05","municipio":"MACEO","departamento":"ANTIOQUIA","area_km2":387.1},"geometry":{"type":"Polygon","coordinates":[[[-74.561,6.638],[-74.609,6.581],[-74.65,6.451],[-74.718,6.396],[-74.812,6.462],[-74.839,6.509],[-74.735,6.603],[-74.561,6.638]]]}},{"type":"Feature","properties":{"divipola_mpio":"05411","divipola_dpto":"05","municipio":"LIBORINA","departamento":"ANTIOQUIA","area_km2":216.42},"geometry":{"type":"Polygon","coordinates":[[[-75.734,6.805],[-75.726,6.798],[-75.72,6.652],[-75.823,6.642],[-75.833,6.68],[-75.871,6.784],[-75.764,6.788],[-75.734,6.805]]]}},{"type":"Feature","properties":{"divipola_mpio":"05400","divipola_dpto":"05","municipio":"LA UNIÓN","departamento":"ANTIOQUIA","area_km2":167.74},"geometry":{"type":"Polygon","coordinates":[[[-75.284,5.873],[-75.415,5.902],[-75.419,5.981],[-75.36,6.031],[-75.284,5.873]]]}},{"type":"Feature","properties":{"divipola_mpio":"05390","divipola_dpto":"05","municipio":"LA PINTADA","departamento":"ANTIOQUIA","area_km2":54.3},"geometry":{"type":"Polygon","coordinates":[[[-75.57,5.725],[-75.599,5.681],[-75.642,5.757],[-75.641,5.762],[-75.62,5.802],[-75.57,5.725]]]}},{"type":"Feature","properties":{"divipola_mpio":"05376","divipola_dpto":"05","municipio":"LA CEJA","departamento":"ANTIOQUIA","area_km2":132.71},"geometry":{"type":"Polygon","coordinates":[[[-75.387,6.058],[-75.36,6.031],[-75.419,5.981],[-75.415,5.902],[-75.481,5.934],[-75.508,5.96],[-75.458,6.001],[-75.445,6.059],[-75.387,6.058]]]}},{"type":"Feature","properties":{"divipola_mpio":"05368","divipola_dpto":"05","municipio":"JERICÓ","departamento":"ANTIOQUIA","area_km2":205.0},"geometry":{"type":"Polygon","coordinates":[[[-75.665,5.8],[-75.745,5.733],[-75.807,5.654],[-75.81,5.655],[-75.836,5.73],[-75.821,5.821],[-75.761,5.873],[-75.665,5.8]]]}},{"type":"Feature","properties":{"divipola_mpio":"05364","divipola_dpto":"05","municipio":"JARDÍN","departamento":"ANTIOQUIA","area_km2":201.16},"geometry":{"type":"Polygon","coordinates":[[[-75.807,5.654],[-75.752,5.628],[-75.73,5.564],[-75.868,5.49],[-75.906,5.482],[-75.871,5.544],[-75.873,5.637],[-75.81,5.655],[-75.807,5.654]]]}},{"type":"Feature","properties":{"divipola_mpio":"05360","divipola_dpto":"05","municipio":"ITAGÜÍ","departamento":"ANTIOQUIA","area_km2":19.65},"geometry":{"type":"Polygon","coordinates":[[[-75.583,6.189],[-75.605,6.163],[-75.626,6.154],[-75.648,6.172],[-75.583,6.189]]]}},{"type":"Feature","properties":{"divipola_mpio":"05353","divipola_dpto":"05","municipio":"HISPANIA","departamento":"ANTIOQUIA","area_km2":57.52},"geometry":{"type":"Polygon","coordinates":[[[-75.873,5.775],[-75.893,5.754],[-75.955,5.798],[-75.915,5.847],[-75.873,5.775]]]}},{"type":"Feature","properties":{"divipola_mpio":"05347","divipola_dpto":"05","municipio":"HELICONIA","departamento":"ANTIOQUIA","area_km2":114.85},"geometry":{"type":"Polygon","coordinates":[[[-75.71,6.259],[-75.694,6.194],[-75.747,6.146],[-75.817,6.225],[-75.81,6.26],[-75.71,6.259]]]}},{"type":"Feature","properties":{"divipola_mpio":"05321","divipola_dpto":"05","municipio":"GUATAPÉ","departamento":"ANTIOQUIA","area_km2":83.33},"geometry":{"type":"Polygon","coordinates":[[[-75.118,6.235],[-75.122,6.232],[-75.163,6.172],[-75.196,6.242],[-75.183,6.285],[-75.17,6.297],[-75.117,6.302],[-75.118,6.235]]]}},{"type":"Feature","properties":{"divipola_mpio":"05318","divipola_dpto":"05","municipio":"GUARNE","departamento":"ANTIOQUIA","area_km2":151.81},"geometry":{"type":"Polygon","coordinates":[[[-75.407,6.348],[-75.38,6.233],[-75.486,6.206],[-75.501,6.297],[-75.451,6.334],[-75.407,6.348]]]}},{"type":"Feature","properties":{"divipola_mpio":"05315","divipola_dpto":"05","municipio":"GUADALUPE","departamento":"ANTIOQUIA","area_km2":118.21},"geometry":{"type":"Polygon","coordinates":[[[-75.17,6.906],[-75.182,6.846],[-75.23,6.793],[-75.288,6.822],[-75.243,6.927],[-75.224,6.933],[-75.17,6.906]]]}},{"type":"Feature","properties":{"divipola_mpio":"05313","divipola_dpto":"05","municipio":"GRANADA","departamento":"ANTIOQUIA","area_km2":190.23},"geometry":{"type":"Polygon","coordinates":[[[-75.062,6.127],[-75.085,6.021],[-75.167,6.101],[-75.233,6.163],[-75.163,6.172],[-75.122,6.232],[-75.062,6.127]]]}},{"type":"Feature","properties":{"divipola_mpio":"05310","divipola_dpto":"05","municipio":"GÓMEZ PLATA","departamento":"ANTIOQUIA","area_km2":332.2},"geometry":{"type":"Polygon","coordinates":[[[-75.109,6.782],[-75.123,6.658],[-75.197,6.575],[-75.287,6.678],[-75.23,6.793],[-75.182,6.846],[-75.109,6.782]]]}},{"type":"Feature","properties":{"divipola_mpio":"05308","divipola_dpto":"05","municipio":"GIRARDOTA","departamento":"ANTIOQUIA","area_km2":82.86},"geometry":{"type":"Polygon","coordinates":[[[-75.404,6.365],[-75.407,6.348],[-75.451,6.334],[-75.489,6.43],[-75.448,6.436],[-75.404,6.365]]]}},{"type":"Feature","properties":{"divipola_mpio":"05234","divipola_dpto":"05","municipio":"DABEIBA","departamento":"ANTIOQUIA","area_km2":1957.26},"geometry":{"type":"Polygon","coordinates":[[[-76.218,7.15],[-76.157,7.128],[-76.062,7.171],[-75.966,7.131],[-75.982,7.001],[-76.075,6.941],[-76.153,6.978],[-76.224,6.921],[-76.289,6.9],[-76.276,6.804],[-76.315,6.774],[-76.408,6.85],[-76.43,6.744],[-76.521,6.765],[-76.577,6.695],[-76.602,6.715],[-76.572,6.846],[-76.512,6.926],[-76.548,7.003],[-76.526,7.105],[-76.485,7.135],[-76.396,7.187],[-76.318,7.153],[-76.218,7.15]]]}},{"type":"Feature","properties":{"divipola_mpio":"05284","divipola_dpto":"05","municipio":"FRONTINO","departamento":"ANTIOQUIA","area_km2":1384.13},"geometry":{"type":"Polygon","coordinates":[[[-76.122,6.851],[-76.087,6.755],[-76.103,6.714],[-76.177,6.679],[-76.162,6.592],[-76.227,6.571],[-76.318,6.506],[-76.38,6.594],[-76.484,6.497],[-76.523,6.587],[-76.564,6.566],[-76.573,6.633],[-76.577,6.695],[-76.521,6.765],[-76.43,6.744],[-76.408,6.85],[-76.315,6.774],[-76.276,6.804],[-76.289,6.9],[-76.224,6.921],[-76.247,6.877],[-76.156,6.824],[-76.122,6.851]]]}},{"type":"Feature","properties":{"divipola_mpio":"05361","divipola_dpto":"05","municipio":"ITUANGO","departamento":"ANTIOQUIA","area_km2":2841.12},"geometry":{"type":"Polygon","coordinates":[[[-75.672,7.597],[-75.601,7.59],[-75.541,7.492],[-75.568,7.381],[-75.514,7.373],[-75.529,7.299],[-75.445,7.249],[-75.605,7.179],[-75.687,7.084],[-75.765,7.062],[-75.775,7.046],[-75.879,7.115],[-75.885,7.222],[-75.945,7.186],[-75.966,7.131],[-76.062,7.171],[-76.157,7.128],[-76.218,7.15],[-76.381,7.392],[-76.056,7.364],[-75.966,7.357],[-75.845,7.347],[-75.742,7.612],[-75.672,7.597]]]}},{"type":"Feature","properties":{"divipola_mpio":"05847","divipola_dpto":"05","municipio":"URRAO","departamento":"ANTIOQUIA","area_km2":2563.4},"geometry":{"type":"Polygon","coordinates":[[[-76.162,6.592],[-76.058,6.507],[-76.042,6.378],[-75.988,6.344],[-76.004,6.285],[-76.048,6.261],[-75.997,6.078],[-75.998,6.069],[-76.097,6.004],[-76.16,6.004],[-76.191,6.059],[-76.21,6.185],[-76.247,6.204],[-76.378,6.193],[-76.445,6.168],[-76.523,6.219],[-76.524,6.383],[-76.564,6.566],[-76.523,6.587],[-76.484,6.497],[-76.38,6.594],[-76.318,6.506],[-76.227,6.571],[-76.162,6.592]]]}},{"type":"Feature","properties":{"divipola_mpio":"05475","divipola_dpto":"05","municipio":"MURINDÓ","departamento":"ANTIOQUIA","area_km2":1266.2},"geometry":{"type":"Polygon","coordinates":[[[-76.548,7.003],[-76.512,6.926],[-76.572,6.846],[-76.602,6.715],[-76.577,6.695],[-76.573,6.633],[-76.708,6.663],[-76.75,6.639],[-76.849,6.659],[-76.871,6.732],[-76.917,6.784],[-76.9,6.829],[-76.794,6.865],[-76.824,7.005],[-76.676,7.03],[-76.548,7.003]]]}},{"type":"Feature","properties":{"divipola_mpio":"05873","divipola_dpto":"05","municipio":"VIGÍA DEL FUERTE","departamento":"ANTIOQUIA","area_km2":1661.85},"geometry":{"type":"Polygon","coordinates":[[[-76.9,6.829],[-76.917,6.784],[-76.871,6.732],[-76.849,6.659],[-76.75,6.639],[-76.708,6.663],[-76.573,6.633],[-76.564,6.566],[-76.524,6.383],[-76.523,6.219],[-76.445,6.168],[-76.602,6.192],[-76.715,6.171],[-76.718,6.215],[-76.777,6.286],[-76.791,6.342],[-76.778,6.489],[-76.899,6.58],[-76.954,6.675],[-76.972,6.798],[-76.914,6.846],[-76.9,6.829]]]}},{"type":"Feature","properties":{"divipola_mpio":"05045","divipola_dpto":"05","municipio":"APARTADÓ","departamento":"ANTIOQUIA","area_km2":535.17},"geometry":{"type":"Polygon","coordinates":[[[-76.425,8.073],[-76.412,8.007],[-76.422,7.912],[-76.464,7.87],[-76.517,7.835],[-76.549,7.771],[-76.702,7.812],[-76.753,7.879],[-76.533,7.963],[-76.425,8.073]]]}},{"type":"Feature","properties":{"divipola_mpio":"27615","divipola_dpto":"27","municipio":"RIOSUCIO","departamento":"CHOCÓ","area_km2":7607.55},"geometry":{"type":"Polygon","coordinates":[[[-77.179,7.957],[-77.099,7.922],[-77.075,7.848],[-77.123,7.79],[-76.96,7.64],[-76.936,7.584],[-76.801,7.571],[-76.682,7.467],[-76.615,7.312],[-76.531,7.255],[-76.485,7.135],[-76.526,7.105],[-76.586,7.136],[-76.66,7.252],[-76.762,7.314],[-76.84,7.295],[-76.987,7.291],[-76.998,7.25],[-77.078,7.203],[-77.099,7.143],[-77.223,7.1],[-77.392,6.937],[-77.403,6.871],[-77.363,6.808],[-77.372,6.808],[-77.458,6.823],[-77.52,6.731],[-77.537,6.846],[-77.591,6.932],[-77.561,6.995],[-77.598,7.087],[-77.602,7.206],[-77.668,7.222],[-77.736,7.386],[-77.711,7.5],[-77.749,7.615],[-77.742,7.678],[-77.647,7.653],[-77.607,7.542],[-77.569,7.508],[-77.493,7.584],[-77.313,7.897],[-77.179,7.957]]]}},{"type":"Feature","properties":{"divipola_mpio":"27001","divipola_dpto":"27","municipio":"QUIBDÓ","departamento":"CHOCÓ","area_km2":3507.12},"geometry":{"type":"Polygon","coordinates":[[[-76.791,6.342],[-76.777,6.286],[-76.718,6.215],[-76.715,6.171],[-76.753,6.132],[-76.872,6.119],[-76.941,6.141],[-76.983,6.036],[-76.923,6.012],[-76.925,5.892],[-76.838,5.811],[-76.587,5.909],[-76.517,5.992],[-76.42,6.036],[-76.283,6.151],[-76.247,6.204],[-76.21,6.185],[-76.191,6.059],[-76.16,6.004],[-76.193,5.912],[-76.237,5.904],[-76.37,5.79],[-76.376,5.723],[-76.475,5.687],[-76.652,5.629],[-76.679,5.652],[-76.718,5.685],[-76.893,5.683],[-76.949,5.668],[-76.994,5.732],[-77.037,5.939],[-77.101,5.975],[-77.14,6.037],[-77.123,6.097],[-77.059,6.152],[-77.074,6.234],[-77.035,6.295],[-76.949,6.234],[-76.901,6.239],[-76.791,6.342]]]}},{"type":"Feature","properties":{"divipola_mpio":"27006","divipola_dpto":"27","municipio":"ACANDÍ","departamento":"CHOCÓ","area_km2":797.64},"geometry":{"type":"Polygon","coordinates":[[[-77.078,8.318],[-77.156,8.288],[-77.298,8.277],[-77.349,8.297],[-77.348,8.357],[-77.386,8.44],[-77.45,8.5],[-77.345,8.645],[-77.287,8.572],[-77.248,8.471],[-77.129,8.409],[-77.078,8.318]]]}},{"type":"Feature","properties":{"divipola_mpio":"27025","divipola_dpto":"27","municipio":"ALTO BAUDÓ","departamento":"CHOCÓ","area_km2":2050.42},"geometry":{"type":"Polygon","coordinates":[[[-77.14,6.037],[-77.101,5.975],[-77.037,5.939],[-76.994,5.732],[-76.949,5.668],[-76.969,5.49],[-76.915,5.539],[-76.876,5.514],[-76.895,5.441],[-76.861,5.388],[-76.932,5.287],[-77.036,5.329],[-77.1,5.395],[-77.192,5.38],[-77.26,5.428],[-77.269,5.507],[-77.212,5.526],[-77.19,5.643],[-77.216,5.732],[-77.138,5.849],[-77.219,5.878],[-77.29,6.006],[-77.276,6.028],[-77.14,6.037]]]}},{"type":"Feature","properties":{"divipola_mpio":"27050","divipola_dpto":"27","municipio":"ATRATO","departamento":"CHOCÓ","area_km2":421.57},"geometry":{"type":"Polygon","coordinates":[[[-76.475,5.687],[-76.515,5.559],[-76.586,5.549],[-76.57,5.451],[-76.61,5.404],[-76.682,5.433],[-76.707,5.578],[-76.679,5.652],[-76.652,5.629],[-76.475,5.687]]]}},{"type":"Feature","properties":{"divipola_mpio":"27073","divipola_dpto":"27","municipio":"BAGADÓ","departamento":"CHOCÓ","area_km2":807.45},"geometry":{"type":"Polygon","coordinates":[[[-76.074,5.678],[-76.007,5.623],[-76.009,5.567],[-76.085,5.534],[-76.089,5.447],[-76.191,5.415],[-76.227,5.375],[-76.326,5.335],[-76.404,5.359],[-76.398,5.42],[-76.336,5.428],[-76.316,5.528],[-76.22,5.582],[-76.14,5.655],[-76.087,5.689],[-76.074,5.678]]]}},{"type":"Feature","properties":{"divipola_mpio":"27075","divipola_dpto":"27","municipio":"BAHÍA SOLANO","departamento":"CHOCÓ","area_km2":895.3},"geometry":{"type":"Polygon","coordinates":[[[-77.363,6.808],[-77.313,6.767],[-77.37,6.73],[-77.359,6.625],[-77.309,6.551],[-77.337,6.425],[-77.302,6.379],[-77.298,6.268],[-77.255,6.26],[-77.222,6.136],[-77.292,6.077],[-77.276,6.028],[-77.29,6.006],[-77.334,5.99],[-77.455,6.134],[-77.483,6.193],[-77.409,6.228],[-77.359,6.393],[-77.359,6.488],[-77.325,6.549],[-77.397,6.621],[-77.405,6.685],[-77.483,6.698],[-77.428,6.772],[-77.372,6.808],[-77.363,6.808]]]}},{"type":"Feature","properties":{"divipola_mpio":"27077","divipola_dpto":"27","municipio":"BAJO BAUDÓ","departamento":"CHOCÓ","area_km2":3479.25},"geometry":{"type":"Polygon","coordinates":[[[-77.269,5.507],[-77.26,5.428],[-77.192,5.38],[-77.1,5.395],[-77.036,5.329],[-76.932,5.287],[-76.97,5.298],[-77.062,5.212],[-77.159,5.187],[-77.187,5.105],[-77.247,5.089],[-77.231,5.033],[-77.152,5.033],[-77.064,4.954],[-76.977,4.918],[-76.975,4.842],[-76.937,4.775],[-77.059,4.695],[-77.159,4.526],[-77.061,4.473],[-77.19,4.443],[-77.276,4.558],[-77.326,4.569],[-77.313,4.774],[-77.348,4.811],[-77.375,4.959],[-77.387,5.288],[-77.413,5.404],[-77.39,5.443],[-77.523,5.505],[-77.319,5.556],[-77.269,5.507]]]}},{"type":"Feature","properties":{"divipola_mpio":"27099","divipola_dpto":"27","municipio":"BOJAYÁ","departamento":"CHOCÓ","area_km2":3630.65},"geometry":{"type":"Polygon","coordinates":[[[-76.791,6.342],[-76.901,6.239],[-76.949,6.234],[-77.035,6.295],[-77.074,6.234],[-77.059,6.152],[-77.123,6.097],[-77.14,6.037],[-77.276,6.028],[-77.292,6.077],[-77.222,6.136],[-77.255,6.26],[-77.298,6.268],[-77.302,6.379],[-77.337,6.425],[-77.309,6.551],[-77.359,6.625],[-77.37,6.73],[-77.313,6.767],[-77.2,6.776],[-77.187,6.835],[-77.088,6.814],[-76.914,6.846],[-76.972,6.798],[-76.954,6.675],[-76.899,6.58],[-76.778,6.489],[-76.791,6.342]]]}},{"type":"Feature","properties":{"divipola_mpio":"27135","divipola_dpto":"27","municipio":"EL CANTÓN DEL SAN PABLO","departamento":"CHOCÓ","area_km2":380.5},"geometry":{"type":"Polygon","coordinates":[[[-76.721,5.422],[-76.686,5.4],[-76.657,5.269],[-76.704,5.245],[-76.841,5.269],[-76.826,5.348],[-76.861,5.388],[-76.895,5.441],[-76.876,5.514],[-76.844,5.474],[-76.721,5.422]]]}},{"type":"Feature","properties":{"divipola_mpio":"27150","divipola_dpto":"27","municipio":"CARMEN DEL DARIÉN","departamento":"CHOCÓ","area_km2":3180.69},"geometry":{"type":"Polygon","coordinates":[[[-76.526,7.105],[-76.548,7.003],[-76.676,7.03],[-76.824,7.005],[-76.794,6.865],[-76.9,6.829],[-76.914,6.846],[-77.088,6.814],[-77.187,6.835],[-77.2,6.776],[-77.313,6.767],[-77.363,6.808],[-77.403,6.871],[-77.392,6.937],[-77.223,7.1],[-77.099,7.143],[-77.078,7.203],[-76.998,7.25],[-76.987,7.291],[-76.84,7.295],[-76.762,7.314],[-76.66,7.252],[-76.586,7.136],[-76.526,7.105]]]}},{"type":"Feature","properties":{"divipola_mpio":"27160","divipola_dpto":"27","municipio":"CÉRTEGUI","departamento":"CHOCÓ","area_km2":423.35},"geometry":{"type":"Polygon","coordinates":[[[-76.336,5.428],[-76.398,5.42],[-76.404,5.359],[-76.494,5.338],[-76.531,5.288],[-76.598,5.273],[-76.614,5.358],[-76.686,5.4],[-76.721,5.422],[-76.682,5.433],[-76.61,5.404],[-76.57,5.451],[-76.435,5.474],[-76.336,5.428]]]}},{"type":"Feature","properties":{"divipola_mpio":"27205","divipola_dpto":"27","municipio":"CONDOTO","departamento":"CHOCÓ","area_km2":467.72},"geometry":{"type":"Polygon","coordinates":[[[-76.291,5.126],[-76.43,5.095],[-76.444,5.027],[-76.497,4.986],[-76.557,5.008],[-76.707,4.991],[-76.677,5.109],[-76.627,5.097],[-76.495,5.153],[-76.429,5.125],[-76.36,5.128],[-76.36,5.198],[-76.302,5.187],[-76.291,5.126]]]}},{"type":"Feature","properties":{"divipola_mpio":"27245","divipola_dpto":"27","municipio":"EL CARMEN DE ATRATO","departamento":"CHOCÓ","area_km2":830.18},"geometry":{"type":"Polygon","coordinates":[[[-76.097,6.004],[-76.054,5.932],[-76.098,5.85],[-76.065,5.764],[-76.087,5.689],[-76.14,5.655],[-76.243,5.673],[-76.294,5.711],[-76.376,5.723],[-76.37,5.79],[-76.237,5.904],[-76.193,5.912],[-76.16,6.004],[-76.097,6.004]]]}},{"type":"Feature","properties":{"divipola_mpio":"27250","divipola_dpto":"27","municipio":"EL LITORAL DEL SAN JUAN","departamento":"CHOCÓ","area_km2":4134.98},"geometry":{"type":"Polygon","coordinates":[[[-77.061,4.473],[-76.955,4.429],[-76.829,4.426],[-76.637,4.381],[-76.549,4.338],[-76.488,4.236],[-76.455,4.23],[-76.449,4.162],[-76.499,4.064],[-76.589,3.993],[-76.625,4.015],[-76.681,3.965],[-76.86,4.03],[-76.915,4.096],[-76.994,4.121],[-77.05,4.095],[-77.159,4.183],[-77.307,4.165],[-77.353,4.198],[-77.45,4.039],[-77.526,4.127],[-77.525,4.257],[-77.423,4.287],[-77.428,4.318],[-77.354,4.416],[-77.326,4.569],[-77.276,4.558],[-77.19,4.443],[-77.061,4.473]]]}},{"type":"Feature","properties":{"divipola_mpio":"27361","divipola_dpto":"27","municipio":"ISTMINA","departamento":"CHOCÓ","area_km2":1879.97},"geometry":{"type":"Polygon","coordinates":[[[-76.704,5.245],[-76.628,5.215],[-76.535,5.218],[-76.682,5.127],[-76.725,5.116],[-76.779,4.991],[-76.86,4.93],[-76.881,4.809],[-76.866,4.719],[-76.964,4.692],[-76.921,4.604],[-76.843,4.614],[-76.721,4.553],[-76.653,4.491],[-76.679,4.469],[-76.637,4.381],[-76.829,4.426],[-76.955,4.429],[-77.061,4.473],[-77.159,4.526],[-77.059,4.695],[-76.937,4.775],[-76.975,4.842],[-76.977,4.918],[-76.921,4.965],[-76.881,4.945],[-76.854,5.033],[-76.797,5.086],[-76.79,5.158],[-76.851,5.203],[-76.841,5.269],[-76.704,5.245]]]}},{"type":"Feature","properties":{"divipola_mpio":"27372","divipola_dpto":"27","municipio":"JURADÓ","departamento":"CHOCÓ","area_km2":1252.15},"geometry":{"type":"Polygon","coordinates":[[[-77.372,6.808],[-77.428,6.772],[-77.483,6.698],[-77.533,6.699],[-77.57,6.796],[-77.618,6.843],[-77.711,6.88],[-77.663,7.0],[-77.883,7.218],[-77.793,7.461],[-77.711,7.5],[-77.736,7.386],[-77.668,7.222],[-77.602,7.206],[-77.598,7.087],[-77.561,6.995],[-77.591,6.932],[-77.537,6.846],[-77.52,6.731],[-77.458,6.823],[-77.372,6.808]]]}},{"type":"Feature","properties":{"divipola_mpio":"27413","divipola_dpto":"27","municipio":"LLORÓ","departamento":"CHOCÓ","area_km2":842.91},"geometry":{"type":"Polygon","coordinates":[[[-76.376,5.723],[-76.294,5.711],[-76.243,5.673],[-76.14,5.655],[-76.22,5.582],[-76.316,5.528],[-76.336,5.428],[-76.435,5.474],[-76.57,5.451],[-76.586,5.549],[-76.515,5.559],[-76.475,5.687],[-76.376,5.723]]]}},{"type":"Feature","properties":{"divipola_mpio":"27425","divipola_dpto":"27","municipio":"MEDIO ATRATO","departamento":"CHOCÓ","area_km2":1812.93},"geometry":{"type":"Polygon","coordinates":[[[-76.247,6.204],[-76.283,6.151],[-76.42,6.036],[-76.517,5.992],[-76.587,5.909],[-76.838,5.811],[-76.925,5.892],[-76.923,6.012],[-76.983,6.036],[-76.941,6.141],[-76.872,6.119],[-76.753,6.132],[-76.715,6.171],[-76.602,6.192],[-76.445,6.168],[-76.378,6.193],[-76.247,6.204]]]}},{"type":"Feature","properties":{"divipola_mpio":"27430","divipola_dpto":"27","municipio":"MEDIO BAUDÓ","departamento":"CHOCÓ","area_km2":1372.04},"geometry":{"type":"Polygon","coordinates":[[[-76.841,5.269],[-76.851,5.203],[-76.79,5.158],[-76.797,5.086],[-76.854,5.033],[-76.881,4.945],[-76.921,4.965],[-76.977,4.918],[-77.064,4.954],[-77.152,5.033],[-77.231,5.033],[-77.247,5.089],[-77.187,5.105],[-77.159,5.187],[-77.062,5.212],[-76.97,5.298],[-76.932,5.287],[-76.861,5.388],[-76.826,5.348],[-76.841,5.269]]]}},{"type":"Feature","properties":{"divipola_mpio":"27450","divipola_dpto":"27","municipio":"MEDIO SAN JUAN","departamento":"CHOCÓ","area_km2":660.56},"geometry":{"type":"Polygon","coordinates":[[[-76.682,5.127],[-76.677,5.109],[-76.707,4.991],[-76.686,4.933],[-76.757,4.879],[-76.804,4.774],[-76.843,4.752],[-76.813,4.651],[-76.723,4.603],[-76.653,4.491],[-76.721,4.553],[-76.843,4.614],[-76.921,4.604],[-76.964,4.692],[-76.866,4.719],[-76.881,4.809],[-76.86,4.93],[-76.779,4.991],[-76.725,5.116],[-76.682,5.127]]]}},{"type":"Feature","properties":{"divipola_mpio":"27491","divipola_dpto":"27","municipio":"NÓVITA","departamento":"CHOCÓ","area_km2":944.33},"geometry":{"type":"Polygon","coordinates":[[[-76.508,4.796],[-76.584,4.691],[-76.631,4.657],[-76.699,4.723],[-76.8,4.762],[-76.843,4.752],[-76.804,4.774],[-76.757,4.879],[-76.686,4.933],[-76.707,4.991],[-76.557,5.008],[-76.497,4.986],[-76.444,5.027],[-76.419,4.954],[-76.471,4.93],[-76.508,4.796]]]}},{"type":"Feature","properties":{"divipola_mpio":"27495","divipola_dpto":"27","municipio":"NUQUÍ","departamento":"CHOCÓ","area_km2":704.09},"geometry":{"type":"Polygon","coordinates":[[[-77.269,5.507],[-77.319,5.556],[-77.523,5.505],[-77.504,5.585],[-77.422,5.626],[-77.338,5.619],[-77.264,5.716],[-77.256,5.794],[-77.29,5.846],[-77.334,5.99],[-77.29,6.006],[-77.219,5.878],[-77.138,5.849],[-77.216,5.732],[-77.19,5.643],[-77.212,5.526],[-77.269,5.507]]]}},{"type":"Feature","properties":{"divipola_mpio":"27580","divipola_dpto":"27","municipio":"RÍO IRÓ","departamento":"CHOCÓ","area_km2":325.11},"geometry":{"type":"Polygon","coordinates":[[[-76.36,5.198],[-76.36,5.128],[-76.429,5.125],[-76.495,5.153],[-76.627,5.097],[-76.677,5.109],[-76.682,5.127],[-76.535,5.218],[-76.398,5.266],[-76.36,5.198]]]}},{"type":"Feature","properties":{"divipola_mpio":"27600","divipola_dpto":"27","municipio":"RÍO QUITO","departamento":"CHOCÓ","area_km2":698.96},"geometry":{"type":"Polygon","coordinates":[[[-76.679,5.652],[-76.707,5.578],[-76.682,5.433],[-76.721,5.422],[-76.844,5.474],[-76.876,5.514],[-76.915,5.539],[-76.969,5.49],[-76.949,5.668],[-76.893,5.683],[-76.718,5.685],[-76.679,5.652]]]}},{"type":"Feature","properties":{"divipola_mpio":"27660","divipola_dpto":"27","municipio":"SAN JOSÉ DEL PALMAR","departamento":"CHOCÓ","area_km2":1582.21},"geometry":{"type":"Polygon","coordinates":[[[-76.133,5.183],[-76.06,5.132],[-76.078,5.047],[-76.089,4.946],[-76.138,4.843],[-76.139,4.841],[-76.211,4.83],[-76.313,4.75],[-76.463,4.749],[-76.508,4.796],[-76.471,4.93],[-76.419,4.954],[-76.444,5.027],[-76.43,5.095],[-76.291,5.126],[-76.204,5.173],[-76.133,5.183]]]}},{"type":"Feature","properties":{"divipola_mpio":"27745","divipola_dpto":"27","municipio":"SIPÍ","departamento":"CHOCÓ","area_km2":1580.67},"geometry":{"type":"Polygon","coordinates":[[[-76.313,4.75],[-76.298,4.698],[-76.3,4.654],[-76.365,4.493],[-76.482,4.415],[-76.539,4.396],[-76.549,4.338],[-76.637,4.381],[-76.679,4.469],[-76.653,4.491],[-76.723,4.603],[-76.813,4.651],[-76.843,4.752],[-76.8,4.762],[-76.699,4.723],[-76.631,4.657],[-76.584,4.691],[-76.508,4.796],[-76.463,4.749],[-76.313,4.75]]]}},{"type":"Feature","properties":{"divipola_mpio":"27787","divipola_dpto":"27","municipio":"TADÓ","departamento":"CHOCÓ","area_km2":714.83},"geometry":{"type":"Polygon","coordinates":[[[-76.133,5.183],[-76.204,5.173],[-76.291,5.126],[-76.302,5.187],[-76.36,5.198],[-76.398,5.266],[-76.535,5.218],[-76.628,5.215],[-76.598,5.273],[-76.531,5.288],[-76.494,5.338],[-76.404,5.359],[-76.326,5.335],[-76.227,5.375],[-76.191,5.415],[-76.201,5.322],[-76.133,5.183]]]}},{"type":"Feature","properties":{"divipola_mpio":"27800","divipola_dpto":"27","municipio":"UNGUÍA","departamento":"CHOCÓ","area_km2":1190.32},"geometry":{"type":"Polygon","coordinates":[[[-77.078,8.318],[-77.036,8.253],[-76.98,8.256],[-76.949,8.173],[-76.938,8.068],[-76.997,8.019],[-77.026,7.89],[-77.075,7.848],[-77.099,7.922],[-77.179,7.957],[-77.23,8.055],[-77.219,8.09],[-77.298,8.277],[-77.156,8.288],[-77.078,8.318]]]}},{"type":"Feature","properties":{"divipola_mpio":"27810","divipola_dpto":"27","municipio":"UNIÓN PANAMERICANA","departamento":"CHOCÓ","area_km2":177.76},"geometry":{"type":"Polygon","coordinates":[[[-76.598,5.273],[-76.628,5.215],[-76.704,5.245],[-76.657,5.269],[-76.686,5.4],[-76.614,5.358],[-76.598,5.273]]]}},{"type":"Feature","properties":{"divipola_mpio":"52835","divipola_dpto":"52","municipio":"SAN ANDRÉS DE TUMACO","departamento":"NARIÑO","area_km2":3611.51},"geometry":{"type":"MultiPolygon","coordinates":[[[[-78.534,1.97],[-78.534,1.97],[-78.517,2.035],[-78.534,1.97]]],[[[-78.564,2.433],[-78.559,2.319],[-78.5,2.278],[-78.556,2.193],[-78.626,2.187],[-78.701,2.214],[-78.628,2.32],[-78.624,2.372],[-78.564,2.433]]]]}},{"type":"Feature","properties":{"divipola_mpio":"23001","divipola_dpto":"23","municipio":"MONTERÍA","departamento":"CÓRDOBA","area_km2":3136.59},"geometry":{"type":"Polygon","coordinates":[[[-76.087,8.941],[-76.052,8.949],[-76.013,8.908],[-75.854,8.857],[-75.794,8.799],[-75.752,8.629],[-75.682,8.583],[-75.679,8.513],[-75.645,8.397],[-75.669,8.321],[-75.767,8.298],[-75.854,8.272],[-75.901,8.326],[-76.063,8.333],[-76.123,8.394],[-76.18,8.399],[-76.218,8.444],[-76.21,8.523],[-76.255,8.594],[-76.251,8.611],[-76.166,8.651],[-76.12,8.723],[-76.145,8.799],[-76.138,8.896],[-76.179,8.899],[-76.087,8.941]]]}},{"type":"Feature","properties":{"divipola_mpio":"23068","divipola_dpto":"23","municipio":"AYAPEL","departamento":"CÓRDOBA","area_km2":1964.84},"geometry":{"type":"Polygon","coordinates":[[[-75.003,8.522],[-74.926,8.5],[-74.899,8.447],[-74.84,8.394],[-74.781,8.278],[-74.83,8.2],[-74.913,8.099],[-75.057,8.047],[-75.168,8.052],[-75.173,8.102],[-75.325,8.14],[-75.328,8.206],[-75.246,8.328],[-75.185,8.397],[-75.128,8.469],[-75.042,8.458],[-75.003,8.522]]]}},{"type":"Feature","properties":{"divipola_mpio":"23079","divipola_dpto":"23","municipio":"BUENAVISTA","departamento":"CÓRDOBA","area_km2":834.93},"geometry":{"type":"Polygon","coordinates":[[[-75.246,8.328],[-75.328,8.206],[-75.325,8.14],[-75.321,8.104],[-75.39,8.019],[-75.459,8.034],[-75.494,8.075],[-75.573,8.099],[-75.588,8.254],[-75.397,8.328],[-75.354,8.376],[-75.343,8.321],[-75.246,8.328]]]}},{"type":"Feature","properties":{"divipola_mpio":"23090","divipola_dpto":"23","municipio":"CANALETE","departamento":"CÓRDOBA","area_km2":420.04},"geometry":{"type":"Polygon","coordinates":[[[-76.145,8.799],[-76.12,8.723],[-76.166,8.651],[-76.251,8.611],[-76.364,8.709],[-76.269,8.826],[-76.145,8.799]]]}},{"type":"Feature","properties":{"divipola_mpio":"23162","divipola_dpto":"23","municipio":"CERETÉ","departamento":"CÓRDOBA","area_km2":290.84},"geometry":{"type":"Polygon","coordinates":[[[-75.718,8.975],[-75.718,8.861],[-75.794,8.799],[-75.854,8.857],[-76.013,8.908],[-76.052,8.949],[-76.0,8.96],[-75.918,8.908],[-75.828,8.904],[-75.758,8.978],[-75.718,8.975]]]}},{"type":"Feature","properties":{"divipola_mpio":"23168","divipola_dpto":"23","municipio":"CHIMÁ","departamento":"CÓRDOBA","area_km2":324.0},"geometry":{"type":"Polygon","coordinates":[[[-75.6,9.239],[-75.561,9.163],[-75.59,9.038],[-75.71,8.984],[-75.727,9.068],[-75.74,9.113],[-75.688,9.163],[-75.6,9.239]]]}},{"type":"Feature","properties":{"divipola_mpio":"23182","divipola_dpto":"23","municipio":"CHINÚ","departamento":"CÓRDOBA","area_km2":626.19},"geometry":{"type":"Polygon","coordinates":[[[-75.224,9.074],[-75.208,9.034],[-75.168,8.952],[-75.186,8.914],[-75.204,8.915],[-75.259,8.895],[-75.459,9.006],[-75.557,8.971],[-75.568,9.022],[-75.514,9.033],[-75.448,9.141],[-75.392,9.159],[-75.281,9.072],[-75.224,9.074]]]}},{"type":"Feature","properties":{"divipola_mpio":"23189","divipola_dpto":"23","municipio":"CIÉNAGA DE ORO","departamento":"CÓRDOBA","area_km2":641.24},"geometry":{"type":"Polygon","coordinates":[[[-75.59,9.038],[-75.568,9.022],[-75.557,8.971],[-75.529,8.712],[-75.501,8.618],[-75.556,8.601],[-75.604,8.64],[-75.597,8.713],[-75.639,8.799],[-75.718,8.861],[-75.718,8.975],[-75.71,8.984],[-75.59,9.038]]]}},{"type":"Feature","properties":{"divipola_mpio":"23300","divipola_dpto":"23","municipio":"COTORRA","departamento":"CÓRDOBA","area_km2":88.27},"geometry":{"type":"Polygon","coordinates":[[[-75.74,9.113],[-75.727,9.068],[-75.8,9.001],[-75.844,9.043],[-75.74,9.113]]]}},{"type":"Feature","properties":{"divipola_mpio":"23350","divipola_dpto":"23","municipio":"LA APARTADA","departamento":"CÓRDOBA","area_km2":287.04},"geometry":{"type":"Polygon","coordinates":[[[-75.168,8.052],[-75.221,8.066],[-75.309,7.947],[-75.337,7.948],[-75.39,8.019],[-75.321,8.104],[-75.325,8.14],[-75.173,8.102],[-75.168,8.052]]]}},{"type":"Feature","properties":{"divipola_mpio":"23417","divipola_dpto":"23","municipio":"LORICA","departamento":"CÓRDOBA","area_km2":950.99},"geometry":{"type":"Polygon","coordinates":[[[-75.865,9.338],[-75.778,9.284],[-75.776,9.215],[-75.709,9.216],[-75.688,9.163],[-75.74,9.113],[-75.844,9.043],[-75.933,9.065],[-75.972,9.025],[-76.111,9.064],[-76.155,9.084],[-76.071,9.199],[-76.01,9.217],[-75.952,9.289],[-75.865,9.338]]]}},{"type":"Feature","properties":{"divipola_mpio":"23419","divipola_dpto":"23","municipio":"LOS CÓRDOBAS","departamento":"CÓRDOBA","area_km2":366.06},"geometry":{"type":"Polygon","coordinates":[[[-76.179,8.899],[-76.138,8.896],[-76.145,8.799],[-76.269,8.826],[-76.364,8.709],[-76.413,8.874],[-76.325,8.936],[-76.266,8.878],[-76.179,8.899]]]}},{"type":"Feature","properties":{"divipola_mpio":"23464","divipola_dpto":"23","municipio":"MOMIL","departamento":"CÓRDOBA","area_km2":158.76},"geometry":{"type":"Polygon","coordinates":[[[-75.584,9.273],[-75.6,9.239],[-75.688,9.163],[-75.709,9.216],[-75.694,9.31],[-75.628,9.353],[-75.584,9.273]]]}},{"type":"Feature","properties":{"divipola_mpio":"23500","divipola_dpto":"23","municipio":"MOÑITOS","departamento":"CÓRDOBA","area_km2":203.17},"geometry":{"type":"Polygon","coordinates":[[[-76.071,9.199],[-76.155,9.084],[-76.194,9.111],[-76.171,9.23],[-76.1,9.314],[-76.06,9.268],[-76.071,9.199]]]}},{"type":"Feature","properties":{"divipola_mpio":"23555","divipola_dpto":"23","municipio":"PLANETA RICA","departamento":"CÓRDOBA","area_km2":1140.62},"geometry":{"type":"Polygon","coordinates":[[[-75.354,8.376],[-75.397,8.328],[-75.588,8.254],[-75.573,8.099],[-75.608,8.052],[-75.752,8.073],[-75.801,8.168],[-75.754,8.24],[-75.767,8.298],[-75.669,8.321],[-75.645,8.397],[-75.679,8.513],[-75.642,8.562],[-75.583,8.486],[-75.469,8.422],[-75.397,8.413],[-75.354,8.376]]]}},{"type":"Feature","properties":{"divipola_mpio":"23570","divipola_dpto":"23","municipio":"PUEBLO NUEVO","departamento":"CÓRDOBA","area_km2":849.28},"geometry":{"type":"Polygon","coordinates":[[[-75.501,8.618],[-75.478,8.589],[-75.319,8.588],[-75.267,8.487],[-75.213,8.474],[-75.185,8.397],[-75.246,8.328],[-75.343,8.321],[-75.354,8.376],[-75.397,8.413],[-75.469,8.422],[-75.583,8.486],[-75.642,8.562],[-75.604,8.64],[-75.556,8.601],[-75.501,8.618]]]}},{"type":"Feature","properties":{"divipola_mpio":"23574","divipola_dpto":"23","municipio":"PUERTO ESCONDIDO","departamento":"CÓRDOBA","area_km2":411.04},"geometry":{"type":"Polygon","coordinates":[[[-76.155,9.084],[-76.111,9.064],[-76.07,9.003],[-76.087,8.941],[-76.179,8.899],[-76.266,8.878],[-76.325,8.936],[-76.265,8.998],[-76.251,9.058],[-76.194,9.111],[-76.155,9.084]]]}},{"type":"Feature","properties":{"divipola_mpio":"23586","divipola_dpto":"23","municipio":"PURÍSIMA DE LA CONCEPCIÓN","departamento":"CÓRDOBA","area_km2":117.73},"geometry":{"type":"Polygon","coordinates":[[[-75.649,9.363],[-75.628,9.353],[-75.694,9.31],[-75.709,9.216],[-75.776,9.215],[-75.778,9.284],[-75.715,9.319],[-75.704,9.372],[-75.649,9.363]]]}},{"type":"Feature","properties":{"divipola_mpio":"23660","divipola_dpto":"23","municipio":"SAHAGÚN","departamento":"CÓRDOBA","area_km2":964.81},"geometry":{"type":"Polygon","coordinates":[[[-75.259,8.895],[-75.364,8.83],[-75.336,8.712],[-75.352,8.658],[-75.319,8.588],[-75.478,8.589],[-75.501,8.618],[-75.529,8.712],[-75.557,8.971],[-75.459,9.006],[-75.259,8.895]]]}},{"type":"Feature","properties":{"divipola_mpio":"23670","divipola_dpto":"23","municipio":"SAN ANDRÉS DE SOTAVENTO","departamento":"CÓRDOBA","area_km2":206.77},"geometry":{"type":"Polygon","coordinates":[[[-75.457,9.237],[-75.448,9.141],[-75.514,9.033],[-75.568,9.022],[-75.59,9.038],[-75.561,9.163],[-75.478,9.247],[-75.457,9.237]]]}},{"type":"Feature","properties":{"divipola_mpio":"23672","divipola_dpto":"23","municipio":"SAN ANTERO","departamento":"CÓRDOBA","area_km2":207.49},"geometry":{"type":"Polygon","coordinates":[[[-75.701,9.412],[-75.704,9.372],[-75.715,9.319],[-75.778,9.284],[-75.865,9.338],[-75.862,9.424],[-75.784,9.393],[-75.701,9.412]]]}},{"type":"Feature","properties":{"divipola_mpio":"23675","divipola_dpto":"23","municipio":"SAN BERNARDO DEL VIENTO","departamento":"CÓRDOBA","area_km2":315.97},"geometry":{"type":"Polygon","coordinates":[[[-75.862,9.424],[-75.865,9.338],[-75.952,9.289],[-76.01,9.217],[-76.071,9.199],[-76.06,9.268],[-76.1,9.314],[-75.978,9.376],[-75.926,9.448],[-75.862,9.424]]]}},{"type":"Feature","properties":{"divipola_mpio":"23678","divipola_dpto":"23","municipio":"SAN CARLOS","departamento":"CÓRDOBA","area_km2":446.82},"geometry":{"type":"Polygon","coordinates":[[[-75.604,8.64],[-75.642,8.562],[-75.679,8.513],[-75.682,8.583],[-75.752,8.629],[-75.794,8.799],[-75.718,8.861],[-75.639,8.799],[-75.597,8.713],[-75.604,8.64]]]}},{"type":"Feature","properties":{"divipola_mpio":"23682","divipola_dpto":"23","municipio":"SAN JOSÉ DE URÉ","departamento":"CÓRDOBA","area_km2":525.65},"geometry":{"type":"Polygon","coordinates":[[[-75.511,7.946],[-75.448,7.892],[-75.458,7.834],[-75.485,7.736],[-75.601,7.59],[-75.672,7.597],[-75.694,7.637],[-75.654,7.759],[-75.601,7.76],[-75.585,7.9],[-75.511,7.946]]]}},{"type":"Feature","properties":{"divipola_mpio":"23686","divipola_dpto":"23","municipio":"SAN PELAYO","departamento":"CÓRDOBA","area_km2":445.49},"geometry":{"type":"Polygon","coordinates":[[[-75.844,9.043],[-75.8,9.001],[-75.727,9.068],[-75.71,8.984],[-75.718,8.975],[-75.758,8.978],[-75.828,8.904],[-75.918,8.908],[-76.0,8.96],[-76.052,8.949],[-76.087,8.941],[-76.07,9.003],[-76.111,9.064],[-75.972,9.025],[-75.933,9.065],[-75.844,9.043]]]}},{"type":"Feature","properties":{"divipola_mpio":"23815","divipola_dpto":"23","municipio":"TUCHÍN","departamento":"CÓRDOBA","area_km2":106.38},"geometry":{"type":"Polygon","coordinates":[[[-75.478,9.247],[-75.561,9.163],[-75.6,9.239],[-75.584,9.273],[-75.499,9.286],[-75.478,9.247]]]}},{"type":"Feature","properties":{"divipola_mpio":"23855","divipola_dpto":"23","municipio":"VALENCIA","departamento":"CÓRDOBA","area_km2":919.26},"geometry":{"type":"Polygon","coordinates":[[[-76.063,8.333],[-76.046,8.217],[-76.106,8.145],[-76.187,8.15],[-76.244,8.08],[-76.412,8.007],[-76.425,8.073],[-76.402,8.102],[-76.348,8.155],[-76.352,8.204],[-76.288,8.329],[-76.18,8.399],[-76.123,8.394],[-76.063,8.333]]]}},{"type":"Feature","properties":{"divipola_mpio":"23466","divipola_dpto":"23","municipio":"MONTELÍBANO","departamento":"CÓRDOBA","area_km2":1551.17},"geometry":{"type":"Polygon","coordinates":[[[-75.573,8.099],[-75.494,8.075],[-75.459,8.034],[-75.39,8.019],[-75.337,7.948],[-75.331,7.926],[-75.354,7.869],[-75.458,7.834],[-75.448,7.892],[-75.511,7.946],[-75.585,8.014],[-75.641,8.003],[-75.718,8.03],[-75.854,7.883],[-75.822,7.824],[-75.854,7.714],[-75.921,7.564],[-75.996,7.456],[-75.966,7.357],[-76.056,7.364],[-76.031,7.481],[-75.956,7.557],[-75.949,7.617],[-75.969,7.839],[-76.01,7.917],[-75.934,8.03],[-75.834,8.108],[-75.801,8.168],[-75.752,8.073],[-75.608,8.052],[-75.573,8.099]]]}},{"type":"Feature","properties":{"divipola_mpio":"23580","divipola_dpto":"23","municipio":"PUERTO LIBERTADOR","departamento":"CÓRDOBA","area_km2":1647.36},"geometry":{"type":"Polygon","coordinates":[[[-75.511,7.946],[-75.585,7.9],[-75.601,7.76],[-75.654,7.759],[-75.694,7.637],[-75.672,7.597],[-75.742,7.612],[-75.845,7.347],[-75.966,7.357],[-75.996,7.456],[-75.921,7.564],[-75.854,7.714],[-75.822,7.824],[-75.854,7.883],[-75.718,8.03],[-75.641,8.003],[-75.585,8.014],[-75.511,7.946]]]}},{"type":"Feature","properties":{"divipola_mpio":"23807","divipola_dpto":"23","municipio":"TIERRALTA","departamento":"CÓRDOBA","area_km2":4937.72},"geometry":{"type":"Polygon","coordinates":[[[-75.767,8.298],[-75.754,8.24],[-75.801,8.168],[-75.834,8.108],[-75.934,8.03],[-76.01,7.917],[-75.969,7.839],[-75.949,7.617],[-75.956,7.557],[-76.031,7.481],[-76.056,7.364],[-76.381,7.392],[-76.502,7.555],[-76.491,7.72],[-76.464,7.87],[-76.422,7.912],[-76.412,8.007],[-76.244,8.08],[-76.187,8.15],[-76.106,8.145],[-76.046,8.217],[-76.063,8.333],[-75.901,8.326],[-75.854,8.272],[-75.767,8.298]]]}},{"type":"Feature","properties":{"divipola_mpio":"08001","divipola_dpto":"08","municipio":"BARRANQUILLA","departamento":"ATLÁNTICO","area_km2":154.2},"geometry":{"type":"Polygon","coordinates":[[[-74.757,10.945],[-74.827,10.914],[-74.918,10.945],[-74.874,10.987],[-74.874,11.048],[-74.852,11.105],[-74.844,11.067],[-74.764,10.995],[-74.757,10.945]]]}},{"type":"Feature","properties":{"divipola_mpio":"08078","divipola_dpto":"08","municipio":"BARANOA","departamento":"ATLÁNTICO","area_km2":121.35},"geometry":{"type":"Polygon","coordinates":[[[-74.945,10.859],[-74.872,10.854],[-74.879,10.813],[-74.875,10.726],[-74.933,10.711],[-74.934,10.771],[-74.984,10.79],[-74.994,10.815],[-74.945,10.859]]]}},{"type":"Feature","properties":{"divipola_mpio":"08137","divipola_dpto":"08","municipio":"CAMPO DE LA CRUZ","departamento":"ATLÁNTICO","area_km2":100.0},"geometry":{"type":"Polygon","coordinates":[[[-74.807,10.483],[-74.812,10.451],[-74.863,10.366],[-74.868,10.34],[-74.917,10.338],[-74.962,10.383],[-74.917,10.412],[-74.852,10.428],[-74.82,10.494],[-74.807,10.483]]]}},{"type":"Feature","properties":{"divipola_mpio":"08141","divipola_dpto":"08","municipio":"CANDELARIA","departamento":"ATLÁNTICO","area_km2":135.77},"geometry":{"type":"Polygon","coordinates":[[[-74.856,10.565],[-74.82,10.494],[-74.852,10.428],[-74.917,10.412],[-74.923,10.534],[-74.856,10.565]]]}},{"type":"Feature","properties":{"divipola_mpio":"08296","divipola_dpto":"08","municipio":"GALAPA","departamento":"ATLÁNTICO","area_km2":97.51},"geometry":{"type":"Polygon","coordinates":[[[-74.827,10.914],[-74.839,10.886],[-74.872,10.854],[-74.945,10.859],[-74.918,10.945],[-74.827,10.914]]]}},{"type":"Feature","properties":{"divipola_mpio":"08372","divipola_dpto":"08","municipio":"JUAN DE ACOSTA","departamento":"ATLÁNTICO","area_km2":167.93},"geometry":{"type":"Polygon","coordinates":[[[-75.074,10.886],[-74.994,10.815],[-74.984,10.79],[-75.038,10.771],[-75.146,10.811],[-75.217,10.805],[-75.074,10.886]]]}},{"type":"Feature","properties":{"divipola_mpio":"08421","divipola_dpto":"08","municipio":"LURUACO","departamento":"ATLÁNTICO","area_km2":224.32},"geometry":{"type":"Polygon","coordinates":[[[-75.063,10.685],[-75.06,10.595],[-75.226,10.56],[-75.248,10.696],[-75.063,10.685]]]}},{"type":"Feature","properties":{"divipola_mpio":"08433","divipola_dpto":"08","municipio":"MALAMBO","departamento":"ATLÁNTICO","area_km2":97.94},"geometry":{"type":"Polygon","coordinates":[[[-74.738,10.876],[-74.741,10.835],[-74.808,10.813],[-74.879,10.813],[-74.872,10.854],[-74.839,10.886],[-74.738,10.876]]]}},{"type":"Feature","properties":{"divipola_mpio":"08436","divipola_dpto":"08","municipio":"MANATÍ","departamento":"ATLÁNTICO","area_km2":214.27},"geometry":{"type":"Polygon","coordinates":[[[-74.923,10.534],[-74.917,10.412],[-74.962,10.383],[-75.033,10.369],[-75.074,10.41],[-75.027,10.52],[-74.923,10.534]]]}},{"type":"Feature","properties":{"divipola_mpio":"08520","divipola_dpto":"08","municipio":"PALMAR DE VARELA","departamento":"ATLÁNTICO","area_km2":92.34},"geometry":{"type":"Polygon","coordinates":[[[-74.727,10.749],[-74.726,10.727],[-74.747,10.652],[-74.838,10.686],[-74.727,10.749]]]}},{"type":"Feature","properties":{"divipola_mpio":"08549","divipola_dpto":"08","municipio":"PIOJÓ","departamento":"ATLÁNTICO","area_km2":252.97},"geometry":{"type":"Polygon","coordinates":[[[-75.038,10.771],[-75.046,10.701],[-75.063,10.685],[-75.248,10.696],[-75.224,10.795],[-75.217,10.805],[-75.146,10.811],[-75.038,10.771]]]}},{"type":"Feature","properties":{"divipola_mpio":"08558","divipola_dpto":"08","municipio":"POLONUEVO","departamento":"ATLÁNTICO","area_km2":73.86},"geometry":{"type":"Polygon","coordinates":[[[-74.808,10.813],[-74.812,10.778],[-74.85,10.709],[-74.875,10.726],[-74.879,10.813],[-74.808,10.813]]]}},{"type":"Feature","properties":{"divipola_mpio":"08560","divipola_dpto":"08","municipio":"PONEDERA","departamento":"ATLÁNTICO","area_km2":206.54},"geometry":{"type":"Polygon","coordinates":[[[-74.85,10.709],[-74.838,10.686],[-74.747,10.652],[-74.726,10.601],[-74.744,10.539],[-74.807,10.483],[-74.82,10.494],[-74.856,10.565],[-74.841,10.601],[-74.875,10.726],[-74.85,10.709]]]}},{"type":"Feature","properties":{"divipola_mpio":"08573","divipola_dpto":"08","municipio":"PUERTO COLOMBIA","departamento":"ATLÁNTICO","area_km2":70.57},"geometry":{"type":"Polygon","coordinates":[[[-74.918,10.945],[-74.984,10.984],[-74.921,11.046],[-74.874,11.048],[-74.874,10.987],[-74.918,10.945]]]}},{"type":"Feature","properties":{"divipola_mpio":"08606","divipola_dpto":"08","municipio":"REPELÓN","departamento":"ATLÁNTICO","area_km2":358.54},"geometry":{"type":"Polygon","coordinates":[[[-75.027,10.52],[-75.074,10.41],[-75.09,10.411],[-75.129,10.397],[-75.177,10.456],[-75.241,10.504],[-75.226,10.56],[-75.06,10.595],[-75.027,10.52]]]}},{"type":"Feature","properties":{"divipola_mpio":"08634","divipola_dpto":"08","municipio":"SABANAGRANDE","departamento":"ATLÁNTICO","area_km2":43.11},"geometry":{"type":"Polygon","coordinates":[[[-74.725,10.772],[-74.812,10.778],[-74.808,10.813],[-74.741,10.835],[-74.725,10.772]]]}},{"type":"Feature","properties":{"divipola_mpio":"08638","divipola_dpto":"08","municipio":"SABANALARGA","departamento":"ATLÁNTICO","area_km2":395.87},"geometry":{"type":"Polygon","coordinates":[[[-74.923,10.534],[-75.027,10.52],[-75.06,10.595],[-75.063,10.685],[-75.046,10.701],[-74.933,10.711],[-74.875,10.726],[-74.841,10.601],[-74.856,10.565],[-74.923,10.534]]]}},{"type":"Feature","properties":{"divipola_mpio":"08675","divipola_dpto":"08","municipio":"SANTA LUCÍA","departamento":"ATLÁNTICO","area_km2":57.37},"geometry":{"type":"Polygon","coordinates":[[[-74.962,10.383],[-74.917,10.338],[-74.938,10.29],[-75.024,10.364],[-75.033,10.369],[-74.962,10.383]]]}},{"type":"Feature","properties":{"divipola_mpio":"08685","divipola_dpto":"08","municipio":"SANTO TOMÁS","departamento":"ATLÁNTICO","area_km2":65.0},"geometry":{"type":"Polygon","coordinates":[[[-74.725,10.772],[-74.727,10.749],[-74.838,10.686],[-74.85,10.709],[-74.812,10.778],[-74.725,10.772]]]}},{"type":"Feature","properties":{"divipola_mpio":"08758","divipola_dpto":"08","municipio":"SOLEDAD","departamento":"ATLÁNTICO","area_km2":59.36},"geometry":{"type":"Polygon","coordinates":[[[-74.757,10.945],[-74.738,10.876],[-74.839,10.886],[-74.827,10.914],[-74.757,10.945]]]}},{"type":"Feature","properties":{"divipola_mpio":"08770","divipola_dpto":"08","municipio":"SUAN","departamento":"ATLÁNTICO","area_km2":42.56},"geometry":{"type":"Polygon","coordinates":[[[-74.868,10.34],[-74.911,10.254],[-74.938,10.29],[-74.917,10.338],[-74.868,10.34]]]}},{"type":"Feature","properties":{"divipola_mpio":"08832","divipola_dpto":"08","municipio":"TUBARÁ","departamento":"ATLÁNTICO","area_km2":182.99},"geometry":{"type":"Polygon","coordinates":[[[-74.918,10.945],[-74.945,10.859],[-74.994,10.815],[-75.074,10.886],[-74.984,10.984],[-74.918,10.945]]]}},{"type":"Feature","properties":{"divipola_mpio":"08849","divipola_dpto":"08","municipio":"USIACURÍ","departamento":"ATLÁNTICO","area_km2":101.38},"geometry":{"type":"Polygon","coordinates":[[[-74.933,10.711],[-75.046,10.701],[-75.038,10.771],[-74.984,10.79],[-74.934,10.771],[-74.933,10.711]]]}},{"type":"Feature","properties":{"divipola_mpio":"13001","divipola_dpto":"13","municipio":"CARTAGENA DE INDIAS","departamento":"BOLÍVAR","area_km2":597.68},"geometry":{"type":"Polygon","coordinates":[[[-75.342,10.614],[-75.371,10.542],[-75.404,10.509],[-75.423,10.402],[-75.477,10.364],[-75.442,10.311],[-75.49,10.215],[-75.534,10.176],[-75.562,10.27],[-75.503,10.301],[-75.513,10.383],[-75.555,10.423],[-75.502,10.468],[-75.512,10.572],[-75.396,10.681],[-75.294,10.704],[-75.342,10.614]]]}},{"type":"Feature","properties":{"divipola_mpio":"13006","divipola_dpto":"13","municipio":"ACHÍ","departamento":"BOLÍVAR","area_km2":951.77},"geometry":{"type":"Polygon","coordinates":[[[-74.469,8.825],[-74.372,8.739],[-74.375,8.665],[-74.347,8.58],[-74.358,8.495],[-74.443,8.429],[-74.518,8.367],[-74.539,8.428],[-74.569,8.51],[-74.563,8.572],[-74.609,8.73],[-74.565,8.837],[-74.469,8.825]]]}},{"type":"Feature","properties":{"divipola_mpio":"13030","divipola_dpto":"13","municipio":"ALTOS DEL ROSARIO","departamento":"BOLÍVAR","area_km2":303.75},"geometry":{"type":"Polygon","coordinates":[[[-74.178,8.656],[-74.212,8.65],[-74.283,8.708],[-74.301,8.817],[-74.24,8.799],[-74.114,8.839],[-74.08,8.779],[-74.178,8.656]]]}},{"type":"Feature","properties":{"divipola_mpio":"13042","divipola_dpto":"13","municipio":"ARENAL","departamento":"BOLÍVAR","area_km2":461.93},"geometry":{"type":"Polygon","coordinates":[[[-73.88,8.471],[-73.877,8.397],[-73.957,8.387],[-74.153,8.309],[-74.285,8.154],[-74.332,8.189],[-74.322,8.235],[-74.23,8.329],[-74.131,8.397],[-73.951,8.486],[-73.88,8.471]]]}},{"type":"Feature","properties":{"divipola_mpio":"13052","divipola_dpto":"13","municipio":"ARJONA","departamento":"BOLÍVAR","area_km2":589.58},"geometry":{"type":"Polygon","coordinates":[[[-75.297,10.334],[-75.235,10.277],[-75.281,10.161],[-75.283,10.086],[-75.36,10.09],[-75.439,10.017],[-75.488,10.037],[-75.545,10.047],[-75.497,10.146],[-75.436,10.172],[-75.383,10.272],[-75.297,10.334]]]}},{"type":"Feature","properties":{"divipola_mpio":"13062","divipola_dpto":"13","municipio":"ARROYOHONDO","departamento":"BOLÍVAR","area_km2":163.81},"geometry":{"type":"Polygon","coordinates":[[[-75.073,10.161],[-75.066,10.276],[-75.002,10.323],[-74.961,10.29],[-74.96,10.212],[-75.032,10.204],[-75.073,10.161]]]}},{"type":"Feature","properties":{"divipola_mpio":"13074","divipola_dpto":"13","municipio":"BARRANCO DE LOBA","departamento":"BOLÍVAR","area_km2":430.74},"geometry":{"type":"Polygon","coordinates":[[[-74.071,8.949],[-74.052,8.735],[-74.139,8.655],[-74.178,8.656],[-74.08,8.779],[-74.114,8.839],[-74.24,8.799],[-74.301,8.817],[-74.225,8.947],[-74.071,8.949]]]}},{"type":"Feature","properties":{"divipola_mpio":"13140","divipola_dpto":"13","municipio":"CALAMAR","departamento":"BOLÍVAR","area_km2":255.35},"geometry":{"type":"Polygon","coordinates":[[[-74.938,10.29],[-74.911,10.254],[-74.916,10.239],[-74.945,10.128],[-75.03,10.111],[-75.086,10.119],[-75.073,10.161],[-75.032,10.204],[-74.96,10.212],[-74.961,10.29],[-75.002,10.323],[-75.066,10.276],[-75.084,10.281],[-75.07,10.344],[-75.024,10.364],[-74.938,10.29]]]}},{"type":"Feature","properties":{"divipola_mpio":"13160","divipola_dpto":"13","municipio":"CANTAGALLO","departamento":"BOLÍVAR","area_km2":881.48},"geometry":{"type":"Polygon","coordinates":[[[-73.916,7.295],[-74.244,7.004],[-74.284,7.009],[-74.234,7.099],[-74.233,7.161],[-74.29,7.231],[-74.175,7.291],[-74.09,7.384],[-74.032,7.372],[-73.951,7.43],[-73.895,7.43],[-73.916,7.295]]]}},{"type":"Feature","properties":{"divipola_mpio":"13188","divipola_dpto":"13","municipio":"CICUCO","departamento":"BOLÍVAR","area_km2":133.18},"geometry":{"type":"Polygon","coordinates":[[[-74.65,9.191],[-74.725,9.179],[-74.733,9.263],[-74.678,9.305],[-74.628,9.283],[-74.65,9.191]]]}},{"type":"Feature","properties":{"divipola_mpio":"13212","divipola_dpto":"13","municipio":"CÓRDOBA","departamento":"BOLÍVAR","area_km2":597.32},"geometry":{"type":"Polygon","coordinates":[[[-74.961,9.681],[-74.791,9.653],[-74.773,9.604],[-74.806,9.553],[-74.778,9.508],[-74.801,9.442],[-74.922,9.389],[-74.96,9.434],[-75.036,9.474],[-75.013,9.529],[-74.961,9.681]]]}},{"type":"Feature","properties":{"divipola_mpio":"13222","divipola_dpto":"13","municipio":"CLEMENCIA","departamento":"BOLÍVAR","area_km2":85.38},"geometry":{"type":"Polygon","coordinates":[[[-75.248,10.505],[-75.309,10.521],[-75.371,10.542],[-75.342,10.614],[-75.248,10.505]]]}},{"type":"Feature","properties":{"divipola_mpio":"13244","divipola_dpto":"13","municipio":"EL CARMEN DE BOLÍVAR","departamento":"BOLÍVAR","area_km2":946.27},"geometry":{"type":"Polygon","coordinates":[[[-74.951,9.767],[-74.961,9.681],[-75.013,9.529],[-75.077,9.532],[-75.133,9.596],[-75.279,9.686],[-75.327,9.617],[-75.374,9.629],[-75.371,9.711],[-75.338,9.829],[-75.32,9.877],[-75.238,9.862],[-75.234,9.783],[-75.111,9.759],[-75.022,9.786],[-74.951,9.767]]]}},{"type":"Feature","properties":{"divipola_mpio":"13248","divipola_dpto":"13","municipio":"EL GUAMO","departamento":"BOLÍVAR","area_km2":383.17},"geometry":{"type":"Polygon","coordinates":[[[-74.825,10.059],[-74.79,10.013],[-74.862,9.944],[-74.902,9.977],[-74.977,9.962],[-75.059,10.023],[-75.03,10.111],[-74.945,10.128],[-74.825,10.059]]]}},{"type":"Feature","properties":{"divipola_mpio":"13268","divipola_dpto":"13","municipio":"EL PEÑÓN","departamento":"BOLÍVAR","area_km2":318.93},"geometry":{"type":"Polygon","coordinates":[[[-73.868,8.936],[-73.818,8.836],[-73.873,8.792],[-73.875,8.723],[-73.923,8.728],[-73.966,8.812],[-73.951,8.849],[-73.988,8.936],[-73.978,8.984],[-73.868,8.936]]]}},{"type":"Feature","properties":{"divipola_mpio":"13433","divipola_dpto":"13","municipio":"MAHATES","departamento":"BOLÍVAR","area_km2":432.18},"geometry":{"type":"Polygon","coordinates":[[[-75.173,10.286],[-75.084,10.281],[-75.066,10.276],[-75.073,10.161],[-75.086,10.119],[-75.134,10.109],[-75.205,10.039],[-75.283,10.086],[-75.281,10.161],[-75.235,10.277],[-75.173,10.286]]]}},{"type":"Feature","properties":{"divipola_mpio":"13440","divipola_dpto":"13","municipio":"MARGARITA","departamento":"BOLÍVAR","area_km2":293.68},"geometry":{"type":"Polygon","coordinates":[[[-74.175,9.089],[-74.101,9.019],[-74.194,8.987],[-74.227,8.949],[-74.278,8.972],[-74.263,8.992],[-74.265,9.041],[-74.323,9.121],[-74.298,9.177],[-74.249,9.164],[-74.175,9.089]]]}},{"type":"Feature","properties":{"divipola_mpio":"13442","divipola_dpto":"13","municipio":"MARÍA LA BAJA","departamento":"BOLÍVAR","area_km2":559.92},"geometry":{"type":"Polygon","coordinates":[[[-75.283,10.086],[-75.205,10.039],[-75.245,9.935],[-75.235,9.899],[-75.32,9.877],[-75.338,9.829],[-75.393,9.881],[-75.467,9.909],[-75.488,10.037],[-75.439,10.017],[-75.36,10.09],[-75.283,10.086]]]}},{"type":"Feature","properties":{"divipola_mpio":"13458","divipola_dpto":"13","municipio":"MONTECRISTO","departamento":"BOLÍVAR","area_km2":2092.81},"geometry":{"type":"Polygon","coordinates":[[[-74.342,8.277],[-74.332,8.189],[-74.285,8.154],[-74.261,8.104],[-74.283,8.045],[-74.26,7.943],[-74.345,7.897],[-74.38,7.796],[-74.452,7.787],[-74.447,7.684],[-74.467,7.58],[-74.563,7.433],[-74.561,7.646],[-74.508,7.724],[-74.519,7.901],[-74.561,7.968],[-74.615,8.031],[-74.683,8.189],[-74.66,8.227],[-74.525,8.275],[-74.518,8.367],[-74.443,8.429],[-74.43,8.341],[-74.342,8.277]]]}},{"type":"Feature","properties":{"divipola_mpio":"13468","divipola_dpto":"13","municipio":"MOMPÓS","departamento":"BOLÍVAR","area_km2":652.14},"geometry":{"type":"Polygon","coordinates":[[[-74.418,9.236],[-74.392,9.215],[-74.354,9.186],[-74.48,9.079],[-74.606,9.02],[-74.682,9.068],[-74.73,9.127],[-74.725,9.179],[-74.65,9.191],[-74.53,9.242],[-74.44,9.274],[-74.418,9.236]]]}},{"type":"Feature","properties":{"divipola_mpio":"13473","divipola_dpto":"13","municipio":"MORALES","departamento":"BOLÍVAR","area_km2":1347.6},"geometry":{"type":"Polygon","coordinates":[[[-73.749,8.406],[-73.75,8.274],[-73.771,8.154],[-73.775,8.145],[-73.868,8.064],[-73.923,8.145],[-74.023,8.175],[-74.092,8.163],[-74.173,8.108],[-74.261,8.104],[-74.285,8.154],[-74.153,8.309],[-73.957,8.387],[-73.877,8.397],[-73.88,8.471],[-73.806,8.412],[-73.749,8.406]]]}},{"type":"Feature","properties":{"divipola_mpio":"13490","divipola_dpto":"13","municipio":"NOROSÍ","departamento":"BOLÍVAR","area_km2":416.39},"geometry":{"type":"Polygon","coordinates":[[[-74.257,8.383],[-74.256,8.444],[-74.158,8.521],[-74.152,8.604],[-74.126,8.619],[-73.998,8.595],[-73.979,8.533],[-74.063,8.448],[-74.087,8.466],[-74.189,8.383],[-74.257,8.383]]]}},{"type":"Feature","properties":{"divipola_mpio":"13549","divipola_dpto":"13","municipio":"PINILLOS","departamento":"BOLÍVAR","area_km2":775.57},"geometry":{"type":"Polygon","coordinates":[[[-74.432,9.009],[-74.364,8.973],[-74.278,8.972],[-74.227,8.949],[-74.225,8.947],[-74.301,8.817],[-74.283,8.708],[-74.212,8.65],[-74.375,8.665],[-74.372,8.739],[-74.469,8.825],[-74.464,8.877],[-74.535,8.996],[-74.606,9.02],[-74.48,9.079],[-74.432,9.009]]]}},{"type":"Feature","properties":{"divipola_mpio":"13580","divipola_dpto":"13","municipio":"REGIDOR","departamento":"BOLÍVAR","area_km2":183.45},"geometry":{"type":"Polygon","coordinates":[[[-73.818,8.836],[-73.79,8.751],[-73.82,8.662],[-73.956,8.665],[-73.875,8.723],[-73.873,8.792],[-73.818,8.836]]]}},{"type":"Feature","properties":{"divipola_mpio":"13600","divipola_dpto":"13","municipio":"RÍO VIEJO","departamento":"BOLÍVAR","area_km2":845.24},"geometry":{"type":"Polygon","coordinates":[[[-73.956,8.665],[-73.82,8.662],[-73.747,8.449],[-73.749,8.406],[-73.806,8.412],[-73.88,8.471],[-73.951,8.486],[-74.131,8.397],[-74.23,8.329],[-74.322,8.235],[-74.332,8.189],[-74.342,8.277],[-74.257,8.383],[-74.189,8.383],[-74.087,8.466],[-74.063,8.448],[-73.979,8.533],[-73.998,8.595],[-74.126,8.619],[-74.152,8.604],[-74.139,8.655],[-73.956,8.665]]]}},{"type":"Feature","properties":{"divipola_mpio":"13620","divipola_dpto":"13","municipio":"SAN CRISTÓBAL","departamento":"BOLÍVAR","area_km2":42.27},"geometry":{"type":"Polygon","coordinates":[[[-75.074,10.41],[-75.033,10.369],[-75.024,10.364],[-75.07,10.344],[-75.09,10.411],[-75.074,10.41]]]}},{"type":"Feature","properties":{"divipola_mpio":"13647","divipola_dpto":"13","municipio":"SAN ESTANISLAO","departamento":"BOLÍVAR","area_km2":211.64},"geometry":{"type":"Polygon","coordinates":[[[-75.129,10.397],[-75.173,10.286],[-75.235,10.277],[-75.297,10.334],[-75.281,10.363],[-75.25,10.421],[-75.177,10.456],[-75.129,10.397]]]}},{"type":"Feature","properties":{"divipola_mpio":"13654","divipola_dpto":"13","municipio":"SAN JACINTO","departamento":"BOLÍVAR","area_km2":442.92},"geometry":{"type":"Polygon","coordinates":[[[-74.94,9.863],[-74.92,9.798],[-74.951,9.767],[-75.022,9.786],[-75.111,9.759],[-75.234,9.783],[-75.238,9.862],[-75.32,9.877],[-75.235,9.899],[-75.128,9.914],[-75.099,9.881],[-74.94,9.863]]]}},{"type":"Feature","properties":{"divipola_mpio":"13655","divipola_dpto":"13","municipio":"SAN JACINTO DEL CAUCA","departamento":"BOLÍVAR","area_km2":569.95},"geometry":{"type":"Polygon","coordinates":[[[-74.518,8.367],[-74.525,8.275],[-74.66,8.227],[-74.683,8.189],[-74.615,8.031],[-74.631,8.055],[-74.785,8.132],[-74.83,8.2],[-74.781,8.278],[-74.649,8.314],[-74.539,8.428],[-74.518,8.367]]]}},{"type":"Feature","properties":{"divipola_mpio":"13657","divipola_dpto":"13","municipio":"SAN JUAN NEPOMUCENO","departamento":"BOLÍVAR","area_km2":631.22},"geometry":{"type":"Polygon","coordinates":[[[-75.03,10.111],[-75.059,10.023],[-74.977,9.962],[-74.902,9.977],[-74.862,9.944],[-74.883,9.872],[-74.94,9.863],[-75.099,9.881],[-75.128,9.914],[-75.235,9.899],[-75.245,9.935],[-75.205,10.039],[-75.134,10.109],[-75.086,10.119],[-75.03,10.111]]]}},{"type":"Feature","properties":{"divipola_mpio":"13667","divipola_dpto":"13","municipio":"SAN MARTÍN DE LOBA","departamento":"BOLÍVAR","area_km2":450.2},"geometry":{"type":"Polygon","coordinates":[[[-73.875,8.723],[-73.956,8.665],[-74.139,8.655],[-74.052,8.735],[-74.071,8.949],[-73.978,8.984],[-73.988,8.936],[-73.951,8.849],[-73.966,8.812],[-73.923,8.728],[-73.875,8.723]]]}},{"type":"Feature","properties":{"divipola_mpio":"13670","divipola_dpto":"13","municipio":"SAN PABLO","departamento":"BOLÍVAR","area_km2":2021.04},"geometry":{"type":"Polygon","coordinates":[[[-73.815,7.692],[-73.846,7.542],[-73.917,7.472],[-73.895,7.43],[-73.951,7.43],[-74.032,7.372],[-74.09,7.384],[-74.175,7.291],[-74.29,7.231],[-74.233,7.161],[-74.234,7.099],[-74.284,7.009],[-74.355,7.01],[-74.352,7.082],[-74.41,7.202],[-74.388,7.267],[-74.398,7.348],[-74.32,7.44],[-74.358,7.472],[-74.31,7.454],[-74.152,7.573],[-74.129,7.642],[-74.028,7.683],[-73.973,7.676],[-73.878,7.724],[-73.815,7.692]]]}},{"type":"Feature","properties":{"divipola_mpio":"13673","divipola_dpto":"13","municipio":"SANTA CATALINA","departamento":"BOLÍVAR","area_km2":172.77},"geometry":{"type":"Polygon","coordinates":[[[-75.224,10.795],[-75.248,10.696],[-75.226,10.56],[-75.241,10.504],[-75.248,10.505],[-75.342,10.614],[-75.294,10.704],[-75.262,10.8],[-75.224,10.795]]]}},{"type":"Feature","properties":{"divipola_mpio":"13683","divipola_dpto":"13","municipio":"SANTA ROSA","departamento":"BOLÍVAR","area_km2":154.67},"geometry":{"type":"Polygon","coordinates":[[[-75.309,10.521],[-75.293,10.472],[-75.336,10.415],[-75.423,10.402],[-75.404,10.509],[-75.371,10.542],[-75.309,10.521]]]}},{"type":"Feature","properties":{"divipola_mpio":"13688","divipola_dpto":"13","municipio":"SANTA ROSA DEL SUR","departamento":"BOLÍVAR","area_km2":2382.78},"geometry":{"type":"Polygon","coordinates":[[[-74.023,8.175],[-74.05,8.106],[-73.979,8.035],[-74.004,7.917],[-74.094,7.822],[-74.135,7.819],[-74.139,7.72],[-74.212,7.702],[-74.222,7.585],[-74.152,7.573],[-74.31,7.454],[-74.358,7.472],[-74.413,7.46],[-74.414,7.399],[-74.491,7.343],[-74.561,7.428],[-74.563,7.433],[-74.467,7.58],[-74.447,7.684],[-74.452,7.787],[-74.38,7.796],[-74.345,7.897],[-74.26,7.943],[-74.283,8.045],[-74.261,8.104],[-74.173,8.108],[-74.092,8.163],[-74.023,8.175]]]}},{"type":"Feature","properties":{"divipola_mpio":"13744","divipola_dpto":"13","municipio":"SIMITÍ","departamento":"BOLÍVAR","area_km2":1354.66},"geometry":{"type":"Polygon","coordinates":[[[-73.868,8.064],[-73.862,7.972],[-73.831,7.932],[-73.798,7.772],[-73.815,7.692],[-73.878,7.724],[-73.973,7.676],[-74.028,7.683],[-74.129,7.642],[-74.152,7.573],[-74.222,7.585],[-74.212,7.702],[-74.139,7.72],[-74.135,7.819],[-74.094,7.822],[-74.004,7.917],[-73.979,8.035],[-74.05,8.106],[-74.023,8.175],[-73.923,8.145],[-73.868,8.064]]]}},{"type":"Feature","properties":{"divipola_mpio":"13760","divipola_dpto":"13","municipio":"SOPLAVIENTO","departamento":"BOLÍVAR","area_km2":92.6},"geometry":{"type":"Polygon","coordinates":[[[-75.07,10.344],[-75.084,10.281],[-75.173,10.286],[-75.129,10.397],[-75.09,10.411],[-75.07,10.344]]]}},{"type":"Feature","properties":{"divipola_mpio":"13780","divipola_dpto":"13","municipio":"TALAIGUA NUEVO","departamento":"BOLÍVAR","area_km2":249.31},"geometry":{"type":"Polygon","coordinates":[[[-74.656,9.384],[-74.565,9.312],[-74.531,9.256],[-74.53,9.242],[-74.65,9.191],[-74.628,9.283],[-74.678,9.305],[-74.743,9.366],[-74.74,9.426],[-74.656,9.384]]]}},{"type":"Feature","properties":{"divipola_mpio":"13810","divipola_dpto":"13","municipio":"TIQUISIO","departamento":"BOLÍVAR","area_km2":762.81},"geometry":{"type":"Polygon","coordinates":[[[-74.212,8.65],[-74.178,8.656],[-74.139,8.655],[-74.152,8.604],[-74.158,8.521],[-74.256,8.444],[-74.257,8.383],[-74.342,8.277],[-74.43,8.341],[-74.443,8.429],[-74.358,8.495],[-74.347,8.58],[-74.375,8.665],[-74.212,8.65]]]}},{"type":"Feature","properties":{"divipola_mpio":"13836","divipola_dpto":"13","municipio":"TURBACO","departamento":"BOLÍVAR","area_km2":201.98},"geometry":{"type":"Polygon","coordinates":[[[-75.336,10.415],[-75.281,10.363],[-75.297,10.334],[-75.383,10.272],[-75.442,10.311],[-75.477,10.364],[-75.423,10.402],[-75.336,10.415]]]}},{"type":"Feature","properties":{"divipola_mpio":"13838","divipola_dpto":"13","municipio":"TURBANÁ","departamento":"BOLÍVAR","area_km2":191.16},"geometry":{"type":"Polygon","coordinates":[[[-75.442,10.311],[-75.383,10.272],[-75.436,10.172],[-75.497,10.146],[-75.573,10.086],[-75.534,10.176],[-75.49,10.215],[-75.442,10.311]]]}},{"type":"Feature","properties":{"divipola_mpio":"13873","divipola_dpto":"13","municipio":"VILLANUEVA","departamento":"BOLÍVAR","area_km2":137.13},"geometry":{"type":"Polygon","coordinates":[[[-75.248,10.505],[-75.241,10.504],[-75.177,10.456],[-75.25,10.421],[-75.281,10.363],[-75.336,10.415],[-75.293,10.472],[-75.309,10.521],[-75.248,10.505]]]}},{"type":"Feature","properties":{"divipola_mpio":"13894","divipola_dpto":"13","municipio":"ZAMBRANO","departamento":"BOLÍVAR","area_km2":309.15},"geometry":{"type":"Polygon","coordinates":[[[-74.84,9.81],[-74.806,9.76],[-74.791,9.653],[-74.961,9.681],[-74.951,9.767],[-74.92,9.798],[-74.94,9.863],[-74.883,9.872],[-74.84,9.81]]]}},{"type":"Feature","properties":{"divipola_mpio":"20032","divipola_dpto":"20","municipio":"ASTREA","departamento":"CESAR","area_km2":637.9},"geometry":{"type":"Polygon","coordinates":[[[-73.786,9.524],[-73.787,9.493],[-73.869,9.457],[-73.948,9.379],[-73.978,9.39],[-74.14,9.494],[-74.037,9.592],[-73.868,9.6],[-73.803,9.636],[-73.786,9.524]]]}},{"type":"Feature","properties":{"divipola_mpio":"20060","divipola_dpto":"20","municipio":"BOSCONIA","departamento":"CESAR","area_km2":586.21},"geometry":{"type":"Polygon","coordinates":[[[-73.813,10.074],[-73.757,9.992],[-73.736,9.884],[-73.839,9.785],[-73.897,9.837],[-73.959,9.931],[-74.034,9.998],[-74.036,10.005],[-73.921,10.054],[-73.813,10.074]]]}},{"type":"Feature","properties":{"divipola_mpio":"20175","divipola_dpto":"20","municipio":"CHIMICHAGUA","departamento":"CESAR","area_km2":1376.43},"geometry":{"type":"Polygon","coordinates":[[[-73.787,9.493],[-73.758,9.478],[-73.737,9.361],[-73.694,9.319],[-73.684,9.24],[-73.695,9.217],[-73.632,9.069],[-73.515,9.131],[-73.425,9.122],[-73.411,9.054],[-73.436,8.999],[-73.491,8.982],[-73.55,9.007],[-73.562,9.064],[-73.692,9.038],[-73.799,9.059],[-73.864,9.112],[-73.891,9.174],[-73.962,9.188],[-73.943,9.289],[-73.989,9.351],[-73.982,9.386],[-73.978,9.39],[-73.948,9.379],[-73.869,9.457],[-73.787,9.493]]]}},{"type":"Feature","properties":{"divipola_mpio":"20178","divipola_dpto":"20","municipio":"CHIRIGUANÁ","departamento":"CESAR","area_km2":1114.48},"geometry":{"type":"Polygon","coordinates":[[[-73.486,9.582],[-73.531,9.531],[-73.502,9.479],[-73.446,9.488],[-73.207,9.423],[-73.271,9.324],[-73.44,9.407],[-73.506,9.324],[-73.578,9.277],[-73.64,9.284],[-73.684,9.24],[-73.694,9.319],[-73.737,9.361],[-73.758,9.478],[-73.787,9.493],[-73.786,9.524],[-73.635,9.524],[-73.646,9.568],[-73.555,9.609],[-73.486,9.582]]]}},{"type":"Feature","properties":{"divipola_mpio":"20228","divipola_dpto":"20","municipio":"CURUMANÍ","departamento":"CESAR","area_km2":915.17},"geometry":{"type":"Polygon","coordinates":[[[-73.271,9.324],[-73.369,9.173],[-73.425,9.122],[-73.515,9.131],[-73.632,9.069],[-73.695,9.217],[-73.684,9.24],[-73.64,9.284],[-73.578,9.277],[-73.506,9.324],[-73.44,9.407],[-73.271,9.324]]]}},{"type":"Feature","properties":{"divipola_mpio":"20238","divipola_dpto":"20","municipio":"EL COPEY","departamento":"CESAR","area_km2":956.45},"geometry":{"type":"Polygon","coordinates":[[[-73.792,10.393],[-73.735,10.352],[-73.814,10.254],[-73.786,10.14],[-73.813,10.074],[-73.921,10.054],[-74.036,10.005],[-74.074,10.052],[-74.065,10.167],[-73.978,10.277],[-73.954,10.339],[-73.892,10.391],[-73.792,10.393]]]}},{"type":"Feature","properties":{"divipola_mpio":"20250","divipola_dpto":"20","municipio":"EL PASO","departamento":"CESAR","area_km2":813.93},"geometry":{"type":"Polygon","coordinates":[[[-73.618,9.819],[-73.621,9.758],[-73.619,9.723],[-73.631,9.641],[-73.49,9.674],[-73.447,9.631],[-73.486,9.582],[-73.555,9.609],[-73.646,9.568],[-73.635,9.524],[-73.786,9.524],[-73.803,9.636],[-73.81,9.674],[-73.84,9.737],[-73.839,9.785],[-73.736,9.884],[-73.742,9.848],[-73.618,9.819]]]}},{"type":"Feature","properties":{"divipola_mpio":"20295","divipola_dpto":"20","municipio":"GAMARRA","departamento":"CESAR","area_km2":326.88},"geometry":{"type":"Polygon","coordinates":[[[-73.638,8.487],[-73.615,8.39],[-73.679,8.334],[-73.695,8.223],[-73.771,8.154],[-73.75,8.274],[-73.749,8.406],[-73.747,8.449],[-73.638,8.487]]]}},{"type":"Feature","properties":{"divipola_mpio":"20310","divipola_dpto":"20","municipio":"GONZÁLEZ","departamento":"CESAR","area_km2":73.01},"geometry":{"type":"Polygon","coordinates":[[[-73.349,8.392],[-73.361,8.328],[-73.411,8.37],[-73.41,8.43],[-73.414,8.459],[-73.343,8.437],[-73.349,8.392]]]}},{"type":"Feature","properties":{"divipola_mpio":"20383","divipola_dpto":"20","municipio":"LA GLORIA","departamento":"CESAR","area_km2":802.87},"geometry":{"type":"Polygon","coordinates":[[[-73.577,8.506],[-73.638,8.487],[-73.747,8.449],[-73.82,8.662],[-73.79,8.751],[-73.759,8.74],[-73.808,8.67],[-73.677,8.646],[-73.622,8.686],[-73.586,8.774],[-73.455,8.797],[-73.429,8.823],[-73.463,8.745],[-73.552,8.606],[-73.531,8.528],[-73.577,8.506]]]}},{"type":"Feature","properties":{"divipola_mpio":"20400","divipola_dpto":"20","municipio":"LA JAGUA DE IBIRICO","departamento":"CESAR","area_km2":755.91},"geometry":{"type":"Polygon","coordinates":[[[-73.07,9.633],[-73.085,9.557],[-73.176,9.501],[-73.207,9.423],[-73.446,9.488],[-73.502,9.479],[-73.531,9.531],[-73.486,9.582],[-73.447,9.631],[-73.49,9.674],[-73.378,9.648],[-73.323,9.588],[-73.241,9.598],[-73.186,9.631],[-73.07,9.633]]]}},{"type":"Feature","properties":{"divipola_mpio":"20443","divipola_dpto":"20","municipio":"MANAURE BALCÓN DEL CESAR","departamento":"CESAR","area_km2":136.78},"geometry":{"type":"Polygon","coordinates":[[[-72.906,10.353],[-73.048,10.354],[-73.129,10.399],[-73.088,10.425],[-72.987,10.4],[-72.901,10.436],[-72.906,10.353]]]}},{"type":"Feature","properties":{"divipola_mpio":"20517","divipola_dpto":"20","municipio":"PAILITAS","departamento":"CESAR","area_km2":531.84},"geometry":{"type":"Polygon","coordinates":[[[-73.436,8.999],[-73.426,8.9],[-73.447,8.87],[-73.534,8.83],[-73.613,8.89],[-73.673,8.841],[-73.695,8.885],[-73.692,9.038],[-73.562,9.064],[-73.55,9.007],[-73.491,8.982],[-73.436,8.999]]]}},{"type":"Feature","properties":{"divipola_mpio":"20550","divipola_dpto":"20","municipio":"PELAYA","departamento":"CESAR","area_km2":423.39},"geometry":{"type":"Polygon","coordinates":[[[-73.447,8.87],[-73.429,8.823],[-73.455,8.797],[-73.586,8.774],[-73.622,8.686],[-73.677,8.646],[-73.808,8.67],[-73.759,8.74],[-73.703,8.749],[-73.673,8.841],[-73.613,8.89],[-73.534,8.83],[-73.447,8.87]]]}},{"type":"Feature","properties":{"divipola_mpio":"20614","divipola_dpto":"20","municipio":"RÍO DE ORO","departamento":"CESAR","area_km2":549.44},"geometry":{"type":"Polygon","coordinates":[[[-73.361,8.328],[-73.405,8.246],[-73.432,8.14],[-73.393,8.113],[-73.44,8.08],[-73.639,8.066],[-73.586,8.114],[-73.604,8.179],[-73.558,8.205],[-73.536,8.28],[-73.457,8.361],[-73.411,8.37],[-73.361,8.328]]]}},{"type":"Feature","properties":{"divipola_mpio":"20710","divipola_dpto":"20","municipio":"SAN ALBERTO","departamento":"CESAR","area_km2":550.21},"geometry":{"type":"Polygon","coordinates":[[[-73.349,7.829],[-73.411,7.716],[-73.481,7.677],[-73.58,7.739],[-73.633,7.749],[-73.486,7.827],[-73.443,7.938],[-73.404,7.919],[-73.298,7.984],[-73.279,7.936],[-73.351,7.892],[-73.349,7.829]]]}},{"type":"Feature","properties":{"divipola_mpio":"20750","divipola_dpto":"20","municipio":"SAN DIEGO","departamento":"CESAR","area_km2":646.0},"geometry":{"type":"Polygon","coordinates":[[[-73.589,9.866],[-73.594,9.894],[-73.535,10.014],[-73.425,10.091],[-73.373,10.166],[-73.3,10.214],[-73.236,10.357],[-73.119,10.34],[-73.119,10.2],[-73.165,10.2],[-73.165,10.11],[-73.224,10.119],[-73.392,10.081],[-73.427,10.021],[-73.498,10.017],[-73.547,9.91],[-73.589,9.866]]]}},{"type":"Feature","properties":{"divipola_mpio":"20787","divipola_dpto":"20","municipio":"TAMALAMEQUE","departamento":"CESAR","area_km2":513.3},"geometry":{"type":"Polygon","coordinates":[[[-73.692,9.038],[-73.695,8.885],[-73.673,8.841],[-73.703,8.749],[-73.759,8.74],[-73.79,8.751],[-73.818,8.836],[-73.868,8.936],[-73.799,9.059],[-73.692,9.038]]]}},{"type":"Feature","properties":{"divipola_mpio":"20001","divipola_dpto":"20","municipio":"VALLEDUPAR","departamento":"CESAR","area_km2":4185.79},"geometry":{"type":"Polygon","coordinates":[[[-73.076,10.637],[-73.099,10.552],[-73.163,10.489],[-73.178,10.457],[-73.236,10.357],[-73.3,10.214],[-73.373,10.166],[-73.425,10.091],[-73.535,10.014],[-73.594,9.894],[-73.589,9.866],[-73.618,9.819],[-73.742,9.848],[-73.736,9.884],[-73.757,9.992],[-73.813,10.074],[-73.786,10.14],[-73.814,10.254],[-73.735,10.352],[-73.655,10.319],[-73.514,10.332],[-73.451,10.36],[-73.52,10.596],[-73.519,10.723],[-73.562,10.741],[-73.599,10.836],[-73.455,10.867],[-73.291,10.862],[-73.256,10.826],[-73.263,10.732],[-73.217,10.731],[-73.114,10.679],[-73.076,10.637]]]}},{"type":"Feature","properties":{"divipola_mpio":"20013","divipola_dpto":"20","municipio":"AGUSTÍN CODAZZI","departamento":"CESAR","area_km2":1753.09},"geometry":{"type":"Polygon","coordinates":[[[-72.999,9.922],[-73.171,9.793],[-73.267,9.817],[-73.327,9.775],[-73.372,9.785],[-73.495,9.741],[-73.586,9.752],[-73.619,9.723],[-73.621,9.758],[-73.452,9.909],[-73.465,9.954],[-73.349,10.062],[-73.206,10.042],[-72.999,10.164],[-72.907,10.269],[-72.912,10.115],[-72.999,9.922]]]}},{"type":"Feature","properties":{"divipola_mpio":"20045","divipola_dpto":"20","municipio":"BECERRIL","departamento":"CESAR","area_km2":1225.4},"geometry":{"type":"Polygon","coordinates":[[[-73.07,9.633],[-73.186,9.631],[-73.241,9.598],[-73.323,9.588],[-73.378,9.648],[-73.49,9.674],[-73.631,9.641],[-73.619,9.723],[-73.586,9.752],[-73.495,9.741],[-73.372,9.785],[-73.327,9.775],[-73.267,9.817],[-73.171,9.793],[-72.999,9.922],[-72.972,9.855],[-72.988,9.794],[-73.07,9.633]]]}},{"type":"Feature","properties":{"divipola_mpio":"20621","divipola_dpto":"20","municipio":"LA PAZ","departamento":"CESAR","area_km2":1073.1},"geometry":{"type":"Polygon","coordinates":[[[-73.129,10.399],[-73.048,10.354],[-72.906,10.353],[-72.907,10.269],[-72.999,10.164],[-73.206,10.042],[-73.349,10.062],[-73.465,9.954],[-73.452,9.909],[-73.621,9.758],[-73.618,9.819],[-73.589,9.866],[-73.547,9.91],[-73.498,10.017],[-73.427,10.021],[-73.392,10.081],[-73.224,10.119],[-73.165,10.11],[-73.165,10.2],[-73.119,10.2],[-73.119,10.34],[-73.236,10.357],[-73.178,10.457],[-73.129,10.399]]]}},{"type":"Feature","properties":{"divipola_mpio":"20570","divipola_dpto":"20","municipio":"PUEBLO BELLO","departamento":"CESAR","area_km2":743.8},"geometry":{"type":"Polygon","coordinates":[[[-73.735,10.352],[-73.792,10.393],[-73.742,10.435],[-73.66,10.456],[-73.64,10.5],[-73.563,10.504],[-73.617,10.645],[-73.562,10.741],[-73.519,10.723],[-73.52,10.596],[-73.451,10.36],[-73.514,10.332],[-73.655,10.319],[-73.735,10.352]]]}},{"type":"Feature","properties":{"divipola_mpio":"20770","divipola_dpto":"20","municipio":"SAN MARTÍN","departamento":"CESAR","area_km2":993.29},"geometry":{"type":"Polygon","coordinates":[[[-73.31,8.015],[-73.298,7.984],[-73.404,7.919],[-73.443,7.938],[-73.486,7.827],[-73.633,7.749],[-73.753,7.751],[-73.75,7.803],[-73.671,7.894],[-73.721,8.009],[-73.616,8.01],[-73.639,8.066],[-73.44,8.08],[-73.393,8.113],[-73.366,8.023],[-73.31,8.015]]]}},{"type":"Feature","properties":{"divipola_mpio":"20011","divipola_dpto":"20","municipio":"AGUACHICA","departamento":"CESAR","area_km2":877.67},"geometry":{"type":"Polygon","coordinates":[[[-73.492,8.422],[-73.457,8.361],[-73.536,8.28],[-73.558,8.205],[-73.604,8.179],[-73.586,8.114],[-73.639,8.066],[-73.616,8.01],[-73.721,8.009],[-73.764,8.064],[-73.775,8.145],[-73.771,8.154],[-73.695,8.223],[-73.679,8.334],[-73.615,8.39],[-73.638,8.487],[-73.577,8.506],[-73.492,8.422]]]}},{"type":"Feature","properties":{"divipola_mpio":"44078","divipola_dpto":"44","municipio":"BARRANCAS","departamento":"LA GUAJIRA","area_km2":800.94},"geometry":{"type":"Polygon","coordinates":[[[-72.492,11.079],[-72.485,11.062],[-72.58,10.911],[-72.638,10.885],[-72.676,10.819],[-72.721,10.865],[-72.783,10.877],[-72.912,11.035],[-72.857,11.097],[-72.749,11.027],[-72.705,11.036],[-72.638,11.123],[-72.629,11.118],[-72.492,11.079]]]}},{"type":"Feature","properties":{"divipola_mpio":"44098","divipola_dpto":"44","municipio":"DISTRACCIÓN","departamento":"LA GUAJIRA","area_km2":231.87},"geometry":{"type":"Polygon","coordinates":[[[-72.914,11.032],[-72.912,10.949],[-72.873,10.841],[-72.898,10.79],[-72.944,10.825],[-73.018,11.007],[-72.914,11.032]]]}},{"type":"Feature","properties":{"divipola_mpio":"44110","divipola_dpto":"44","municipio":"EL MOLINO","departamento":"LA GUAJIRA","area_km2":242.18},"geometry":{"type":"Polygon","coordinates":[[[-72.781,10.612],[-72.842,10.539],[-73.014,10.668],[-72.973,10.716],[-72.821,10.681],[-72.781,10.612]]]}},{"type":"Feature","properties":{"divipola_mpio":"44279","divipola_dpto":"44","municipio":"FONSECA","departamento":"LA GUAJIRA","area_km2":473.52},"geometry":{"type":"Polygon","coordinates":[[[-72.676,10.819],[-72.748,10.653],[-72.825,10.712],[-72.832,10.769],[-72.898,10.79],[-72.873,10.841],[-72.912,10.949],[-72.914,11.032],[-72.912,11.035],[-72.783,10.877],[-72.721,10.865],[-72.676,10.819]]]}},{"type":"Feature","properties":{"divipola_mpio":"44378","divipola_dpto":"44","municipio":"HATONUEVO","departamento":"LA GUAJIRA","area_km2":214.64},"geometry":{"type":"MultiPolygon","coordinates":[[[[-72.496,11.082],[-72.492,11.079],[-72.629,11.118],[-72.496,11.082]]],[[[-72.649,11.163],[-72.638,11.123],[-72.705,11.036],[-72.749,11.027],[-72.857,11.097],[-72.692,11.167],[-72.649,11.163]]]]}},{"type":"Feature","properties":{"divipola_mpio":"44420","divipola_dpto":"44","municipio":"LA JAGUA DEL PILAR","departamento":"LA GUAJIRA","area_km2":179.59},"geometry":{"type":"Polygon","coordinates":[[[-72.886,10.453],[-72.901,10.436],[-72.987,10.4],[-73.088,10.425],[-73.129,10.399],[-73.178,10.457],[-73.163,10.489],[-73.027,10.518],[-73.027,10.417],[-72.886,10.453]]]}},{"type":"Feature","properties":{"divipola_mpio":"44855","divipola_dpto":"44","municipio":"URUMITA","departamento":"LA GUAJIRA","area_km2":246.27},"geometry":{"type":"Polygon","coordinates":[[[-72.843,10.508],[-72.886,10.453],[-73.027,10.417],[-73.027,10.518],[-73.163,10.489],[-73.099,10.552],[-73.006,10.557],[-72.913,10.508],[-72.843,10.508]]]}},{"type":"Feature","properties":{"divipola_mpio":"44874","divipola_dpto":"44","municipio":"VILLANUEVA","departamento":"LA GUAJIRA","area_km2":260.1},"geometry":{"type":"Polygon","coordinates":[[[-72.842,10.539],[-72.843,10.508],[-72.913,10.508],[-73.006,10.557],[-73.099,10.552],[-73.076,10.637],[-73.014,10.668],[-72.842,10.539]]]}},{"type":"Feature","properties":{"divipola_mpio":"44001","divipola_dpto":"44","municipio":"RIOHACHA","departamento":"LA GUAJIRA","area_km2":3088.71},"geometry":{"type":"Polygon","coordinates":[[[-72.648,11.429],[-72.614,11.322],[-72.602,11.244],[-72.649,11.163],[-72.692,11.167],[-72.857,11.097],[-72.912,11.035],[-72.914,11.032],[-73.018,11.007],[-73.222,10.933],[-73.386,10.917],[-73.332,10.973],[-73.306,11.058],[-73.236,11.097],[-73.165,11.187],[-73.149,11.251],[-73.217,11.33],[-73.143,11.408],[-73.025,11.494],[-72.891,11.56],[-72.858,11.514],[-72.719,11.481],[-72.648,11.429]]]}},{"type":"Feature","properties":{"divipola_mpio":"44035","divipola_dpto":"44","municipio":"ALBANIA","departamento":"LA GUAJIRA","area_km2":546.03},"geometry":{"type":"Polygon","coordinates":[[[-72.459,11.116],[-72.496,11.082],[-72.629,11.118],[-72.638,11.123],[-72.649,11.163],[-72.602,11.244],[-72.614,11.322],[-72.573,11.399],[-72.525,11.406],[-72.452,11.301],[-72.404,11.175],[-72.459,11.116]]]}},{"type":"Feature","properties":{"divipola_mpio":"44090","divipola_dpto":"44","municipio":"DIBULLA","departamento":"LA GUAJIRA","area_km2":1749.98},"geometry":{"type":"Polygon","coordinates":[[[-73.386,10.917],[-73.455,10.867],[-73.599,10.836],[-73.665,10.99],[-73.628,11.142],[-73.584,11.189],[-73.575,11.26],[-73.362,11.263],[-73.276,11.286],[-73.217,11.33],[-73.149,11.251],[-73.165,11.187],[-73.236,11.097],[-73.306,11.058],[-73.332,10.973],[-73.386,10.917]]]}},{"type":"Feature","properties":{"divipola_mpio":"44650","divipola_dpto":"44","municipio":"SAN JUAN DEL CESAR","departamento":"LA GUAJIRA","area_km2":1313.69},"geometry":{"type":"Polygon","coordinates":[[[-73.018,11.007],[-72.944,10.825],[-72.898,10.79],[-72.832,10.769],[-72.825,10.712],[-72.748,10.653],[-72.781,10.612],[-72.821,10.681],[-72.973,10.716],[-73.014,10.668],[-73.076,10.637],[-73.114,10.679],[-73.217,10.731],[-73.263,10.732],[-73.256,10.826],[-73.291,10.862],[-73.455,10.867],[-73.386,10.917],[-73.222,10.933],[-73.018,11.007]]]}},{"type":"Feature","properties":{"divipola_mpio":"44847","divipola_dpto":"44","municipio":"URIBIA","departamento":"LA GUAJIRA","area_km2":7886.06},"geometry":{"type":"Polygon","coordinates":[[[-71.979,11.631],[-72.02,11.693],[-72.125,11.533],[-72.262,11.527],[-72.319,11.554],[-72.362,11.616],[-72.371,11.698],[-72.33,11.772],[-72.355,11.828],[-72.237,11.886],[-72.138,12.104],[-72.143,12.239],[-72.075,12.233],[-71.964,12.257],[-71.995,12.186],[-71.96,12.15],[-71.86,12.211],[-71.928,12.298],[-71.86,12.356],[-71.805,12.305],[-71.691,12.366],[-71.624,12.44],[-71.542,12.44],[-71.283,12.343],[-71.225,12.273],[-71.115,12.086],[-71.136,12.003],[-71.235,11.953],[-71.378,11.812],[-71.611,11.746],[-71.802,11.68],[-71.979,11.631]]]}},{"type":"Feature","properties":{"divipola_mpio":"44430","divipola_dpto":"44","municipio":"MAICAO","departamento":"LA GUAJIRA","area_km2":1768.72},"geometry":{"type":"Polygon","coordinates":[[[-71.979,11.631],[-72.246,11.145],[-72.349,11.151],[-72.459,11.116],[-72.404,11.175],[-72.452,11.301],[-72.525,11.406],[-72.573,11.399],[-72.614,11.322],[-72.648,11.429],[-72.605,11.458],[-72.536,11.444],[-72.398,11.502],[-72.382,11.525],[-72.262,11.527],[-72.125,11.533],[-72.02,11.693],[-71.979,11.631]]]}},{"type":"Feature","properties":{"divipola_mpio":"44560","divipola_dpto":"44","municipio":"MANAURE","departamento":"LA GUAJIRA","area_km2":1619.66},"geometry":{"type":"Polygon","coordinates":[[[-72.262,11.527],[-72.382,11.525],[-72.398,11.502],[-72.536,11.444],[-72.605,11.458],[-72.648,11.429],[-72.719,11.481],[-72.858,11.514],[-72.891,11.56],[-72.826,11.636],[-72.723,11.7],[-72.459,11.777],[-72.355,11.828],[-72.33,11.772],[-72.371,11.698],[-72.362,11.616],[-72.319,11.554],[-72.262,11.527]]]}},{"type":"Feature","properties":{"divipola_mpio":"47541","divipola_dpto":"47","municipio":"PEDRAZA","departamento":"MAGDALENA","area_km2":325.48},"geometry":{"type":"Polygon","coordinates":[[[-74.877,10.214],[-74.828,10.235],[-74.754,10.181],[-74.693,10.225],[-74.774,10.098],[-74.825,10.059],[-74.945,10.128],[-74.916,10.239],[-74.877,10.214]]]}},{"type":"Feature","properties":{"divipola_mpio":"47030","divipola_dpto":"47","municipio":"ALGARROBO","departamento":"MAGDALENA","area_km2":406.39},"geometry":{"type":"Polygon","coordinates":[[[-73.978,10.277],[-74.065,10.167],[-74.074,10.052],[-74.115,10.13],[-74.128,10.207],[-74.195,10.187],[-74.19,10.295],[-74.158,10.357],[-74.11,10.393],[-74.058,10.324],[-73.978,10.277]]]}},{"type":"Feature","properties":{"divipola_mpio":"47058","divipola_dpto":"47","municipio":"ARIGUANÍ","departamento":"MAGDALENA","area_km2":1131.74},"geometry":{"type":"Polygon","coordinates":[[[-73.839,9.785],[-73.84,9.737],[-73.967,9.752],[-74.094,9.703],[-74.178,9.619],[-74.199,9.729],[-74.267,9.772],[-74.268,9.879],[-74.247,9.971],[-74.153,9.972],[-74.034,9.998],[-73.959,9.931],[-73.897,9.837],[-73.839,9.785]]]}},{"type":"Feature","properties":{"divipola_mpio":"47161","divipola_dpto":"47","municipio":"CERRO DE SAN ANTONIO","departamento":"MAGDALENA","area_km2":177.2},"geometry":{"type":"Polygon","coordinates":[[[-74.702,10.275],[-74.716,10.249],[-74.844,10.271],[-74.877,10.214],[-74.916,10.239],[-74.911,10.254],[-74.868,10.34],[-74.863,10.366],[-74.749,10.319],[-74.702,10.275]]]}},{"type":"Feature","properties":{"divipola_mpio":"47170","divipola_dpto":"47","municipio":"CHIVOLO","departamento":"MAGDALENA","area_km2":536.54},"geometry":{"type":"Polygon","coordinates":[[[-74.465,10.203],[-74.393,10.138],[-74.442,10.017],[-74.543,10.029],[-74.555,9.948],[-74.661,10.012],[-74.62,10.086],[-74.633,10.143],[-74.587,10.219],[-74.496,10.233],[-74.465,10.203]]]}},{"type":"Feature","properties":{"divipola_mpio":"47205","divipola_dpto":"47","municipio":"CONCORDIA","departamento":"MAGDALENA","area_km2":109.48},"geometry":{"type":"Polygon","coordinates":[[[-74.716,10.249],[-74.693,10.225],[-74.754,10.181],[-74.828,10.235],[-74.877,10.214],[-74.844,10.271],[-74.716,10.249]]]}},{"type":"Feature","properties":{"divipola_mpio":"47258","divipola_dpto":"47","municipio":"EL PIÑÓN","departamento":"MAGDALENA","area_km2":557.14},"geometry":{"type":"Polygon","coordinates":[[[-74.496,10.233],[-74.587,10.219],[-74.702,10.275],[-74.749,10.319],[-74.863,10.366],[-74.812,10.451],[-74.685,10.471],[-74.574,10.364],[-74.496,10.233]]]}},{"type":"Feature","properties":{"divipola_mpio":"47268","divipola_dpto":"47","municipio":"EL RETÉN","departamento":"MAGDALENA","area_km2":262.18},"geometry":{"type":"Polygon","coordinates":[[[-74.257,10.665],[-74.189,10.555],[-74.216,10.536],[-74.244,10.557],[-74.31,10.624],[-74.375,10.622],[-74.449,10.671],[-74.427,10.723],[-74.375,10.745],[-74.257,10.665]]]}},{"type":"Feature","properties":{"divipola_mpio":"47318","divipola_dpto":"47","municipio":"GUAMAL","departamento":"MAGDALENA","area_km2":564.49},"geometry":{"type":"Polygon","coordinates":[[[-73.982,9.386],[-73.989,9.351],[-74.087,9.216],[-74.094,9.16],[-74.175,9.089],[-74.249,9.164],[-74.298,9.177],[-74.3,9.204],[-74.236,9.25],[-74.186,9.333],[-74.139,9.332],[-74.064,9.403],[-73.982,9.386]]]}},{"type":"Feature","properties":{"divipola_mpio":"47460","divipola_dpto":"47","municipio":"NUEVA GRANADA","departamento":"MAGDALENA","area_km2":842.05},"geometry":{"type":"Polygon","coordinates":[[[-74.268,9.879],[-74.267,9.772],[-74.199,9.729],[-74.178,9.619],[-74.217,9.582],[-74.301,9.594],[-74.35,9.569],[-74.451,9.609],[-74.412,9.755],[-74.48,9.834],[-74.41,9.902],[-74.401,9.952],[-74.328,9.931],[-74.268,9.879]]]}},{"type":"Feature","properties":{"divipola_mpio":"47545","divipola_dpto":"47","municipio":"PIJIÑO DEL CARMEN","departamento":"MAGDALENA","area_km2":661.56},"geometry":{"type":"Polygon","coordinates":[[[-73.81,9.674],[-73.803,9.636],[-73.868,9.6],[-74.037,9.592],[-74.14,9.494],[-74.186,9.484],[-74.289,9.377],[-74.48,9.303],[-74.475,9.401],[-74.392,9.436],[-74.293,9.438],[-74.197,9.568],[-74.13,9.579],[-74.011,9.664],[-73.96,9.732],[-73.903,9.671],[-73.81,9.674]]]}},{"type":"Feature","properties":{"divipola_mpio":"47551","divipola_dpto":"47","municipio":"PIVIJAY","departamento":"MAGDALENA","area_km2":1640.44},"geometry":{"type":"Polygon","coordinates":[[[-74.244,10.557],[-74.196,10.482],[-74.18,10.383],[-74.268,10.27],[-74.376,10.215],[-74.418,10.264],[-74.465,10.203],[-74.496,10.233],[-74.574,10.364],[-74.685,10.471],[-74.669,10.564],[-74.561,10.54],[-74.491,10.564],[-74.435,10.629],[-74.449,10.671],[-74.375,10.622],[-74.31,10.624],[-74.244,10.557]]]}},{"type":"Feature","properties":{"divipola_mpio":"47555","divipola_dpto":"47","municipio":"PLATO","departamento":"MAGDALENA","area_km2":1457.34},"geometry":{"type":"Polygon","coordinates":[[[-74.442,10.017],[-74.401,9.952],[-74.41,9.902],[-74.48,9.834],[-74.412,9.755],[-74.451,9.609],[-74.522,9.566],[-74.563,9.641],[-74.665,9.645],[-74.661,9.578],[-74.763,9.54],[-74.778,9.508],[-74.806,9.553],[-74.773,9.604],[-74.791,9.653],[-74.806,9.76],[-74.84,9.81],[-74.693,9.889],[-74.579,9.887],[-74.555,9.948],[-74.543,10.029],[-74.442,10.017]]]}},{"type":"Feature","properties":{"divipola_mpio":"47570","divipola_dpto":"47","municipio":"PUEBLOVIEJO","departamento":"MAGDALENA","area_km2":675.47},"geometry":{"type":"Polygon","coordinates":[[[-74.266,10.866],[-74.267,10.799],[-74.219,10.663],[-74.257,10.665],[-74.375,10.745],[-74.427,10.723],[-74.479,10.825],[-74.485,10.981],[-74.356,10.976],[-74.265,11.006],[-74.266,10.866]]]}},{"type":"Feature","properties":{"divipola_mpio":"47605","divipola_dpto":"47","municipio":"REMOLINO","departamento":"MAGDALENA","area_km2":594.93},"geometry":{"type":"Polygon","coordinates":[[[-74.427,10.723],[-74.449,10.671],[-74.435,10.629],[-74.491,10.564],[-74.561,10.54],[-74.669,10.564],[-74.726,10.601],[-74.747,10.652],[-74.726,10.727],[-74.604,10.723],[-74.498,10.753],[-74.427,10.723]]]}},{"type":"Feature","properties":{"divipola_mpio":"47660","divipola_dpto":"47","municipio":"SABANAS DE SAN ÁNGEL","departamento":"MAGDALENA","area_km2":1238.97},"geometry":{"type":"Polygon","coordinates":[[[-74.18,10.383],[-74.158,10.357],[-74.19,10.295],[-74.195,10.187],[-74.128,10.207],[-74.115,10.13],[-74.074,10.052],[-74.036,10.005],[-74.034,9.998],[-74.153,9.972],[-74.247,9.971],[-74.268,9.879],[-74.328,9.931],[-74.401,9.952],[-74.442,10.017],[-74.393,10.138],[-74.465,10.203],[-74.418,10.264],[-74.376,10.215],[-74.268,10.27],[-74.18,10.383]]]}},{"type":"Feature","properties":{"divipola_mpio":"47675","divipola_dpto":"47","municipio":"SALAMINA","departamento":"MAGDALENA","area_km2":170.48},"geometry":{"type":"Polygon","coordinates":[[[-74.669,10.564],[-74.685,10.471],[-74.812,10.451],[-74.807,10.483],[-74.744,10.539],[-74.726,10.601],[-74.669,10.564]]]}},{"type":"Feature","properties":{"divipola_mpio":"47692","divipola_dpto":"47","municipio":"SAN SEBASTIÁN DE BUENAVISTA","departamento":"MAGDALENA","area_km2":437.65},"geometry":{"type":"Polygon","coordinates":[[[-74.14,9.494],[-73.978,9.39],[-73.982,9.386],[-74.064,9.403],[-74.139,9.332],[-74.186,9.333],[-74.236,9.25],[-74.3,9.204],[-74.392,9.215],[-74.418,9.236],[-74.244,9.35],[-74.186,9.484],[-74.14,9.494]]]}},{"type":"Feature","properties":{"divipola_mpio":"47703","divipola_dpto":"47","municipio":"SAN ZENÓN","departamento":"MAGDALENA","area_km2":268.88},"geometry":{"type":"Polygon","coordinates":[[[-74.418,9.236],[-74.44,9.274],[-74.53,9.242],[-74.531,9.256],[-74.48,9.303],[-74.289,9.377],[-74.186,9.484],[-74.244,9.35],[-74.418,9.236]]]}},{"type":"Feature","properties":{"divipola_mpio":"47707","divipola_dpto":"47","municipio":"SANTA ANA","departamento":"MAGDALENA","area_km2":1120.44},"geometry":{"type":"Polygon","coordinates":[[[-73.84,9.737],[-73.81,9.674],[-73.903,9.671],[-73.96,9.732],[-74.011,9.664],[-74.13,9.579],[-74.197,9.568],[-74.293,9.438],[-74.392,9.436],[-74.475,9.401],[-74.48,9.303],[-74.531,9.256],[-74.565,9.312],[-74.656,9.384],[-74.629,9.391],[-74.522,9.566],[-74.451,9.609],[-74.35,9.569],[-74.301,9.594],[-74.217,9.582],[-74.178,9.619],[-74.094,9.703],[-73.967,9.752],[-73.84,9.737]]]}},{"type":"Feature","properties":{"divipola_mpio":"47720","divipola_dpto":"47","municipio":"SANTA BÁRBARA DE PINTO","departamento":"MAGDALENA","area_km2":494.7},"geometry":{"type":"Polygon","coordinates":[[[-74.522,9.566],[-74.629,9.391],[-74.656,9.384],[-74.74,9.426],[-74.801,9.442],[-74.778,9.508],[-74.763,9.54],[-74.661,9.578],[-74.665,9.645],[-74.563,9.641],[-74.522,9.566]]]}},{"type":"Feature","properties":{"divipola_mpio":"47745","divipola_dpto":"47","municipio":"SITIONUEVO","departamento":"MAGDALENA","area_km2":970.9},"geometry":{"type":"Polygon","coordinates":[[[-74.485,10.981],[-74.479,10.825],[-74.427,10.723],[-74.498,10.753],[-74.604,10.723],[-74.726,10.727],[-74.727,10.749],[-74.725,10.772],[-74.741,10.835],[-74.738,10.876],[-74.757,10.945],[-74.764,10.995],[-74.844,11.067],[-74.852,11.105],[-74.599,11.009],[-74.485,10.981]]]}},{"type":"Feature","properties":{"divipola_mpio":"47798","divipola_dpto":"47","municipio":"TENERIFE","departamento":"MAGDALENA","area_km2":492.2},"geometry":{"type":"Polygon","coordinates":[[[-74.661,10.012],[-74.555,9.948],[-74.579,9.887],[-74.693,9.889],[-74.84,9.81],[-74.883,9.872],[-74.862,9.944],[-74.79,10.013],[-74.661,10.012]]]}},{"type":"Feature","properties":{"divipola_mpio":"47960","divipola_dpto":"47","municipio":"ZAPAYÁN","departamento":"MAGDALENA","area_km2":353.28},"geometry":{"type":"Polygon","coordinates":[[[-74.587,10.219],[-74.633,10.143],[-74.62,10.086],[-74.661,10.012],[-74.79,10.013],[-74.825,10.059],[-74.774,10.098],[-74.693,10.225],[-74.716,10.249],[-74.702,10.275],[-74.587,10.219]]]}},{"type":"Feature","properties":{"divipola_mpio":"47980","divipola_dpto":"47","municipio":"ZONA BANANERA","departamento":"MAGDALENA","area_km2":446.46},"geometry":{"type":"Polygon","coordinates":[[[-74.152,10.637],[-74.219,10.663],[-74.267,10.799],[-74.266,10.866],[-74.227,10.928],[-74.167,10.956],[-74.109,10.871],[-74.087,10.756],[-74.152,10.637]]]}},{"type":"Feature","properties":{"divipola_mpio":"47053","divipola_dpto":"47","municipio":"ARACATACA","departamento":"MAGDALENA","area_km2":1740.84},"geometry":{"type":"Polygon","coordinates":[[[-73.599,10.836],[-73.562,10.741],[-73.617,10.645],[-73.682,10.592],[-73.84,10.509],[-73.966,10.489],[-74.031,10.426],[-74.216,10.536],[-74.189,10.555],[-74.257,10.665],[-74.219,10.663],[-74.152,10.637],[-74.088,10.619],[-73.986,10.712],[-73.899,10.753],[-73.765,10.876],[-73.651,10.824],[-73.599,10.836]]]}},{"type":"Feature","properties":{"divipola_mpio":"47189","divipola_dpto":"47","municipio":"CIÉNAGA","departamento":"MAGDALENA","area_km2":1324.78},"geometry":{"type":"Polygon","coordinates":[[[-73.765,10.876],[-73.899,10.753],[-73.986,10.712],[-74.088,10.619],[-74.152,10.637],[-74.087,10.756],[-74.109,10.871],[-74.167,10.956],[-74.227,10.928],[-74.266,10.866],[-74.265,11.006],[-74.214,11.075],[-74.107,11.077],[-73.986,11.017],[-73.87,10.99],[-73.88,10.893],[-73.856,10.865],[-73.765,10.876]]]}},{"type":"Feature","properties":{"divipola_mpio":"47288","divipola_dpto":"47","municipio":"FUNDACIÓN","departamento":"MAGDALENA","area_km2":971.9},"geometry":{"type":"Polygon","coordinates":[[[-73.792,10.393],[-73.892,10.391],[-73.954,10.339],[-73.978,10.277],[-74.058,10.324],[-74.11,10.393],[-74.158,10.357],[-74.18,10.383],[-74.196,10.482],[-74.244,10.557],[-74.216,10.536],[-74.031,10.426],[-73.966,10.489],[-73.84,10.509],[-73.682,10.592],[-73.617,10.645],[-73.563,10.504],[-73.64,10.5],[-73.66,10.456],[-73.742,10.435],[-73.792,10.393]]]}},{"type":"Feature","properties":{"divipola_mpio":"47001","divipola_dpto":"47","municipio":"SANTA MARTA","departamento":"MAGDALENA","area_km2":2347.14},"geometry":{"type":"Polygon","coordinates":[[[-73.575,11.26],[-73.584,11.189],[-73.628,11.142],[-73.665,10.99],[-73.599,10.836],[-73.651,10.824],[-73.765,10.876],[-73.856,10.865],[-73.88,10.893],[-73.87,10.99],[-73.986,11.017],[-74.107,11.077],[-74.214,11.075],[-74.238,11.222],[-74.146,11.336],[-74.077,11.317],[-73.979,11.339],[-73.857,11.274],[-73.661,11.253],[-73.575,11.26]]]}},{"type":"Feature","properties":{"divipola_mpio":"47245","divipola_dpto":"47","municipio":"EL BANCO","departamento":"MAGDALENA","area_km2":814.87},"geometry":{"type":"Polygon","coordinates":[[[-73.799,9.059],[-73.868,8.936],[-73.978,8.984],[-74.004,9.03],[-74.101,9.019],[-74.175,9.089],[-74.094,9.16],[-74.087,9.216],[-73.989,9.351],[-73.943,9.289],[-73.962,9.188],[-73.891,9.174],[-73.864,9.112],[-73.799,9.059]]]}},{"type":"Feature","properties":{"divipola_mpio":"70001","divipola_dpto":"70","municipio":"SINCELEJO","departamento":"SUCRE","area_km2":279.97},"geometry":{"type":"Polygon","coordinates":[[[-75.398,9.396],[-75.338,9.314],[-75.349,9.226],[-75.457,9.237],[-75.478,9.247],[-75.499,9.286],[-75.491,9.339],[-75.541,9.393],[-75.527,9.427],[-75.489,9.389],[-75.398,9.396]]]}},{"type":"Feature","properties":{"divipola_mpio":"70110","divipola_dpto":"70","municipio":"BUENAVISTA","departamento":"SUCRE","area_km2":146.5},"geometry":{"type":"Polygon","coordinates":[[[-74.922,9.389],[-74.942,9.292],[-74.909,9.205],[-74.937,9.21],[-75.008,9.324],[-74.957,9.367],[-74.96,9.434],[-74.922,9.389]]]}},{"type":"Feature","properties":{"divipola_mpio":"70124","divipola_dpto":"70","municipio":"CAIMITO","departamento":"SUCRE","area_km2":412.47},"geometry":{"type":"Polygon","coordinates":[[[-75.186,8.914],[-75.101,8.877],[-75.014,8.805],[-75.031,8.654],[-75.073,8.713],[-75.217,8.734],[-75.245,8.849],[-75.204,8.915],[-75.186,8.914]]]}},{"type":"Feature","properties":{"divipola_mpio":"70204","divipola_dpto":"70","municipio":"COLOSÓ","departamento":"SUCRE","area_km2":131.16},"geometry":{"type":"Polygon","coordinates":[[[-75.374,9.629],[-75.35,9.536],[-75.286,9.504],[-75.286,9.5],[-75.3,9.473],[-75.364,9.444],[-75.391,9.469],[-75.401,9.629],[-75.374,9.629]]]}},{"type":"Feature","properties":{"divipola_mpio":"70215","divipola_dpto":"70","municipio":"COROZAL","departamento":"SUCRE","area_km2":285.89},"geometry":{"type":"Polygon","coordinates":[[[-75.237,9.34],[-75.272,9.268],[-75.271,9.21],[-75.205,9.211],[-75.142,9.159],[-75.122,9.1],[-75.224,9.106],[-75.272,9.138],[-75.349,9.226],[-75.338,9.314],[-75.286,9.353],[-75.237,9.34]]]}},{"type":"Feature","properties":{"divipola_mpio":"70221","divipola_dpto":"70","municipio":"COVEÑAS","departamento":"SUCRE","area_km2":56.56},"geometry":{"type":"Polygon","coordinates":[[[-75.617,9.406],[-75.649,9.363],[-75.704,9.372],[-75.701,9.412],[-75.608,9.469],[-75.617,9.406]]]}},{"type":"Feature","properties":{"divipola_mpio":"70230","divipola_dpto":"70","municipio":"CHALÁN","departamento":"SUCRE","area_km2":83.71},"geometry":{"type":"Polygon","coordinates":[[[-75.327,9.617],[-75.284,9.577],[-75.286,9.504],[-75.35,9.536],[-75.374,9.629],[-75.327,9.617]]]}},{"type":"Feature","properties":{"divipola_mpio":"70233","divipola_dpto":"70","municipio":"EL ROBLE","departamento":"SUCRE","area_km2":198.43},"geometry":{"type":"Polygon","coordinates":[[[-75.082,9.11],[-75.028,9.048],[-75.128,9.01],[-75.208,9.034],[-75.224,9.074],[-75.272,9.138],[-75.224,9.106],[-75.122,9.1],[-75.142,9.159],[-75.082,9.11]]]}},{"type":"Feature","properties":{"divipola_mpio":"70235","divipola_dpto":"70","municipio":"GALERAS","departamento":"SUCRE","area_km2":321.86},"geometry":{"type":"Polygon","coordinates":[[[-74.909,9.205],[-74.844,9.107],[-74.911,9.108],[-75.028,9.048],[-75.082,9.11],[-75.075,9.201],[-74.937,9.21],[-74.909,9.205]]]}},{"type":"Feature","properties":{"divipola_mpio":"70265","divipola_dpto":"70","municipio":"GUARANDA","departamento":"SUCRE","area_km2":361.87},"geometry":{"type":"Polygon","coordinates":[[[-74.539,8.428],[-74.649,8.314],[-74.781,8.278],[-74.84,8.394],[-74.665,8.382],[-74.647,8.443],[-74.569,8.51],[-74.539,8.428]]]}},{"type":"Feature","properties":{"divipola_mpio":"70400","divipola_dpto":"70","municipio":"LA UNIÓN","departamento":"SUCRE","area_km2":232.35},"geometry":{"type":"Polygon","coordinates":[[[-75.204,8.915],[-75.245,8.849],[-75.217,8.734],[-75.336,8.712],[-75.364,8.83],[-75.259,8.895],[-75.204,8.915]]]}},{"type":"Feature","properties":{"divipola_mpio":"70418","divipola_dpto":"70","municipio":"LOS PALMITOS","departamento":"SUCRE","area_km2":198.88},"geometry":{"type":"Polygon","coordinates":[[[-75.111,9.441],[-75.113,9.401],[-75.147,9.401],[-75.237,9.34],[-75.286,9.353],[-75.26,9.411],[-75.3,9.473],[-75.286,9.5],[-75.111,9.441]]]}},{"type":"Feature","properties":{"divipola_mpio":"70429","divipola_dpto":"70","municipio":"MAJAGUAL","departamento":"SUCRE","area_km2":845.16},"geometry":{"type":"Polygon","coordinates":[[[-74.609,8.73],[-74.563,8.572],[-74.569,8.51],[-74.647,8.443],[-74.665,8.382],[-74.84,8.394],[-74.899,8.447],[-74.846,8.531],[-74.787,8.614],[-74.748,8.621],[-74.719,8.719],[-74.609,8.73]]]}},{"type":"Feature","properties":{"divipola_mpio":"70508","divipola_dpto":"70","municipio":"OVEJAS","departamento":"SUCRE","area_km2":460.05},"geometry":{"type":"Polygon","coordinates":[[[-75.013,9.529],[-75.036,9.474],[-75.111,9.441],[-75.286,9.5],[-75.286,9.504],[-75.284,9.577],[-75.327,9.617],[-75.279,9.686],[-75.133,9.596],[-75.077,9.532],[-75.013,9.529]]]}},{"type":"Feature","properties":{"divipola_mpio":"70523","divipola_dpto":"70","municipio":"PALMITO","departamento":"SUCRE","area_km2":174.57},"geometry":{"type":"Polygon","coordinates":[[[-75.541,9.393],[-75.491,9.339],[-75.499,9.286],[-75.584,9.273],[-75.628,9.353],[-75.649,9.363],[-75.617,9.406],[-75.541,9.393]]]}},{"type":"Feature","properties":{"divipola_mpio":"70670","divipola_dpto":"70","municipio":"SAMPUÉS","departamento":"SUCRE","area_km2":213.94},"geometry":{"type":"Polygon","coordinates":[[[-75.349,9.226],[-75.272,9.138],[-75.224,9.074],[-75.281,9.072],[-75.392,9.159],[-75.448,9.141],[-75.457,9.237],[-75.349,9.226]]]}},{"type":"Feature","properties":{"divipola_mpio":"70678","divipola_dpto":"70","municipio":"SAN BENITO ABAD","departamento":"SUCRE","area_km2":1494.16},"geometry":{"type":"Polygon","coordinates":[[[-74.844,9.107],[-74.775,9.038],[-74.838,8.975],[-74.869,8.9],[-74.875,8.787],[-74.85,8.676],[-74.917,8.63],[-74.846,8.531],[-74.899,8.447],[-74.926,8.5],[-75.003,8.522],[-74.981,8.599],[-75.031,8.654],[-75.014,8.805],[-75.101,8.877],[-75.186,8.914],[-75.168,8.952],[-75.208,9.034],[-75.128,9.01],[-75.028,9.048],[-74.911,9.108],[-74.844,9.107]]]}},{"type":"Feature","properties":{"divipola_mpio":"70702","divipola_dpto":"70","municipio":"SAN JUAN DE BETULIA","departamento":"SUCRE","area_km2":168.18},"geometry":{"type":"Polygon","coordinates":[[[-75.205,9.211],[-75.271,9.21],[-75.272,9.268],[-75.237,9.34],[-75.147,9.401],[-75.205,9.211]]]}},{"type":"Feature","properties":{"divipola_mpio":"70708","divipola_dpto":"70","municipio":"SAN MARCOS","departamento":"SUCRE","area_km2":970.35},"geometry":{"type":"Polygon","coordinates":[[[-75.217,8.734],[-75.073,8.713],[-75.031,8.654],[-74.981,8.599],[-75.003,8.522],[-75.042,8.458],[-75.128,8.469],[-75.185,8.397],[-75.213,8.474],[-75.267,8.487],[-75.319,8.588],[-75.352,8.658],[-75.336,8.712],[-75.217,8.734]]]}},{"type":"Feature","properties":{"divipola_mpio":"70713","divipola_dpto":"70","municipio":"SAN ONOFRE","departamento":"SUCRE","area_km2":1035.08},"geometry":{"type":"Polygon","coordinates":[[[-75.488,10.037],[-75.467,9.909],[-75.393,9.881],[-75.338,9.829],[-75.371,9.711],[-75.374,9.629],[-75.401,9.629],[-75.457,9.635],[-75.473,9.669],[-75.578,9.638],[-75.644,9.757],[-75.582,9.951],[-75.573,10.086],[-75.497,10.146],[-75.545,10.047],[-75.488,10.037]]]}},{"type":"Feature","properties":{"divipola_mpio":"70717","divipola_dpto":"70","municipio":"SAN PEDRO","departamento":"SUCRE","area_km2":212.99},"geometry":{"type":"Polygon","coordinates":[[[-75.036,9.474],[-74.96,9.434],[-74.957,9.367],[-75.008,9.324],[-75.09,9.341],[-75.113,9.401],[-75.111,9.441],[-75.036,9.474]]]}},{"type":"Feature","properties":{"divipola_mpio":"70742","divipola_dpto":"70","municipio":"SAN LUIS DE SINCÉ","departamento":"SUCRE","area_km2":418.98},"geometry":{"type":"Polygon","coordinates":[[[-75.113,9.401],[-75.09,9.341],[-75.008,9.324],[-74.937,9.21],[-75.075,9.201],[-75.082,9.11],[-75.142,9.159],[-75.205,9.211],[-75.147,9.401],[-75.113,9.401]]]}},{"type":"Feature","properties":{"divipola_mpio":"70771","divipola_dpto":"70","municipio":"SUCRE","departamento":"SUCRE","area_km2":1131.18},"geometry":{"type":"Polygon","coordinates":[[[-74.565,8.837],[-74.609,8.73],[-74.719,8.719],[-74.748,8.621],[-74.787,8.614],[-74.846,8.531],[-74.917,8.63],[-74.85,8.676],[-74.875,8.787],[-74.869,8.9],[-74.838,8.975],[-74.775,9.038],[-74.639,8.977],[-74.565,8.837]]]}},{"type":"Feature","properties":{"divipola_mpio":"70820","divipola_dpto":"70","municipio":"SANTIAGO DE TOLÚ","departamento":"SUCRE","area_km2":302.52},"geometry":{"type":"Polygon","coordinates":[[[-75.457,9.635],[-75.474,9.536],[-75.527,9.427],[-75.541,9.393],[-75.617,9.406],[-75.608,9.469],[-75.573,9.568],[-75.578,9.638],[-75.473,9.669],[-75.457,9.635]]]}},{"type":"Feature","properties":{"divipola_mpio":"70823","divipola_dpto":"70","municipio":"SAN JOSÉ DE TOLUVIEJO","departamento":"SUCRE","area_km2":285.02},"geometry":{"type":"Polygon","coordinates":[[[-75.401,9.629],[-75.391,9.469],[-75.364,9.444],[-75.398,9.396],[-75.489,9.389],[-75.527,9.427],[-75.474,9.536],[-75.457,9.635],[-75.401,9.629]]]}},{"type":"Feature","properties":{"divipola_mpio":"70473","divipola_dpto":"70","municipio":"MORROA","departamento":"SUCRE","area_km2":170.01},"geometry":{"type":"Polygon","coordinates":[[[-75.3,9.473],[-75.26,9.411],[-75.286,9.353],[-75.338,9.314],[-75.398,9.396],[-75.364,9.444],[-75.3,9.473]]]}},{"type":"Feature","properties":{"divipola_mpio":"88001","divipola_dpto":"88","municipio":"SAN ANDRÉS","departamento":"ARCHIPIÉLAGO DE SAN ANDRÉS, PROVIDENCIA Y SANTA CATALINA","area_km2":27.14},"geometry":{"type":"Polygon","coordinates":[[[-81.704,12.595],[-81.704,12.543],[-81.736,12.531],[-81.722,12.578],[-81.704,12.595]]]}},{"type":"Feature","properties":{"divipola_mpio":"88564","divipola_dpto":"88","municipio":"PROVIDENCIA","departamento":"ARCHIPIÉLAGO DE SAN ANDRÉS, PROVIDENCIA Y SANTA CATALINA","area_km2":22.28},"geometry":{"type":"Polygon","coordinates":[[[-81.365,13.386],[-81.36,13.335],[-81.393,13.356],[-81.365,13.386]]]}},{"type":"Feature","properties":{"divipola_mpio":"81001","divipola_dpto":"81","municipio":"ARAUCA","departamento":"ARAUCA","area_km2":5788.0},"geometry":{"type":"Polygon","coordinates":[[[-69.762,6.53],[-69.843,6.497],[-69.961,6.564],[-70.254,6.6],[-70.281,6.632],[-70.41,6.647],[-70.655,6.484],[-70.728,6.587],[-70.817,6.58],[-70.885,6.623],[-70.958,6.654],[-71.039,6.835],[-71.171,6.871],[-71.089,6.984],[-70.995,6.983],[-70.848,7.074],[-70.697,7.094],[-70.608,7.065],[-70.548,7.074],[-70.503,7.006],[-70.431,7.008],[-70.323,6.934],[-70.225,6.975],[-70.117,6.979],[-69.762,6.53]]]}},{"type":"Feature","properties":{"divipola_mpio":"81591","divipola_dpto":"81","municipio":"PUERTO RONDÓN","departamento":"ARAUCA","area_km2":2281.46},"geometry":{"type":"Polygon","coordinates":[[[-70.655,6.484],[-70.719,6.22],[-70.787,6.251],[-70.984,6.229],[-71.097,6.277],[-71.142,6.265],[-71.225,6.295],[-71.278,6.303],[-71.268,6.506],[-71.339,6.57],[-71.256,6.574],[-71.185,6.541],[-70.907,6.553],[-70.885,6.623],[-70.817,6.58],[-70.728,6.587],[-70.655,6.484]]]}},{"type":"Feature","properties":{"divipola_mpio":"81220","divipola_dpto":"81","municipio":"CRAVO NORTE","departamento":"ARAUCA","area_km2":5212.57},"geometry":{"type":"Polygon","coordinates":[[[-69.762,6.53],[-69.428,6.108],[-69.536,6.046],[-69.614,6.036],[-69.836,6.041],[-69.892,6.054],[-69.899,6.097],[-69.983,6.158],[-70.03,6.162],[-70.121,6.258],[-70.199,6.295],[-70.313,6.28],[-70.38,6.302],[-70.531,6.23],[-70.557,6.245],[-70.719,6.22],[-70.655,6.484],[-70.41,6.647],[-70.281,6.632],[-70.254,6.6],[-69.961,6.564],[-69.843,6.497],[-69.762,6.53]]]}},{"type":"Feature","properties":{"divipola_mpio":"81065","divipola_dpto":"81","municipio":"ARAUQUITA","departamento":"ARAUCA","area_km2":3046.79},"geometry":{"type":"Polygon","coordinates":[[[-71.089,6.984],[-71.171,6.871],[-71.039,6.835],[-70.958,6.654],[-70.885,6.623],[-70.907,6.553],[-71.185,6.541],[-71.256,6.574],[-71.339,6.57],[-71.454,6.675],[-71.671,6.875],[-71.693,7.037],[-71.574,7.026],[-71.425,7.038],[-71.379,7.017],[-71.128,7.032],[-71.089,6.984]]]}},{"type":"Feature","properties":{"divipola_mpio":"81300","divipola_dpto":"81","municipio":"FORTUL","departamento":"ARAUCA","area_km2":1158.6},"geometry":{"type":"Polygon","coordinates":[[[-71.454,6.675],[-71.504,6.683],[-71.585,6.637],[-71.668,6.649],[-71.728,6.701],[-71.886,6.684],[-71.98,6.555],[-72.06,6.519],[-72.128,6.524],[-72.092,6.648],[-72.1,6.746],[-71.759,6.81],[-71.671,6.875],[-71.454,6.675]]]}},{"type":"Feature","properties":{"divipola_mpio":"81736","divipola_dpto":"81","municipio":"SARAVENA","departamento":"ARAUCA","area_km2":945.14},"geometry":{"type":"Polygon","coordinates":[[[-71.693,7.037],[-71.671,6.875],[-71.759,6.81],[-72.1,6.746],[-72.051,6.768],[-71.978,6.965],[-71.949,7.011],[-71.835,7.026],[-71.747,7.066],[-71.693,7.037]]]}},{"type":"Feature","properties":{"divipola_mpio":"81794","divipola_dpto":"81","municipio":"TAME","departamento":"ARAUCA","area_km2":5418.71},"geometry":{"type":"Polygon","coordinates":[[[-71.454,6.675],[-71.339,6.57],[-71.268,6.506],[-71.278,6.303],[-71.225,6.295],[-71.345,6.232],[-71.417,6.243],[-71.488,6.202],[-71.534,6.214],[-71.667,6.192],[-71.777,6.193],[-71.88,6.16],[-71.961,6.167],[-72.061,6.118],[-72.138,6.067],[-72.273,6.131],[-72.293,6.204],[-72.344,6.227],[-72.367,6.307],[-72.339,6.346],[-72.315,6.358],[-72.261,6.442],[-72.128,6.524],[-72.06,6.519],[-71.98,6.555],[-71.886,6.684],[-71.728,6.701],[-71.668,6.649],[-71.585,6.637],[-71.504,6.683],[-71.454,6.675]]]}},{"type":"Feature","properties":{"divipola_mpio":"15001","divipola_dpto":"15","municipio":"TUNJA","departamento":"BOYACÁ","area_km2":119.69},"geometry":{"type":"Polygon","coordinates":[[[-73.342,5.585],[-73.327,5.58],[-73.307,5.57],[-73.309,5.544],[-73.361,5.474],[-73.416,5.448],[-73.447,5.469],[-73.432,5.485],[-73.422,5.561],[-73.411,5.567],[-73.342,5.585]]]}},{"type":"Feature","properties":{"divipola_mpio":"15022","divipola_dpto":"15","municipio":"ALMEIDA","departamento":"BOYACÁ","area_km2":57.67},"geometry":{"type":"Polygon","coordinates":[[[-73.365,5.014],[-73.376,4.929],[-73.437,4.907],[-73.44,4.908],[-73.377,5.016],[-73.365,5.014]]]}},{"type":"Feature","properties":{"divipola_mpio":"15047","divipola_dpto":"15","municipio":"AQUITANIA","departamento":"BOYACÁ","area_km2":942.15},"geometry":{"type":"Polygon","coordinates":[[[-72.714,5.626],[-72.667,5.436],[-72.738,5.471],[-72.812,5.378],[-72.88,5.35],[-72.897,5.26],[-72.938,5.204],[-73.01,5.214],[-73.042,5.312],[-73.043,5.36],[-73.016,5.385],[-72.925,5.567],[-72.896,5.613],[-72.812,5.585],[-72.771,5.644],[-72.714,5.626]]]}},{"type":"Feature","properties":{"divipola_mpio":"15051","divipola_dpto":"15","municipio":"ARCABUCO","departamento":"BOYACÁ","area_km2":137.9},"geometry":{"type":"Polygon","coordinates":[[[-73.471,5.821],[-73.382,5.761],[-73.364,5.664],[-73.382,5.673],[-73.424,5.707],[-73.507,5.725],[-73.501,5.779],[-73.471,5.821]]]}},{"type":"Feature","properties":{"divipola_mpio":"15087","divipola_dpto":"15","municipio":"BELÉN","departamento":"BOYACÁ","area_km2":163.09},"geometry":{"type":"Polygon","coordinates":[[[-72.813,6.023],[-72.818,5.978],[-72.914,5.945],[-72.969,6.02],[-72.923,6.098],[-72.862,6.013],[-72.813,6.023]]]}},{"type":"Feature","properties":{"divipola_mpio":"15090","divipola_dpto":"15","municipio":"BERBEO","departamento":"BOYACÁ","area_km2":58.01},"geometry":{"type":"Polygon","coordinates":[[[-73.072,5.169],[-73.089,5.161],[-73.148,5.229],[-73.064,5.301],[-73.102,5.21],[-73.072,5.169]]]}},{"type":"Feature","properties":{"divipola_mpio":"15092","divipola_dpto":"15","municipio":"BETÉITIVA","departamento":"BOYACÁ","area_km2":101.9},"geometry":{"type":"Polygon","coordinates":[[[-72.78,5.954],[-72.826,5.878],[-72.858,5.866],[-72.873,5.875],[-72.925,5.929],[-72.914,5.945],[-72.818,5.978],[-72.78,5.954]]]}},{"type":"Feature","properties":{"divipola_mpio":"15097","divipola_dpto":"15","municipio":"BOAVITA","departamento":"BOYACÁ","area_km2":145.31},"geometry":{"type":"Polygon","coordinates":[[[-72.649,6.436],[-72.623,6.441],[-72.575,6.351],[-72.635,6.22],[-72.641,6.279],[-72.655,6.378],[-72.661,6.444],[-72.649,6.436]]]}},{"type":"Feature","properties":{"divipola_mpio":"15104","divipola_dpto":"15","municipio":"BOYACÁ","departamento":"BOYACÁ","area_km2":48.02},"geometry":{"type":"Polygon","coordinates":[[[-73.334,5.441],[-73.353,5.432],[-73.426,5.409],[-73.441,5.415],[-73.416,5.448],[-73.361,5.474],[-73.334,5.441]]]}},{"type":"Feature","properties":{"divipola_mpio":"15106","divipola_dpto":"15","municipio":"BRICEÑO","departamento":"BOYACÁ","area_km2":64.6},"geometry":{"type":"Polygon","coordinates":[[[-73.88,5.707],[-73.886,5.69],[-73.864,5.638],[-73.897,5.619],[-73.945,5.694],[-73.9,5.737],[-73.88,5.707]]]}},{"type":"Feature","properties":{"divipola_mpio":"15109","divipola_dpto":"15","municipio":"BUENAVISTA","departamento":"BOYACÁ","area_km2":110.16},"geometry":{"type":"Polygon","coordinates":[[[-73.911,5.524],[-73.902,5.467],[-73.948,5.423],[-74.015,5.478],[-73.99,5.525],[-73.911,5.55],[-73.911,5.524]]]}},{"type":"Feature","properties":{"divipola_mpio":"15114","divipola_dpto":"15","municipio":"BUSBANZÁ","departamento":"BOYACÁ","area_km2":25.35},"geometry":{"type":"Polygon","coordinates":[[[-72.858,5.866],[-72.896,5.813],[-72.873,5.875],[-72.858,5.866]]]}},{"type":"Feature","properties":{"divipola_mpio":"15131","divipola_dpto":"15","municipio":"CALDAS","departamento":"BOYACÁ","area_km2":78.97},"geometry":{"type":"Polygon","coordinates":[[[-73.864,5.638],[-73.848,5.546],[-73.911,5.524],[-73.911,5.55],[-73.926,5.573],[-73.897,5.619],[-73.864,5.638]]]}},{"type":"Feature","properties":{"divipola_mpio":"15135","divipola_dpto":"15","municipio":"CAMPOHERMOSO","departamento":"BOYACÁ","area_km2":298.73},"geometry":{"type":"Polygon","coordinates":[[[-73.029,4.992],[-73.061,4.988],[-73.175,4.897],[-73.223,4.974],[-73.249,5.069],[-73.153,5.075],[-73.113,5.112],[-73.029,4.992]]]}},{"type":"Feature","properties":{"divipola_mpio":"15162","divipola_dpto":"15","municipio":"CERINZA","departamento":"BOYACÁ","area_km2":63.58},"geometry":{"type":"Polygon","coordinates":[[[-72.914,5.945],[-72.925,5.929],[-72.928,5.924],[-73.011,5.963],[-72.969,6.02],[-72.914,5.945]]]}},{"type":"Feature","properties":{"divipola_mpio":"15172","divipola_dpto":"15","municipio":"CHINAVITA","departamento":"BOYACÁ","area_km2":136.37},"geometry":{"type":"Polygon","coordinates":[[[-73.329,5.261],[-73.283,5.207],[-73.295,5.198],[-73.268,5.156],[-73.364,5.137],[-73.392,5.216],[-73.402,5.243],[-73.329,5.261]]]}},{"type":"Feature","properties":{"divipola_mpio":"15176","divipola_dpto":"15","municipio":"CHIQUINQUIRÁ","departamento":"BOYACÁ","area_km2":165.01},"geometry":{"type":"Polygon","coordinates":[[[-73.686,5.629],[-73.716,5.591],[-73.79,5.552],[-73.848,5.546],[-73.864,5.638],[-73.886,5.69],[-73.78,5.634],[-73.686,5.629]]]}},{"type":"Feature","properties":{"divipola_mpio":"15183","divipola_dpto":"15","municipio":"CHITA","departamento":"BOYACÁ","area_km2":677.38},"geometry":{"type":"Polygon","coordinates":[[[-72.397,6.273],[-72.412,6.188],[-72.362,6.075],[-72.321,6.088],[-72.343,6.001],[-72.34,5.892],[-72.416,5.904],[-72.45,5.958],[-72.528,6.01],[-72.542,6.069],[-72.517,6.149],[-72.552,6.177],[-72.496,6.287],[-72.397,6.273]]]}},{"type":"Feature","properties":{"divipola_mpio":"15185","divipola_dpto":"15","municipio":"CHITARAQUE","departamento":"BOYACÁ","area_km2":158.53},"geometry":{"type":"Polygon","coordinates":[[[-73.404,6.056],[-73.371,6.006],[-73.402,5.902],[-73.433,5.898],[-73.496,5.987],[-73.486,6.001],[-73.454,6.079],[-73.404,6.056]]]}},{"type":"Feature","properties":{"divipola_mpio":"15187","divipola_dpto":"15","municipio":"CHIVATÁ","departamento":"BOYACÁ","area_km2":49.53},"geometry":{"type":"Polygon","coordinates":[[[-73.213,5.627],[-73.228,5.554],[-73.285,5.524],[-73.309,5.544],[-73.307,5.57],[-73.231,5.627],[-73.213,5.627]]]}},{"type":"Feature","properties":{"divipola_mpio":"15189","divipola_dpto":"15","municipio":"CIÉNEGA","departamento":"BOYACÁ","area_km2":53.99},"geometry":{"type":"Polygon","coordinates":[[[-73.222,5.407],[-73.285,5.349],[-73.315,5.443],[-73.315,5.449],[-73.222,5.407]]]}},{"type":"Feature","properties":{"divipola_mpio":"15204","divipola_dpto":"15","municipio":"CÓMBITA","departamento":"BOYACÁ","area_km2":145.28},"geometry":{"type":"Polygon","coordinates":[[[-73.264,5.704],[-73.267,5.664],[-73.327,5.58],[-73.342,5.585],[-73.364,5.664],[-73.382,5.761],[-73.358,5.806],[-73.301,5.71],[-73.264,5.704]]]}},{"type":"Feature","properties":{"divipola_mpio":"15212","divipola_dpto":"15","municipio":"COPER","departamento":"BOYACÁ","area_km2":149.87},"geometry":{"type":"Polygon","coordinates":[[[-73.99,5.525],[-74.015,5.478],[-73.948,5.423],[-73.999,5.368],[-74.094,5.436],[-74.097,5.471],[-74.047,5.5],[-73.99,5.525]]]}},{"type":"Feature","properties":{"divipola_mpio":"15215","divipola_dpto":"15","municipio":"CORRALES","departamento":"BOYACÁ","area_km2":60.85},"geometry":{"type":"Polygon","coordinates":[[[-72.798,5.854],[-72.832,5.798],[-72.875,5.771],[-72.896,5.795],[-72.896,5.813],[-72.858,5.866],[-72.826,5.878],[-72.798,5.854]]]}},{"type":"Feature","properties":{"divipola_mpio":"15377","divipola_dpto":"15","municipio":"LABRANZAGRANDE","departamento":"BOYACÁ","area_km2":581.28},"geometry":{"type":"Polygon","coordinates":[[[-72.514,5.608],[-72.444,5.52],[-72.502,5.445],[-72.584,5.383],[-72.667,5.436],[-72.714,5.626],[-72.661,5.666],[-72.624,5.629],[-72.57,5.71],[-72.514,5.608]]]}},{"type":"Feature","properties":{"divipola_mpio":"15380","divipola_dpto":"15","municipio":"LA CAPILLA","departamento":"BOYACÁ","area_km2":56.93},"geometry":{"type":"Polygon","coordinates":[[[-73.42,5.122],[-73.48,5.062],[-73.48,5.063],[-73.492,5.128],[-73.477,5.148],[-73.437,5.159],[-73.42,5.122]]]}},{"type":"Feature","properties":{"divipola_mpio":"15401","divipola_dpto":"15","municipio":"LA VICTORIA","departamento":"BOYACÁ","area_km2":28.01},"geometry":{"type":"Polygon","coordinates":[[[-74.216,5.498],[-74.255,5.498],[-74.24,5.539],[-74.216,5.498]]]}},{"type":"Feature","properties":{"divipola_mpio":"15403","divipola_dpto":"15","municipio":"LA UVITA","departamento":"BOYACÁ","area_km2":161.56},"geometry":{"type":"Polygon","coordinates":[[[-72.518,6.349],[-72.496,6.287],[-72.552,6.177],[-72.633,6.204],[-72.635,6.22],[-72.575,6.351],[-72.518,6.349]]]}},{"type":"Feature","properties":{"divipola_mpio":"15542","divipola_dpto":"15","municipio":"PESCA","departamento":"BOYACÁ","area_km2":263.09},"geometry":{"type":"Polygon","coordinates":[[[-72.999,5.629],[-73.004,5.593],[-73.067,5.445],[-73.05,5.374],[-73.126,5.358],[-73.147,5.482],[-73.135,5.505],[-73.08,5.618],[-73.076,5.628],[-72.999,5.629]]]}},{"type":"Feature","properties":{"divipola_mpio":"15550","divipola_dpto":"15","municipio":"PISBA","departamento":"BOYACÁ","area_km2":464.95},"geometry":{"type":"Polygon","coordinates":[[[-72.297,5.754],[-72.329,5.689],[-72.444,5.686],[-72.514,5.608],[-72.57,5.71],[-72.584,5.771],[-72.526,5.789],[-72.461,5.847],[-72.31,5.794],[-72.297,5.754]]]}},{"type":"Feature","properties":{"divipola_mpio":"15572","divipola_dpto":"15","municipio":"PUERTO BOYACÁ","departamento":"BOYACÁ","area_km2":1513.6},"geometry":{"type":"Polygon","coordinates":[[[-74.266,5.835],[-74.296,5.764],[-74.334,5.828],[-74.432,5.758],[-74.486,5.771],[-74.53,5.79],[-74.593,5.747],[-74.661,5.752],[-74.665,5.768],[-74.64,5.86],[-74.585,5.925],[-74.567,6.058],[-74.612,6.126],[-74.534,6.269],[-74.527,6.274],[-74.452,6.099],[-74.378,6.039],[-74.287,6.083],[-74.222,5.968],[-74.266,5.835]]]}},{"type":"Feature","properties":{"divipola_mpio":"15580","divipola_dpto":"15","municipio":"QUÍPAMA","departamento":"BOYACÁ","area_km2":167.33},"geometry":{"type":"Polygon","coordinates":[[[-74.162,5.598],[-74.134,5.508],[-74.175,5.462],[-74.178,5.459],[-74.216,5.498],[-74.24,5.539],[-74.292,5.57],[-74.306,5.638],[-74.162,5.598]]]}},{"type":"Feature","properties":{"divipola_mpio":"15755","divipola_dpto":"15","municipio":"SOCOTÁ","departamento":"BOYACÁ","area_km2":603.59},"geometry":{"type":"Polygon","coordinates":[[[-72.542,6.069],[-72.528,6.01],[-72.45,5.958],[-72.416,5.904],[-72.461,5.847],[-72.526,5.789],[-72.584,5.771],[-72.625,5.777],[-72.632,5.829],[-72.651,5.907],[-72.633,5.981],[-72.657,6.063],[-72.655,6.083],[-72.656,6.116],[-72.566,6.119],[-72.542,6.069]]]}},{"type":"Feature","properties":{"divipola_mpio":"15757","divipola_dpto":"15","municipio":"SOCHA","departamento":"BOYACÁ","area_km2":150.15},"geometry":{"type":"Polygon","coordinates":[[[-72.651,5.907],[-72.695,5.871],[-72.743,5.987],[-72.701,6.018],[-72.657,6.063],[-72.633,5.981],[-72.651,5.907]]]}},{"type":"Feature","properties":{"divipola_mpio":"15759","divipola_dpto":"15","municipio":"SOGAMOSO","departamento":"BOYACÁ","area_km2":208.31},"geometry":{"type":"Polygon","coordinates":[[[-72.872,5.742],[-72.87,5.689],[-72.791,5.659],[-72.771,5.644],[-72.812,5.585],[-72.896,5.613],[-72.923,5.621],[-72.963,5.649],[-72.947,5.715],[-72.945,5.746],[-72.883,5.768],[-72.872,5.742]]]}},{"type":"Feature","properties":{"divipola_mpio":"15761","divipola_dpto":"15","municipio":"SOMONDOCO","departamento":"BOYACÁ","area_km2":58.8},"geometry":{"type":"Polygon","coordinates":[[[-73.377,5.016],[-73.44,4.908],[-73.466,4.983],[-73.447,4.995],[-73.388,5.016],[-73.377,5.016]]]}},{"type":"Feature","properties":{"divipola_mpio":"15842","divipola_dpto":"15","municipio":"ÚMBITA","departamento":"BOYACÁ","area_km2":146.09},"geometry":{"type":"Polygon","coordinates":[[[-73.402,5.243],[-73.392,5.216],[-73.437,5.159],[-73.477,5.148],[-73.514,5.233],[-73.477,5.29],[-73.452,5.303],[-73.402,5.243]]]}},{"type":"Feature","properties":{"divipola_mpio":"15861","divipola_dpto":"15","municipio":"VENTAQUEMADA","departamento":"BOYACÁ","area_km2":160.01},"geometry":{"type":"Polygon","coordinates":[[[-73.416,5.448],[-73.441,5.415],[-73.477,5.37],[-73.548,5.3],[-73.596,5.365],[-73.599,5.379],[-73.593,5.399],[-73.447,5.469],[-73.416,5.448]]]}},{"type":"Feature","properties":{"divipola_mpio":"15879","divipola_dpto":"15","municipio":"VIRACACHÁ","departamento":"BOYACÁ","area_km2":62.58},"geometry":{"type":"Polygon","coordinates":[[[-73.216,5.441],[-73.222,5.407],[-73.315,5.449],[-73.287,5.485],[-73.216,5.441]]]}},{"type":"Feature","properties":{"divipola_mpio":"15897","divipola_dpto":"15","municipio":"ZETAQUIRA","departamento":"BOYACÁ","area_km2":251.51},"geometry":{"type":"Polygon","coordinates":[[[-73.05,5.374],[-73.043,5.36],[-73.042,5.312],[-73.064,5.301],[-73.148,5.229],[-73.191,5.24],[-73.258,5.185],[-73.295,5.198],[-73.283,5.207],[-73.273,5.3],[-73.234,5.285],[-73.126,5.358],[-73.05,5.374]]]}},{"type":"Feature","properties":{"divipola_mpio":"15218","divipola_dpto":"15","municipio":"COVARACHÍA","departamento":"BOYACÁ","area_km2":102.43},"geometry":{"type":"Polygon","coordinates":[[[-72.743,6.566],[-72.679,6.483],[-72.738,6.44],[-72.736,6.491],[-72.812,6.543],[-72.77,6.58],[-72.743,6.566]]]}},{"type":"Feature","properties":{"divipola_mpio":"15224","divipola_dpto":"15","municipio":"CUCAITA","departamento":"BOYACÁ","area_km2":42.13},"geometry":{"type":"Polygon","coordinates":[[[-73.422,5.561],[-73.432,5.485],[-73.491,5.549],[-73.422,5.561]]]}},{"type":"Feature","properties":{"divipola_mpio":"15226","divipola_dpto":"15","municipio":"CUÍTIVA","departamento":"BOYACÁ","area_km2":44.13},"geometry":{"type":"Polygon","coordinates":[[[-72.896,5.613],[-72.925,5.567],[-73.004,5.593],[-72.923,5.621],[-72.896,5.613]]]}},{"type":"Feature","properties":{"divipola_mpio":"15232","divipola_dpto":"15","municipio":"CHÍQUIZA","departamento":"BOYACÁ","area_km2":116.51},"geometry":{"type":"Polygon","coordinates":[[[-73.382,5.673],[-73.411,5.617],[-73.498,5.56],[-73.517,5.601],[-73.479,5.678],[-73.424,5.707],[-73.382,5.673]]]}},{"type":"Feature","properties":{"divipola_mpio":"15236","divipola_dpto":"15","municipio":"CHIVOR","departamento":"BOYACÁ","area_km2":108.68},"geometry":{"type":"Polygon","coordinates":[[[-73.299,4.903],[-73.34,4.791],[-73.372,4.801],[-73.402,4.879],[-73.447,4.889],[-73.437,4.907],[-73.376,4.929],[-73.299,4.903]]]}},{"type":"Feature","properties":{"divipola_mpio":"15238","divipola_dpto":"15","municipio":"DUITAMA","departamento":"BOYACÁ","area_km2":234.02},"geometry":{"type":"Polygon","coordinates":[[[-73.031,6.021],[-73.049,5.978],[-72.993,5.805],[-73.05,5.774],[-73.129,5.933],[-73.175,5.995],[-73.082,5.978],[-73.031,6.021]]]}},{"type":"Feature","properties":{"divipola_mpio":"15244","divipola_dpto":"15","municipio":"EL COCUY","departamento":"BOYACÁ","area_km2":238.34},"geometry":{"type":"Polygon","coordinates":[[[-72.315,6.358],[-72.339,6.346],[-72.397,6.273],[-72.496,6.287],[-72.518,6.349],[-72.486,6.39],[-72.431,6.44],[-72.315,6.358]]]}},{"type":"Feature","properties":{"divipola_mpio":"15248","divipola_dpto":"15","municipio":"EL ESPINO","departamento":"BOYACÁ","area_km2":69.4},"geometry":{"type":"Polygon","coordinates":[[[-72.421,6.519],[-72.437,6.494],[-72.486,6.465],[-72.54,6.488],[-72.535,6.496],[-72.502,6.539],[-72.421,6.519]]]}},{"type":"Feature","properties":{"divipola_mpio":"15272","divipola_dpto":"15","municipio":"FIRAVITOBA","departamento":"BOYACÁ","area_km2":109.34},"geometry":{"type":"Polygon","coordinates":[[[-72.947,5.715],[-72.963,5.649],[-72.999,5.629],[-73.076,5.628],[-73.103,5.659],[-73.06,5.687],[-73.025,5.725],[-72.947,5.715]]]}},{"type":"Feature","properties":{"divipola_mpio":"15276","divipola_dpto":"15","municipio":"FLORESTA","departamento":"BOYACÁ","area_km2":88.13},"geometry":{"type":"Polygon","coordinates":[[[-72.873,5.875],[-72.896,5.813],[-72.896,5.795],[-72.944,5.806],[-72.976,5.859],[-72.928,5.924],[-72.925,5.929],[-72.873,5.875]]]}},{"type":"Feature","properties":{"divipola_mpio":"15293","divipola_dpto":"15","municipio":"GACHANTIVÁ","departamento":"BOYACÁ","area_km2":88.17},"geometry":{"type":"Polygon","coordinates":[[[-73.501,5.779],[-73.507,5.725],[-73.574,5.692],[-73.583,5.79],[-73.501,5.779]]]}},{"type":"Feature","properties":{"divipola_mpio":"15296","divipola_dpto":"15","municipio":"GÁMEZA","departamento":"BOYACÁ","area_km2":123.68},"geometry":{"type":"Polygon","coordinates":[[[-72.632,5.829],[-72.625,5.777],[-72.797,5.772],[-72.832,5.798],[-72.798,5.854],[-72.749,5.818],[-72.632,5.829]]]}},{"type":"Feature","properties":{"divipola_mpio":"15299","divipola_dpto":"15","municipio":"GARAGOA","departamento":"BOYACÁ","area_km2":193.51},"geometry":{"type":"Polygon","coordinates":[[[-73.249,5.069],[-73.365,5.014],[-73.377,5.016],[-73.388,5.016],[-73.394,5.048],[-73.384,5.085],[-73.364,5.137],[-73.268,5.156],[-73.249,5.069]]]}},{"type":"Feature","properties":{"divipola_mpio":"15317","divipola_dpto":"15","municipio":"GUACAMAYAS","departamento":"BOYACÁ","area_km2":57.65},"geometry":{"type":"Polygon","coordinates":[[[-72.486,6.465],[-72.497,6.401],[-72.548,6.426],[-72.548,6.487],[-72.54,6.488],[-72.486,6.465]]]}},{"type":"Feature","properties":{"divipola_mpio":"15322","divipola_dpto":"15","municipio":"GUATEQUE","departamento":"BOYACÁ","area_km2":36.14},"geometry":{"type":"Polygon","coordinates":[[[-73.474,5.052],[-73.447,4.995],[-73.466,4.983],[-73.507,4.996],[-73.523,5.029],[-73.48,5.063],[-73.48,5.062],[-73.474,5.052]]]}},{"type":"Feature","properties":{"divipola_mpio":"15325","divipola_dpto":"15","municipio":"GUAYATÁ","departamento":"BOYACÁ","area_km2":99.97},"geometry":{"type":"Polygon","coordinates":[[[-73.466,4.983],[-73.44,4.908],[-73.437,4.907],[-73.447,4.889],[-73.52,4.879],[-73.542,4.914],[-73.507,4.996],[-73.466,4.983]]]}},{"type":"Feature","properties":{"divipola_mpio":"15362","divipola_dpto":"15","municipio":"IZA","departamento":"BOYACÁ","area_km2":34.25},"geometry":{"type":"Polygon","coordinates":[[[-72.923,5.621],[-73.004,5.593],[-72.999,5.629],[-72.963,5.649],[-72.923,5.621]]]}},{"type":"Feature","properties":{"divipola_mpio":"15367","divipola_dpto":"15","municipio":"JENESANO","departamento":"BOYACÁ","area_km2":59.01},"geometry":{"type":"Polygon","coordinates":[[[-73.337,5.314],[-73.419,5.371],[-73.426,5.409],[-73.353,5.432],[-73.366,5.365],[-73.337,5.314]]]}},{"type":"Feature","properties":{"divipola_mpio":"15368","divipola_dpto":"15","municipio":"JERICÓ","departamento":"BOYACÁ","area_km2":131.74},"geometry":{"type":"Polygon","coordinates":[[[-72.552,6.177],[-72.517,6.149],[-72.542,6.069],[-72.566,6.119],[-72.656,6.116],[-72.635,6.181],[-72.633,6.204],[-72.552,6.177]]]}},{"type":"Feature","properties":{"divipola_mpio":"15407","divipola_dpto":"15","municipio":"VILLA DE LEYVA","departamento":"BOYACÁ","area_km2":126.59},"geometry":{"type":"Polygon","coordinates":[[[-73.424,5.707],[-73.479,5.678],[-73.517,5.601],[-73.582,5.628],[-73.578,5.675],[-73.574,5.692],[-73.507,5.725],[-73.424,5.707]]]}},{"type":"Feature","properties":{"divipola_mpio":"15425","divipola_dpto":"15","municipio":"MACANAL","departamento":"BOYACÁ","area_km2":199.97},"geometry":{"type":"Polygon","coordinates":[[[-73.223,4.974],[-73.299,4.903],[-73.376,4.929],[-73.365,5.014],[-73.249,5.069],[-73.223,4.974]]]}},{"type":"Feature","properties":{"divipola_mpio":"15442","divipola_dpto":"15","municipio":"MARIPÍ","departamento":"BOYACÁ","area_km2":160.68},"geometry":{"type":"Polygon","coordinates":[[[-73.926,5.573],[-73.911,5.55],[-73.99,5.525],[-74.047,5.5],[-74.088,5.603],[-74.06,5.649],[-73.926,5.573]]]}},{"type":"Feature","properties":{"divipola_mpio":"15455","divipola_dpto":"15","municipio":"MIRAFLORES","departamento":"BOYACÁ","area_km2":258.71},"geometry":{"type":"Polygon","coordinates":[[[-73.148,5.229],[-73.089,5.161],[-73.113,5.112],[-73.153,5.075],[-73.249,5.069],[-73.268,5.156],[-73.295,5.198],[-73.258,5.185],[-73.191,5.24],[-73.148,5.229]]]}},{"type":"Feature","properties":{"divipola_mpio":"15464","divipola_dpto":"15","municipio":"MONGUA","departamento":"BOYACÁ","area_km2":360.38},"geometry":{"type":"Polygon","coordinates":[[[-72.625,5.777],[-72.584,5.771],[-72.57,5.71],[-72.624,5.629],[-72.661,5.666],[-72.714,5.626],[-72.771,5.644],[-72.791,5.659],[-72.825,5.737],[-72.797,5.772],[-72.625,5.777]]]}},{"type":"Feature","properties":{"divipola_mpio":"15466","divipola_dpto":"15","municipio":"MONGUÍ","departamento":"BOYACÁ","area_km2":68.85},"geometry":{"type":"Polygon","coordinates":[[[-72.825,5.737],[-72.791,5.659],[-72.87,5.689],[-72.872,5.742],[-72.825,5.737]]]}},{"type":"Feature","properties":{"divipola_mpio":"15469","divipola_dpto":"15","municipio":"MONIQUIRÁ","departamento":"BOYACÁ","area_km2":218.28},"geometry":{"type":"Polygon","coordinates":[[[-73.55,5.95],[-73.537,5.911],[-73.464,5.849],[-73.471,5.821],[-73.501,5.779],[-73.583,5.79],[-73.626,5.778],[-73.6,5.87],[-73.635,5.911],[-73.594,5.959],[-73.55,5.95]]]}},{"type":"Feature","properties":{"divipola_mpio":"15476","divipola_dpto":"15","municipio":"MOTAVITA","departamento":"BOYACÁ","area_km2":60.04},"geometry":{"type":"Polygon","coordinates":[[[-73.342,5.585],[-73.411,5.567],[-73.411,5.617],[-73.382,5.673],[-73.364,5.664],[-73.342,5.585]]]}},{"type":"Feature","properties":{"divipola_mpio":"15480","divipola_dpto":"15","municipio":"MUZO","departamento":"BOYACÁ","area_km2":137.87},"geometry":{"type":"Polygon","coordinates":[[[-74.088,5.603],[-74.047,5.5],[-74.097,5.471],[-74.175,5.462],[-74.134,5.508],[-74.162,5.598],[-74.159,5.596],[-74.088,5.603]]]}},{"type":"Feature","properties":{"divipola_mpio":"15491","divipola_dpto":"15","municipio":"NOBSA","departamento":"BOYACÁ","area_km2":55.43},"geometry":{"type":"Polygon","coordinates":[[[-72.944,5.806],[-72.896,5.795],[-72.875,5.771],[-72.883,5.768],[-72.945,5.746],[-72.987,5.787],[-72.944,5.806]]]}},{"type":"Feature","properties":{"divipola_mpio":"15494","divipola_dpto":"15","municipio":"NUEVO COLÓN","departamento":"BOYACÁ","area_km2":51.4},"geometry":{"type":"Polygon","coordinates":[[[-73.426,5.409],[-73.419,5.371],[-73.452,5.303],[-73.477,5.29],[-73.477,5.37],[-73.441,5.415],[-73.426,5.409]]]}},{"type":"Feature","properties":{"divipola_mpio":"15500","divipola_dpto":"15","municipio":"OICATÁ","departamento":"BOYACÁ","area_km2":60.3},"geometry":{"type":"Polygon","coordinates":[[[-73.231,5.627],[-73.307,5.57],[-73.327,5.58],[-73.267,5.664],[-73.231,5.627]]]}},{"type":"Feature","properties":{"divipola_mpio":"15507","divipola_dpto":"15","municipio":"OTANCHE","departamento":"BOYACÁ","area_km2":475.04},"geometry":{"type":"Polygon","coordinates":[[[-74.079,5.832],[-74.08,5.819],[-74.093,5.759],[-74.148,5.748],[-74.175,5.664],[-74.159,5.596],[-74.162,5.598],[-74.306,5.638],[-74.281,5.699],[-74.296,5.764],[-74.266,5.835],[-74.195,5.856],[-74.18,5.911],[-74.107,5.878],[-74.079,5.832]]]}},{"type":"Feature","properties":{"divipola_mpio":"15511","divipola_dpto":"15","municipio":"PACHAVITA","departamento":"BOYACÁ","area_km2":66.69},"geometry":{"type":"Polygon","coordinates":[[[-73.364,5.137],[-73.384,5.085],[-73.42,5.122],[-73.437,5.159],[-73.392,5.216],[-73.364,5.137]]]}},{"type":"Feature","properties":{"divipola_mpio":"15514","divipola_dpto":"15","municipio":"PÁEZ","departamento":"BOYACÁ","area_km2":339.07},"geometry":{"type":"Polygon","coordinates":[[[-72.938,5.204],[-72.973,5.146],[-72.909,5.104],[-72.903,5.068],[-72.976,4.975],[-73.031,4.982],[-73.029,4.992],[-73.113,5.112],[-73.089,5.161],[-73.072,5.169],[-73.01,5.214],[-72.938,5.204]]]}},{"type":"Feature","properties":{"divipola_mpio":"15516","divipola_dpto":"15","municipio":"PAIPA","departamento":"BOYACÁ","area_km2":305.11},"geometry":{"type":"Polygon","coordinates":[[[-73.05,5.774],[-73.06,5.687],[-73.103,5.659],[-73.156,5.727],[-73.137,5.821],[-73.184,5.85],[-73.219,5.913],[-73.175,5.995],[-73.129,5.933],[-73.05,5.774]]]}},{"type":"Feature","properties":{"divipola_mpio":"15518","divipola_dpto":"15","municipio":"PAJARITO","departamento":"BOYACÁ","area_km2":313.68},"geometry":{"type":"Polygon","coordinates":[[[-72.667,5.436],[-72.584,5.383],[-72.567,5.374],[-72.619,5.352],[-72.7,5.273],[-72.812,5.378],[-72.738,5.471],[-72.667,5.436]]]}},{"type":"Feature","properties":{"divipola_mpio":"15522","divipola_dpto":"15","municipio":"PANQUEBA","departamento":"BOYACÁ","area_km2":39.72},"geometry":{"type":"Polygon","coordinates":[[[-72.431,6.44],[-72.486,6.39],[-72.497,6.401],[-72.486,6.465],[-72.437,6.494],[-72.431,6.44]]]}},{"type":"Feature","properties":{"divipola_mpio":"15531","divipola_dpto":"15","municipio":"PAUNA","departamento":"BOYACÁ","area_km2":252.63},"geometry":{"type":"Polygon","coordinates":[[[-73.982,5.721],[-73.945,5.694],[-73.897,5.619],[-73.926,5.573],[-74.06,5.649],[-74.042,5.715],[-74.093,5.759],[-74.08,5.819],[-74.026,5.806],[-73.982,5.721]]]}},{"type":"Feature","properties":{"divipola_mpio":"15533","divipola_dpto":"15","municipio":"PAYA","departamento":"BOYACÁ","area_km2":443.81},"geometry":{"type":"Polygon","coordinates":[[[-72.248,5.696],[-72.288,5.606],[-72.301,5.507],[-72.397,5.57],[-72.444,5.52],[-72.514,5.608],[-72.444,5.686],[-72.329,5.689],[-72.297,5.754],[-72.248,5.696]]]}},{"type":"Feature","properties":{"divipola_mpio":"15537","divipola_dpto":"15","municipio":"PAZ DE RÍO","departamento":"BOYACÁ","area_km2":122.7},"geometry":{"type":"Polygon","coordinates":[[[-72.701,6.018],[-72.743,5.987],[-72.78,5.954],[-72.818,5.978],[-72.813,6.023],[-72.81,6.095],[-72.794,6.1],[-72.716,6.062],[-72.701,6.018]]]}},{"type":"Feature","properties":{"divipola_mpio":"15599","divipola_dpto":"15","municipio":"RAMIRIQUÍ","departamento":"BOYACÁ","area_km2":125.68},"geometry":{"type":"Polygon","coordinates":[[[-73.315,5.443],[-73.285,5.349],[-73.273,5.3],[-73.283,5.207],[-73.329,5.261],[-73.337,5.314],[-73.366,5.365],[-73.353,5.432],[-73.334,5.441],[-73.315,5.443]]]}},{"type":"Feature","properties":{"divipola_mpio":"15600","divipola_dpto":"15","municipio":"RÁQUIRA","departamento":"BOYACÁ","area_km2":220.67},"geometry":{"type":"Polygon","coordinates":[[[-73.58,5.59],[-73.55,5.521],[-73.618,5.405],[-73.72,5.459],[-73.743,5.471],[-73.693,5.525],[-73.624,5.57],[-73.58,5.59]]]}},{"type":"Feature","properties":{"divipola_mpio":"15621","divipola_dpto":"15","municipio":"RONDÓN","departamento":"BOYACÁ","area_km2":206.36},"geometry":{"type":"Polygon","coordinates":[[[-73.126,5.358],[-73.234,5.285],[-73.273,5.3],[-73.285,5.349],[-73.222,5.407],[-73.216,5.441],[-73.147,5.482],[-73.126,5.358]]]}},{"type":"Feature","properties":{"divipola_mpio":"15632","divipola_dpto":"15","municipio":"SABOYÁ","departamento":"BOYACÁ","area_km2":248.65},"geometry":{"type":"Polygon","coordinates":[[[-73.651,5.712],[-73.654,5.702],[-73.681,5.637],[-73.686,5.629],[-73.78,5.634],[-73.886,5.69],[-73.88,5.707],[-73.795,5.73],[-73.763,5.773],[-73.711,5.777],[-73.651,5.712]]]}},{"type":"Feature","properties":{"divipola_mpio":"15638","divipola_dpto":"15","municipio":"SÁCHICA","departamento":"BOYACÁ","area_km2":63.93},"geometry":{"type":"Polygon","coordinates":[[[-73.517,5.601],[-73.498,5.56],[-73.55,5.521],[-73.58,5.59],[-73.582,5.628],[-73.517,5.601]]]}},{"type":"Feature","properties":{"divipola_mpio":"15646","divipola_dpto":"15","municipio":"SAMACÁ","departamento":"BOYACÁ","area_km2":167.59},"geometry":{"type":"Polygon","coordinates":[[[-73.491,5.549],[-73.432,5.485],[-73.447,5.469],[-73.593,5.399],[-73.618,5.405],[-73.55,5.521],[-73.498,5.56],[-73.491,5.549]]]}},{"type":"Feature","properties":{"divipola_mpio":"15660","divipola_dpto":"15","municipio":"SAN EDUARDO","departamento":"BOYACÁ","area_km2":109.47},"geometry":{"type":"Polygon","coordinates":[[[-73.01,5.214],[-73.072,5.169],[-73.102,5.21],[-73.064,5.301],[-73.042,5.312],[-73.01,5.214]]]}},{"type":"Feature","properties":{"divipola_mpio":"15664","divipola_dpto":"15","municipio":"SAN JOSÉ DE PARE","departamento":"BOYACÁ","area_km2":74.4},"geometry":{"type":"Polygon","coordinates":[[[-73.531,6.049],[-73.486,6.001],[-73.496,5.987],[-73.55,5.95],[-73.594,5.959],[-73.588,5.997],[-73.537,6.042],[-73.531,6.049]]]}},{"type":"Feature","properties":{"divipola_mpio":"15667","divipola_dpto":"15","municipio":"SAN LUIS DE GACENO","departamento":"BOYACÁ","area_km2":469.85},"geometry":{"type":"Polygon","coordinates":[[[-73.029,4.992],[-73.031,4.982],[-73.042,4.879],[-73.077,4.812],[-73.053,4.737],[-73.103,4.661],[-73.208,4.681],[-73.17,4.732],[-73.222,4.856],[-73.175,4.897],[-73.061,4.988],[-73.029,4.992]]]}},{"type":"Feature","properties":{"divipola_mpio":"15673","divipola_dpto":"15","municipio":"SAN MATEO","departamento":"BOYACÁ","area_km2":123.88},"geometry":{"type":"Polygon","coordinates":[[[-72.497,6.401],[-72.486,6.39],[-72.518,6.349],[-72.575,6.351],[-72.623,6.441],[-72.548,6.487],[-72.548,6.426],[-72.497,6.401]]]}},{"type":"Feature","properties":{"divipola_mpio":"15676","divipola_dpto":"15","municipio":"SAN MIGUEL DE SEMA","departamento":"BOYACÁ","area_km2":94.0},"geometry":{"type":"Polygon","coordinates":[[[-73.716,5.591],[-73.693,5.525],[-73.743,5.471],[-73.787,5.51],[-73.79,5.552],[-73.716,5.591]]]}},{"type":"Feature","properties":{"divipola_mpio":"15681","divipola_dpto":"15","municipio":"SAN PABLO DE BORBUR","departamento":"BOYACÁ","area_km2":195.9},"geometry":{"type":"Polygon","coordinates":[[[-74.06,5.649],[-74.088,5.603],[-74.159,5.596],[-74.175,5.664],[-74.148,5.748],[-74.093,5.759],[-74.042,5.715],[-74.06,5.649]]]}},{"type":"Feature","properties":{"divipola_mpio":"15686","divipola_dpto":"15","municipio":"SANTANA","departamento":"BOYACÁ","area_km2":67.96},"geometry":{"type":"Polygon","coordinates":[[[-73.454,6.079],[-73.486,6.001],[-73.531,6.049],[-73.497,6.108],[-73.454,6.079]]]}},{"type":"Feature","properties":{"divipola_mpio":"15690","divipola_dpto":"15","municipio":"SANTA MARÍA","departamento":"BOYACÁ","area_km2":309.66},"geometry":{"type":"Polygon","coordinates":[[[-73.175,4.897],[-73.222,4.856],[-73.17,4.732],[-73.208,4.681],[-73.22,4.676],[-73.223,4.733],[-73.306,4.732],[-73.324,4.78],[-73.34,4.791],[-73.299,4.903],[-73.223,4.974],[-73.175,4.897]]]}},{"type":"Feature","properties":{"divipola_mpio":"15693","divipola_dpto":"15","municipio":"SANTA ROSA DE VITERBO","departamento":"BOYACÁ","area_km2":116.71},"geometry":{"type":"Polygon","coordinates":[[[-73.011,5.963],[-72.928,5.924],[-72.976,5.859],[-72.944,5.806],[-72.987,5.787],[-72.993,5.805],[-73.049,5.978],[-73.031,6.021],[-73.011,5.963]]]}},{"type":"Feature","properties":{"divipola_mpio":"15696","divipola_dpto":"15","municipio":"SANTA SOFÍA","departamento":"BOYACÁ","area_km2":77.56},"geometry":{"type":"Polygon","coordinates":[[[-73.583,5.79],[-73.574,5.692],[-73.578,5.675],[-73.654,5.702],[-73.651,5.712],[-73.626,5.778],[-73.583,5.79]]]}},{"type":"Feature","properties":{"divipola_mpio":"15720","divipola_dpto":"15","municipio":"SATIVANORTE","departamento":"BOYACÁ","area_km2":161.31},"geometry":{"type":"Polygon","coordinates":[[[-72.635,6.181],[-72.656,6.116],[-72.655,6.083],[-72.794,6.1],[-72.81,6.095],[-72.829,6.152],[-72.825,6.158],[-72.712,6.158],[-72.635,6.181]]]}},{"type":"Feature","properties":{"divipola_mpio":"15723","divipola_dpto":"15","municipio":"SATIVASUR","departamento":"BOYACÁ","area_km2":54.88},"geometry":{"type":"Polygon","coordinates":[[[-72.655,6.083],[-72.657,6.063],[-72.701,6.018],[-72.716,6.062],[-72.794,6.1],[-72.655,6.083]]]}},{"type":"Feature","properties":{"divipola_mpio":"15740","divipola_dpto":"15","municipio":"SIACHOQUE","departamento":"BOYACÁ","area_km2":119.22},"geometry":{"type":"Polygon","coordinates":[[[-73.135,5.505],[-73.147,5.482],[-73.216,5.441],[-73.287,5.485],[-73.285,5.524],[-73.228,5.554],[-73.135,5.505]]]}},{"type":"Feature","properties":{"divipola_mpio":"15753","divipola_dpto":"15","municipio":"SOATÁ","departamento":"BOYACÁ","area_km2":123.1},"geometry":{"type":"Polygon","coordinates":[[[-72.655,6.378],[-72.641,6.279],[-72.745,6.275],[-72.726,6.372],[-72.655,6.378]]]}},{"type":"Feature","properties":{"divipola_mpio":"15762","divipola_dpto":"15","municipio":"SORA","departamento":"BOYACÁ","area_km2":47.85},"geometry":{"type":"Polygon","coordinates":[[[-73.411,5.567],[-73.422,5.561],[-73.491,5.549],[-73.498,5.56],[-73.411,5.617],[-73.411,5.567]]]}},{"type":"Feature","properties":{"divipola_mpio":"15763","divipola_dpto":"15","municipio":"SOTAQUIRÁ","departamento":"BOYACÁ","area_km2":285.29},"geometry":{"type":"Polygon","coordinates":[[[-73.184,5.85],[-73.137,5.821],[-73.156,5.727],[-73.264,5.704],[-73.301,5.71],[-73.358,5.806],[-73.345,5.842],[-73.184,5.85]]]}},{"type":"Feature","properties":{"divipola_mpio":"15764","divipola_dpto":"15","municipio":"SORACÁ","departamento":"BOYACÁ","area_km2":55.76},"geometry":{"type":"Polygon","coordinates":[[[-73.309,5.544],[-73.285,5.524],[-73.287,5.485],[-73.315,5.449],[-73.315,5.443],[-73.334,5.441],[-73.361,5.474],[-73.309,5.544]]]}},{"type":"Feature","properties":{"divipola_mpio":"15774","divipola_dpto":"15","municipio":"SUSACÓN","departamento":"BOYACÁ","area_km2":182.7},"geometry":{"type":"Polygon","coordinates":[[[-72.641,6.279],[-72.635,6.22],[-72.633,6.204],[-72.635,6.181],[-72.712,6.158],[-72.825,6.158],[-72.745,6.275],[-72.641,6.279]]]}},{"type":"Feature","properties":{"divipola_mpio":"15776","divipola_dpto":"15","municipio":"SUTAMARCHÁN","departamento":"BOYACÁ","area_km2":103.51},"geometry":{"type":"Polygon","coordinates":[[[-73.578,5.675],[-73.582,5.628],[-73.58,5.59],[-73.624,5.57],[-73.681,5.637],[-73.654,5.702],[-73.578,5.675]]]}},{"type":"Feature","properties":{"divipola_mpio":"15778","divipola_dpto":"15","municipio":"SUTATENZA","departamento":"BOYACÁ","area_km2":41.13},"geometry":{"type":"Polygon","coordinates":[[[-73.394,5.048],[-73.388,5.016],[-73.447,4.995],[-73.474,5.052],[-73.394,5.048]]]}},{"type":"Feature","properties":{"divipola_mpio":"15790","divipola_dpto":"15","municipio":"TASCO","departamento":"BOYACÁ","area_km2":209.7},"geometry":{"type":"Polygon","coordinates":[[[-72.651,5.907],[-72.632,5.829],[-72.749,5.818],[-72.798,5.854],[-72.826,5.878],[-72.78,5.954],[-72.743,5.987],[-72.695,5.871],[-72.651,5.907]]]}},{"type":"Feature","properties":{"divipola_mpio":"15798","divipola_dpto":"15","municipio":"TENZA","departamento":"BOYACÁ","area_km2":45.86},"geometry":{"type":"Polygon","coordinates":[[[-73.384,5.085],[-73.394,5.048],[-73.474,5.052],[-73.48,5.062],[-73.42,5.122],[-73.384,5.085]]]}},{"type":"Feature","properties":{"divipola_mpio":"15804","divipola_dpto":"15","municipio":"TIBANÁ","departamento":"BOYACÁ","area_km2":121.83},"geometry":{"type":"Polygon","coordinates":[[[-73.337,5.314],[-73.329,5.261],[-73.402,5.243],[-73.452,5.303],[-73.419,5.371],[-73.337,5.314]]]}},{"type":"Feature","properties":{"divipola_mpio":"15806","divipola_dpto":"15","municipio":"TIBASOSA","departamento":"BOYACÁ","area_km2":93.76},"geometry":{"type":"Polygon","coordinates":[[[-72.993,5.805],[-72.987,5.787],[-72.945,5.746],[-72.947,5.715],[-73.025,5.725],[-73.06,5.687],[-73.05,5.774],[-72.993,5.805]]]}},{"type":"Feature","properties":{"divipola_mpio":"15808","divipola_dpto":"15","municipio":"TINJACÁ","departamento":"BOYACÁ","area_km2":79.75},"geometry":{"type":"Polygon","coordinates":[[[-73.624,5.57],[-73.693,5.525],[-73.716,5.591],[-73.686,5.629],[-73.681,5.637],[-73.624,5.57]]]}},{"type":"Feature","properties":{"divipola_mpio":"15810","divipola_dpto":"15","municipio":"TIPACOQUE","departamento":"BOYACÁ","area_km2":71.95},"geometry":{"type":"Polygon","coordinates":[[[-72.655,6.378],[-72.726,6.372],[-72.738,6.44],[-72.679,6.483],[-72.661,6.444],[-72.655,6.378]]]}},{"type":"Feature","properties":{"divipola_mpio":"15814","divipola_dpto":"15","municipio":"TOCA","departamento":"BOYACÁ","area_km2":168.25},"geometry":{"type":"Polygon","coordinates":[[[-73.08,5.618],[-73.135,5.505],[-73.228,5.554],[-73.213,5.627],[-73.08,5.618]]]}},{"type":"Feature","properties":{"divipola_mpio":"15816","divipola_dpto":"15","municipio":"TOGÜÍ","departamento":"BOYACÁ","area_km2":101.44},"geometry":{"type":"Polygon","coordinates":[[[-73.433,5.898],[-73.464,5.849],[-73.537,5.911],[-73.55,5.95],[-73.496,5.987],[-73.433,5.898]]]}},{"type":"Feature","properties":{"divipola_mpio":"15820","divipola_dpto":"15","municipio":"TÓPAGA","departamento":"BOYACÁ","area_km2":33.63},"geometry":{"type":"Polygon","coordinates":[[[-72.797,5.772],[-72.825,5.737],[-72.872,5.742],[-72.883,5.768],[-72.875,5.771],[-72.832,5.798],[-72.797,5.772]]]}},{"type":"Feature","properties":{"divipola_mpio":"15822","divipola_dpto":"15","municipio":"TOTA","departamento":"BOYACÁ","area_km2":196.05},"geometry":{"type":"Polygon","coordinates":[[[-73.004,5.593],[-72.925,5.567],[-73.016,5.385],[-73.043,5.36],[-73.05,5.374],[-73.067,5.445],[-73.004,5.593]]]}},{"type":"Feature","properties":{"divipola_mpio":"15832","divipola_dpto":"15","municipio":"TUNUNGUÁ","departamento":"BOYACÁ","area_km2":29.22},"geometry":{"type":"Polygon","coordinates":[[[-73.9,5.737],[-73.945,5.694],[-73.982,5.721],[-73.962,5.74],[-73.9,5.737]]]}},{"type":"Feature","properties":{"divipola_mpio":"15835","divipola_dpto":"15","municipio":"TURMEQUÉ","departamento":"BOYACÁ","area_km2":79.71},"geometry":{"type":"Polygon","coordinates":[[[-73.477,5.29],[-73.514,5.233],[-73.548,5.3],[-73.477,5.37],[-73.477,5.29]]]}},{"type":"Feature","properties":{"divipola_mpio":"15837","divipola_dpto":"15","municipio":"TUTA","departamento":"BOYACÁ","area_km2":165.33},"geometry":{"type":"Polygon","coordinates":[[[-73.156,5.727],[-73.103,5.659],[-73.076,5.628],[-73.08,5.618],[-73.213,5.627],[-73.231,5.627],[-73.267,5.664],[-73.264,5.704],[-73.156,5.727]]]}},{"type":"Feature","properties":{"divipola_mpio":"15839","divipola_dpto":"15","municipio":"TUTAZÁ","departamento":"BOYACÁ","area_km2":122.01},"geometry":{"type":"Polygon","coordinates":[[[-72.81,6.095],[-72.813,6.023],[-72.862,6.013],[-72.923,6.098],[-72.868,6.145],[-72.829,6.152],[-72.81,6.095]]]}},{"type":"Feature","properties":{"divipola_mpio":"15180","divipola_dpto":"15","municipio":"CHISCAS","departamento":"BOYACÁ","area_km2":658.81},"geometry":{"type":"Polygon","coordinates":[[[-72.3,6.716],[-72.36,6.57],[-72.421,6.519],[-72.502,6.539],[-72.535,6.496],[-72.542,6.584],[-72.486,6.657],[-72.499,6.729],[-72.477,6.843],[-72.34,6.846],[-72.296,6.786],[-72.3,6.716]]]}},{"type":"Feature","properties":{"divipola_mpio":"15223","divipola_dpto":"15","municipio":"CUBARÁ","departamento":"BOYACÁ","area_km2":1177.61},"geometry":{"type":"Polygon","coordinates":[[[-72.048,7.038],[-71.949,7.011],[-71.978,6.965],[-72.051,6.768],[-72.1,6.746],[-72.142,6.757],[-72.3,6.716],[-72.296,6.786],[-72.34,6.846],[-72.477,6.843],[-72.503,6.908],[-72.393,6.872],[-72.313,6.932],[-72.29,6.996],[-72.22,6.986],[-72.199,7.041],[-72.048,7.038]]]}},{"type":"Feature","properties":{"divipola_mpio":"15332","divipola_dpto":"15","municipio":"GÜICÁN DE LA SIERRA","departamento":"BOYACÁ","area_km2":952.22},"geometry":{"type":"Polygon","coordinates":[[[-72.1,6.746],[-72.092,6.648],[-72.128,6.524],[-72.261,6.442],[-72.315,6.358],[-72.431,6.44],[-72.437,6.494],[-72.421,6.519],[-72.36,6.57],[-72.3,6.716],[-72.142,6.757],[-72.1,6.746]]]}},{"type":"Feature","properties":{"divipola_mpio":"25019","divipola_dpto":"25","municipio":"ALBÁN","departamento":"CUNDINAMARCA","area_km2":50.84},"geometry":{"type":"Polygon","coordinates":[[[-74.403,4.881],[-74.42,4.838],[-74.458,4.832],[-74.483,4.939],[-74.48,4.952],[-74.403,4.881]]]}},{"type":"Feature","properties":{"divipola_mpio":"25035","divipola_dpto":"25","municipio":"ANAPOIMA","departamento":"CUNDINAMARCA","area_km2":123.96},"geometry":{"type":"Polygon","coordinates":[[[-74.478,4.576],[-74.469,4.496],[-74.502,4.484],[-74.565,4.532],[-74.598,4.626],[-74.59,4.634],[-74.557,4.648],[-74.478,4.576]]]}},{"type":"Feature","properties":{"divipola_mpio":"25040","divipola_dpto":"25","municipio":"ANOLAIMA","departamento":"CUNDINAMARCA","area_km2":120.95},"geometry":{"type":"Polygon","coordinates":[[[-74.42,4.838],[-74.394,4.804],[-74.407,4.783],[-74.511,4.728],[-74.524,4.794],[-74.506,4.832],[-74.458,4.832],[-74.42,4.838]]]}},{"type":"Feature","properties":{"divipola_mpio":"25053","divipola_dpto":"25","municipio":"ARBELÁEZ","departamento":"CUNDINAMARCA","area_km2":142.46},"geometry":{"type":"Polygon","coordinates":[[[-74.336,4.227],[-74.238,4.195],[-74.24,4.186],[-74.298,4.177],[-74.467,4.217],[-74.519,4.241],[-74.541,4.252],[-74.43,4.293],[-74.336,4.227]]]}},{"type":"Feature","properties":{"divipola_mpio":"25086","divipola_dpto":"25","municipio":"BELTRÁN","departamento":"CUNDINAMARCA","area_km2":176.85},"geometry":{"type":"Polygon","coordinates":[[[-74.685,4.758],[-74.735,4.754],[-74.763,4.684],[-74.733,4.622],[-74.752,4.588],[-74.793,4.592],[-74.817,4.612],[-74.789,4.659],[-74.815,4.713],[-74.743,4.79],[-74.769,4.842],[-74.702,4.836],[-74.685,4.758]]]}},{"type":"Feature","properties":{"divipola_mpio":"25095","divipola_dpto":"25","municipio":"BITUIMA","departamento":"CUNDINAMARCA","area_km2":61.05},"geometry":{"type":"Polygon","coordinates":[[[-74.505,4.944],[-74.506,4.832],[-74.524,4.794],[-74.56,4.796],[-74.517,4.944],[-74.505,4.944]]]}},{"type":"Feature","properties":{"divipola_mpio":"25099","divipola_dpto":"25","municipio":"BOJACÁ","departamento":"CUNDINAMARCA","area_km2":102.32},"geometry":{"type":"Polygon","coordinates":[[[-74.299,4.717],[-74.272,4.619],[-74.306,4.62],[-74.344,4.654],[-74.393,4.7],[-74.398,4.717],[-74.347,4.763],[-74.328,4.765],[-74.299,4.717]]]}},{"type":"Feature","properties":{"divipola_mpio":"25120","divipola_dpto":"25","municipio":"CABRERA","departamento":"CUNDINAMARCA","area_km2":421.84},"geometry":{"type":"Polygon","coordinates":[[[-74.38,4.037],[-74.365,4.035],[-74.36,3.914],[-74.44,3.73],[-74.446,3.801],[-74.535,3.843],[-74.54,3.844],[-74.513,3.953],[-74.531,3.976],[-74.524,4.023],[-74.38,4.037]]]}},{"type":"Feature","properties":{"divipola_mpio":"25123","divipola_dpto":"25","municipio":"CACHIPAY","departamento":"CUNDINAMARCA","area_km2":53.45},"geometry":{"type":"Polygon","coordinates":[[[-74.437,4.713],[-74.509,4.68],[-74.511,4.728],[-74.407,4.783],[-74.437,4.713]]]}},{"type":"Feature","properties":{"divipola_mpio":"25126","divipola_dpto":"25","municipio":"CAJICÁ","departamento":"CUNDINAMARCA","area_km2":51.28},"geometry":{"type":"Polygon","coordinates":[[[-73.998,4.974],[-74.006,4.918],[-74.077,4.912],[-74.033,4.964],[-73.998,4.974]]]}},{"type":"Feature","properties":{"divipola_mpio":"25148","divipola_dpto":"25","municipio":"CAPARRAPÍ","departamento":"CUNDINAMARCA","area_km2":615.67},"geometry":{"type":"Polygon","coordinates":[[[-74.423,5.443],[-74.438,5.36],[-74.492,5.256],[-74.514,5.194],[-74.615,5.215],[-74.589,5.354],[-74.615,5.388],[-74.59,5.482],[-74.54,5.555],[-74.453,5.555],[-74.423,5.443]]]}},{"type":"Feature","properties":{"divipola_mpio":"25151","divipola_dpto":"25","municipio":"CÁQUEZA","departamento":"CUNDINAMARCA","area_km2":111.51},"geometry":{"type":"Polygon","coordinates":[[[-73.903,4.441],[-73.875,4.386],[-73.896,4.349],[-73.992,4.355],[-73.99,4.418],[-73.973,4.458],[-73.903,4.441]]]}},{"type":"Feature","properties":{"divipola_mpio":"25154","divipola_dpto":"25","municipio":"CARMEN DE CARUPA","departamento":"CUNDINAMARCA","area_km2":298.55},"geometry":{"type":"Polygon","coordinates":[[[-73.867,5.462],[-73.84,5.368],[-73.867,5.282],[-73.897,5.252],[-73.952,5.205],[-73.995,5.259],[-73.975,5.319],[-73.999,5.368],[-73.948,5.423],[-73.902,5.467],[-73.867,5.462]]]}},{"type":"Feature","properties":{"divipola_mpio":"25168","divipola_dpto":"25","municipio":"CHAGUANÍ","departamento":"CUNDINAMARCA","area_km2":172.03},"geometry":{"type":"Polygon","coordinates":[[[-74.552,4.965],[-74.577,4.889],[-74.644,4.897],[-74.727,4.977],[-74.731,4.997],[-74.705,5.012],[-74.569,4.995],[-74.552,4.965]]]}},{"type":"Feature","properties":{"divipola_mpio":"25178","divipola_dpto":"25","municipio":"CHIPAQUE","departamento":"CUNDINAMARCA","area_km2":150.55},"geometry":{"type":"Polygon","coordinates":[[[-74.048,4.512],[-73.973,4.458],[-73.99,4.418],[-74.119,4.31],[-74.117,4.405],[-74.048,4.512]]]}},{"type":"Feature","properties":{"divipola_mpio":"25181","divipola_dpto":"25","municipio":"CHOACHÍ","departamento":"CUNDINAMARCA","area_km2":212.42},"geometry":{"type":"Polygon","coordinates":[[[-73.793,4.638],[-73.905,4.5],[-73.959,4.509],[-74.005,4.561],[-73.988,4.631],[-73.793,4.638]]]}},{"type":"Feature","properties":{"divipola_mpio":"25183","divipola_dpto":"25","municipio":"CHOCONTÁ","departamento":"CUNDINAMARCA","area_km2":300.19},"geometry":{"type":"Polygon","coordinates":[[[-73.536,5.132],[-73.537,5.122],[-73.617,5.132],[-73.688,4.983],[-73.76,5.052],[-73.733,5.157],[-73.684,5.229],[-73.662,5.243],[-73.627,5.188],[-73.536,5.132]]]}},{"type":"Feature","properties":{"divipola_mpio":"25200","divipola_dpto":"25","municipio":"COGUA","departamento":"CUNDINAMARCA","area_km2":132.88},"geometry":{"type":"Polygon","coordinates":[[[-73.906,5.133],[-73.935,5.043],[-74.014,5.049],[-74.008,5.127],[-74.046,5.158],[-74.046,5.169],[-73.906,5.133]]]}},{"type":"Feature","properties":{"divipola_mpio":"25214","divipola_dpto":"25","municipio":"COTA","departamento":"CUNDINAMARCA","area_km2":53.68},"geometry":{"type":"Polygon","coordinates":[[[-74.082,4.835],[-74.157,4.726],[-74.163,4.75],[-74.094,4.848],[-74.082,4.835]]]}},{"type":"Feature","properties":{"divipola_mpio":"25224","divipola_dpto":"25","municipio":"CUCUNUBÁ","departamento":"CUNDINAMARCA","area_km2":109.84},"geometry":{"type":"Polygon","coordinates":[[[-73.684,5.229],[-73.749,5.219],[-73.839,5.164],[-73.847,5.194],[-73.804,5.259],[-73.765,5.298],[-73.684,5.229]]]}},{"type":"Feature","properties":{"divipola_mpio":"25245","divipola_dpto":"25","municipio":"EL COLEGIO","departamento":"CUNDINAMARCA","area_km2":118.28},"geometry":{"type":"Polygon","coordinates":[[[-74.394,4.623],[-74.364,4.557],[-74.394,4.5],[-74.469,4.496],[-74.478,4.576],[-74.446,4.598],[-74.394,4.623]]]}},{"type":"Feature","properties":{"divipola_mpio":"25258","divipola_dpto":"25","municipio":"EL PEÑÓN","departamento":"CUNDINAMARCA","area_km2":134.09},"geometry":{"type":"Polygon","coordinates":[[[-74.249,5.277],[-74.3,5.193],[-74.341,5.2],[-74.37,5.2],[-74.355,5.256],[-74.358,5.332],[-74.249,5.277]]]}},{"type":"Feature","properties":{"divipola_mpio":"25269","divipola_dpto":"25","municipio":"FACATATIVÁ","departamento":"CUNDINAMARCA","area_km2":158.02},"geometry":{"type":"Polygon","coordinates":[[[-74.322,4.886],[-74.284,4.876],[-74.261,4.824],[-74.328,4.765],[-74.347,4.763],[-74.394,4.804],[-74.42,4.838],[-74.403,4.881],[-74.358,4.894],[-74.322,4.886]]]}},{"type":"Feature","properties":{"divipola_mpio":"25279","divipola_dpto":"25","municipio":"FÓMEQUE","departamento":"CUNDINAMARCA","area_km2":460.18},"geometry":{"type":"Polygon","coordinates":[[[-73.668,4.54],[-73.746,4.455],[-73.809,4.396],[-73.875,4.386],[-73.903,4.441],[-73.905,4.5],[-73.793,4.638],[-73.793,4.681],[-73.7,4.624],[-73.668,4.54]]]}},{"type":"Feature","properties":{"divipola_mpio":"25281","divipola_dpto":"25","municipio":"FOSCA","departamento":"CUNDINAMARCA","area_km2":111.2},"geometry":{"type":"Polygon","coordinates":[[[-73.896,4.349],[-73.901,4.271],[-73.919,4.265],[-74.043,4.297],[-73.992,4.355],[-73.896,4.349]]]}},{"type":"Feature","properties":{"divipola_mpio":"25286","divipola_dpto":"25","municipio":"FUNZA","departamento":"CUNDINAMARCA","area_km2":67.75},"geometry":{"type":"Polygon","coordinates":[[[-74.163,4.75],[-74.157,4.726],[-74.173,4.696],[-74.233,4.737],[-74.218,4.794],[-74.163,4.75]]]}},{"type":"Feature","properties":{"divipola_mpio":"25288","divipola_dpto":"25","municipio":"FÚQUENE","departamento":"CUNDINAMARCA","area_km2":77.46},"geometry":{"type":"Polygon","coordinates":[[[-73.72,5.459],[-73.774,5.352],[-73.825,5.374],[-73.743,5.471],[-73.72,5.459]]]}},{"type":"Feature","properties":{"divipola_mpio":"25293","divipola_dpto":"25","municipio":"GACHALÁ","departamento":"CUNDINAMARCA","area_km2":385.0},"geometry":{"type":"Polygon","coordinates":[[[-73.372,4.801],[-73.34,4.791],[-73.324,4.78],[-73.384,4.758],[-73.404,4.679],[-73.469,4.631],[-73.568,4.525],[-73.642,4.547],[-73.616,4.669],[-73.568,4.661],[-73.535,4.716],[-73.415,4.752],[-73.372,4.801]]]}},{"type":"Feature","properties":{"divipola_mpio":"25295","divipola_dpto":"25","municipio":"GACHANCIPÁ","departamento":"CUNDINAMARCA","area_km2":43.06},"geometry":{"type":"Polygon","coordinates":[[[-73.87,5.048],[-73.856,5.036],[-73.856,4.99],[-73.874,4.964],[-73.912,5.028],[-73.87,5.048]]]}},{"type":"Feature","properties":{"divipola_mpio":"25297","divipola_dpto":"25","municipio":"GACHETÁ","departamento":"CUNDINAMARCA","area_km2":258.86},"geometry":{"type":"Polygon","coordinates":[[[-73.542,4.914],[-73.52,4.879],[-73.555,4.791],[-73.591,4.779],[-73.623,4.795],[-73.722,4.842],[-73.686,4.934],[-73.617,4.961],[-73.542,4.914]]]}},{"type":"Feature","properties":{"divipola_mpio":"25299","divipola_dpto":"25","municipio":"GAMA","departamento":"CUNDINAMARCA","area_km2":107.69},"geometry":{"type":"Polygon","coordinates":[[[-73.591,4.779],[-73.535,4.716],[-73.568,4.661],[-73.616,4.669],[-73.654,4.721],[-73.623,4.795],[-73.591,4.779]]]}},{"type":"Feature","properties":{"divipola_mpio":"25312","divipola_dpto":"25","municipio":"GRANADA","departamento":"CUNDINAMARCA","area_km2":60.7},"geometry":{"type":"Polygon","coordinates":[[[-74.304,4.555],[-74.284,4.512],[-74.303,4.504],[-74.398,4.491],[-74.394,4.5],[-74.364,4.557],[-74.304,4.555]]]}},{"type":"Feature","properties":{"divipola_mpio":"25317","divipola_dpto":"25","municipio":"GUACHETÁ","departamento":"CUNDINAMARCA","area_km2":170.17},"geometry":{"type":"Polygon","coordinates":[[[-73.618,5.405],[-73.593,5.399],[-73.599,5.379],[-73.694,5.329],[-73.764,5.324],[-73.774,5.352],[-73.72,5.459],[-73.618,5.405]]]}},{"type":"Feature","properties":{"divipola_mpio":"25320","divipola_dpto":"25","municipio":"GUADUAS","departamento":"CUNDINAMARCA","area_km2":763.68},"geometry":{"type":"Polygon","coordinates":[[[-74.65,5.442],[-74.615,5.388],[-74.589,5.354],[-74.615,5.215],[-74.514,5.194],[-74.525,5.135],[-74.541,5.065],[-74.535,4.966],[-74.552,4.965],[-74.569,4.995],[-74.705,5.012],[-74.731,4.997],[-74.73,5.068],[-74.735,5.287],[-74.65,5.442]]]}},{"type":"Feature","properties":{"divipola_mpio":"25322","divipola_dpto":"25","municipio":"GUASCA","departamento":"CUNDINAMARCA","area_km2":360.59},"geometry":{"type":"Polygon","coordinates":[[[-73.763,4.824],[-73.749,4.728],[-73.799,4.684],[-73.851,4.687],[-73.96,4.812],[-73.916,4.914],[-73.908,4.923],[-73.834,4.888],[-73.763,4.824]]]}},{"type":"Feature","properties":{"divipola_mpio":"25324","divipola_dpto":"25","municipio":"GUATAQUÍ","departamento":"CUNDINAMARCA","area_km2":90.95},"geometry":{"type":"Polygon","coordinates":[[[-74.752,4.588],[-74.743,4.475],[-74.822,4.446],[-74.795,4.5],[-74.793,4.592],[-74.752,4.588]]]}},{"type":"Feature","properties":{"divipola_mpio":"25326","divipola_dpto":"25","municipio":"GUATAVITA","departamento":"CUNDINAMARCA","area_km2":252.37},"geometry":{"type":"Polygon","coordinates":[[[-73.714,4.952],[-73.686,4.934],[-73.722,4.842],[-73.763,4.824],[-73.834,4.888],[-73.908,4.923],[-73.874,4.964],[-73.856,4.99],[-73.714,4.952]]]}},{"type":"Feature","properties":{"divipola_mpio":"25328","divipola_dpto":"25","municipio":"GUAYABAL DE SÍQUIMA","departamento":"CUNDINAMARCA","area_km2":61.87},"geometry":{"type":"Polygon","coordinates":[[[-74.483,4.939],[-74.458,4.832],[-74.506,4.832],[-74.505,4.944],[-74.483,4.939]]]}},{"type":"Feature","properties":{"divipola_mpio":"25335","divipola_dpto":"25","municipio":"GUAYABETAL","departamento":"CUNDINAMARCA","area_km2":222.82},"geometry":{"type":"Polygon","coordinates":[[[-73.764,4.281],[-73.743,4.199],[-73.814,4.201],[-73.896,4.143],[-73.933,4.149],[-73.899,4.217],[-73.919,4.265],[-73.901,4.271],[-73.832,4.278],[-73.792,4.353],[-73.764,4.281]]]}},{"type":"Feature","properties":{"divipola_mpio":"25339","divipola_dpto":"25","municipio":"GUTIÉRREZ","departamento":"CUNDINAMARCA","area_km2":453.23},"geometry":{"type":"Polygon","coordinates":[[[-73.919,4.265],[-73.899,4.217],[-73.933,4.149],[-73.956,4.1],[-74.033,4.067],[-74.101,4.013],[-74.151,4.004],[-74.125,4.055],[-74.11,4.182],[-74.043,4.297],[-73.919,4.265]]]}},{"type":"Feature","properties":{"divipola_mpio":"25368","divipola_dpto":"25","municipio":"JERUSALÉN","departamento":"CUNDINAMARCA","area_km2":221.86},"geometry":{"type":"Polygon","coordinates":[[[-74.609,4.651],[-74.59,4.634],[-74.598,4.626],[-74.6,4.619],[-74.632,4.561],[-74.726,4.46],[-74.743,4.475],[-74.752,4.588],[-74.733,4.622],[-74.609,4.651]]]}},{"type":"Feature","properties":{"divipola_mpio":"25372","divipola_dpto":"25","municipio":"JUNÍN","departamento":"CUNDINAMARCA","area_km2":343.83},"geometry":{"type":"Polygon","coordinates":[[[-73.623,4.795],[-73.654,4.721],[-73.616,4.669],[-73.642,4.547],[-73.668,4.54],[-73.7,4.624],[-73.793,4.681],[-73.799,4.684],[-73.749,4.728],[-73.763,4.824],[-73.722,4.842],[-73.623,4.795]]]}},{"type":"Feature","properties":{"divipola_mpio":"25377","divipola_dpto":"25","municipio":"LA CALERA","departamento":"CUNDINAMARCA","area_km2":326.51},"geometry":{"type":"Polygon","coordinates":[[[-73.96,4.812],[-73.851,4.687],[-73.799,4.684],[-73.793,4.681],[-73.793,4.638],[-73.988,4.631],[-74.008,4.665],[-74.006,4.824],[-73.96,4.812]]]}},{"type":"Feature","properties":{"divipola_mpio":"25386","divipola_dpto":"25","municipio":"LA MESA","departamento":"CUNDINAMARCA","area_km2":148.2},"geometry":{"type":"Polygon","coordinates":[[[-74.398,4.717],[-74.393,4.7],[-74.446,4.598],[-74.478,4.576],[-74.557,4.648],[-74.509,4.68],[-74.437,4.713],[-74.398,4.717]]]}},{"type":"Feature","properties":{"divipola_mpio":"25394","divipola_dpto":"25","municipio":"LA PALMA","departamento":"CUNDINAMARCA","area_km2":190.79},"geometry":{"type":"Polygon","coordinates":[[[-74.365,5.419],[-74.358,5.332],[-74.355,5.256],[-74.398,5.286],[-74.457,5.252],[-74.492,5.256],[-74.438,5.36],[-74.423,5.443],[-74.365,5.419]]]}},{"type":"Feature","properties":{"divipola_mpio":"25398","divipola_dpto":"25","municipio":"LA PEÑA","departamento":"CUNDINAMARCA","area_km2":128.47},"geometry":{"type":"Polygon","coordinates":[[[-74.355,5.256],[-74.37,5.2],[-74.408,5.12],[-74.447,5.125],[-74.457,5.252],[-74.398,5.286],[-74.355,5.256]]]}},{"type":"Feature","properties":{"divipola_mpio":"25402","divipola_dpto":"25","municipio":"LA VEGA","departamento":"CUNDINAMARCA","area_km2":155.44},"geometry":{"type":"Polygon","coordinates":[[[-74.278,5.029],[-74.321,5.006],[-74.293,4.912],[-74.322,4.886],[-74.358,4.894],[-74.396,5.022],[-74.342,5.052],[-74.304,5.074],[-74.278,5.029]]]}},{"type":"Feature","properties":{"divipola_mpio":"25407","divipola_dpto":"25","municipio":"LENGUAZAQUE","departamento":"CUNDINAMARCA","area_km2":155.63},"geometry":{"type":"Polygon","coordinates":[[[-73.662,5.243],[-73.684,5.229],[-73.765,5.298],[-73.764,5.324],[-73.694,5.329],[-73.599,5.379],[-73.596,5.365],[-73.662,5.243]]]}},{"type":"Feature","properties":{"divipola_mpio":"25426","divipola_dpto":"25","municipio":"MACHETÁ","departamento":"CUNDINAMARCA","area_km2":229.21},"geometry":{"type":"Polygon","coordinates":[[[-73.537,5.122],[-73.541,5.073],[-73.617,4.961],[-73.686,4.934],[-73.714,4.952],[-73.688,4.983],[-73.617,5.132],[-73.537,5.122]]]}},{"type":"Feature","properties":{"divipola_mpio":"25430","divipola_dpto":"25","municipio":"MADRID","departamento":"CUNDINAMARCA","area_km2":119.58},"geometry":{"type":"Polygon","coordinates":[[[-74.178,4.858],[-74.218,4.794],[-74.233,4.737],[-74.299,4.717],[-74.328,4.765],[-74.261,4.824],[-74.201,4.857],[-74.178,4.858]]]}},{"type":"Feature","properties":{"divipola_mpio":"25436","divipola_dpto":"25","municipio":"MANTA","departamento":"CUNDINAMARCA","area_km2":107.91},"geometry":{"type":"Polygon","coordinates":[[[-73.523,5.029],[-73.507,4.996],[-73.542,4.914],[-73.617,4.961],[-73.541,5.073],[-73.523,5.029]]]}},{"type":"Feature","properties":{"divipola_mpio":"25438","divipola_dpto":"25","municipio":"MEDINA","departamento":"CUNDINAMARCA","area_km2":1196.75},"geometry":{"type":"Polygon","coordinates":[[[-73.247,4.624],[-73.196,4.561],[-73.203,4.49],[-73.255,4.423],[-73.366,4.375],[-73.427,4.307],[-73.473,4.276],[-73.551,4.308],[-73.572,4.374],[-73.602,4.462],[-73.568,4.525],[-73.469,4.631],[-73.404,4.679],[-73.247,4.624]]]}},{"type":"Feature","properties":{"divipola_mpio":"25483","divipola_dpto":"25","municipio":"NARIÑO","departamento":"CUNDINAMARCA","area_km2":55.16},"geometry":{"type":"Polygon","coordinates":[[[-74.726,4.46],[-74.753,4.434],[-74.856,4.335],[-74.822,4.446],[-74.743,4.475],[-74.726,4.46]]]}},{"type":"Feature","properties":{"divipola_mpio":"25486","divipola_dpto":"25","municipio":"NEMOCÓN","departamento":"CUNDINAMARCA","area_km2":98.37},"geometry":{"type":"Polygon","coordinates":[[[-73.846,5.155],[-73.83,5.096],[-73.87,5.048],[-73.912,5.028],[-73.935,5.043],[-73.906,5.133],[-73.846,5.155]]]}},{"type":"Feature","properties":{"divipola_mpio":"25488","divipola_dpto":"25","municipio":"NILO","departamento":"CUNDINAMARCA","area_km2":224.73},"geometry":{"type":"Polygon","coordinates":[[[-74.549,4.364],[-74.498,4.355],[-74.552,4.265],[-74.556,4.267],[-74.639,4.211],[-74.731,4.245],[-74.661,4.305],[-74.665,4.34],[-74.598,4.359],[-74.549,4.364]]]}},{"type":"Feature","properties":{"divipola_mpio":"25489","divipola_dpto":"25","municipio":"NIMAIMA","departamento":"CUNDINAMARCA","area_km2":59.5},"geometry":{"type":"Polygon","coordinates":[[[-74.341,5.2],[-74.375,5.105],[-74.427,5.065],[-74.448,5.073],[-74.451,5.124],[-74.447,5.125],[-74.408,5.12],[-74.37,5.2],[-74.341,5.2]]]}},{"type":"Feature","properties":{"divipola_mpio":"25491","divipola_dpto":"25","municipio":"NOCAIMA","departamento":"CUNDINAMARCA","area_km2":68.94},"geometry":{"type":"Polygon","coordinates":[[[-74.375,5.105],[-74.342,5.052],[-74.396,5.022],[-74.413,5.021],[-74.427,5.065],[-74.375,5.105]]]}},{"type":"Feature","properties":{"divipola_mpio":"25506","divipola_dpto":"25","municipio":"VENECIA","departamento":"CUNDINAMARCA","area_km2":122.2},"geometry":{"type":"Polygon","coordinates":[[[-74.445,4.111],[-74.38,4.037],[-74.524,4.023],[-74.476,4.12],[-74.445,4.111]]]}},{"type":"Feature","properties":{"divipola_mpio":"25513","divipola_dpto":"25","municipio":"PACHO","departamento":"CUNDINAMARCA","area_km2":402.63},"geometry":{"type":"Polygon","coordinates":[[[-74.137,5.235],[-74.077,5.23],[-74.046,5.169],[-74.046,5.158],[-74.093,5.067],[-74.158,5.044],[-74.227,5.119],[-74.3,5.193],[-74.249,5.277],[-74.213,5.296],[-74.206,5.224],[-74.137,5.235]]]}},{"type":"Feature","properties":{"divipola_mpio":"25518","divipola_dpto":"25","municipio":"PAIME","departamento":"CUNDINAMARCA","area_km2":173.64},"geometry":{"type":"Polygon","coordinates":[[[-74.097,5.471],[-74.094,5.436],[-74.174,5.297],[-74.221,5.342],[-74.234,5.397],[-74.178,5.459],[-74.175,5.462],[-74.097,5.471]]]}},{"type":"Feature","properties":{"divipola_mpio":"25524","divipola_dpto":"25","municipio":"PANDI","departamento":"CUNDINAMARCA","area_km2":71.7},"geometry":{"type":"Polygon","coordinates":[[[-74.467,4.217],[-74.427,4.152],[-74.445,4.111],[-74.476,4.12],[-74.519,4.241],[-74.467,4.217]]]}},{"type":"Feature","properties":{"divipola_mpio":"25530","divipola_dpto":"25","municipio":"PARATEBUENO","departamento":"CUNDINAMARCA","area_km2":885.53},"geometry":{"type":"Polygon","coordinates":[[[-73.053,4.737],[-73.092,4.475],[-73.125,4.257],[-73.354,4.322],[-73.427,4.307],[-73.366,4.375],[-73.255,4.423],[-73.203,4.49],[-73.196,4.561],[-73.247,4.624],[-73.22,4.676],[-73.208,4.681],[-73.103,4.661],[-73.053,4.737]]]}},{"type":"Feature","properties":{"divipola_mpio":"25535","divipola_dpto":"25","municipio":"PASCA","departamento":"CUNDINAMARCA","area_km2":271.71},"geometry":{"type":"Polygon","coordinates":[[[-74.236,4.401],[-74.214,4.381],[-74.238,4.195],[-74.336,4.227],[-74.352,4.296],[-74.32,4.386],[-74.283,4.38],[-74.236,4.401]]]}},{"type":"Feature","properties":{"divipola_mpio":"25572","divipola_dpto":"25","municipio":"PUERTO SALGAR","departamento":"CUNDINAMARCA","area_km2":515.94},"geometry":{"type":"Polygon","coordinates":[[[-74.486,5.771],[-74.487,5.647],[-74.54,5.555],[-74.59,5.482],[-74.615,5.388],[-74.65,5.442],[-74.675,5.516],[-74.627,5.697],[-74.661,5.752],[-74.593,5.747],[-74.53,5.79],[-74.486,5.771]]]}},{"type":"Feature","properties":{"divipola_mpio":"25580","divipola_dpto":"25","municipio":"PULÍ","departamento":"CUNDINAMARCA","area_km2":197.69},"geometry":{"type":"Polygon","coordinates":[[[-74.685,4.758],[-74.59,4.743],[-74.609,4.651],[-74.733,4.622],[-74.763,4.684],[-74.735,4.754],[-74.685,4.758]]]}},{"type":"Feature","properties":{"divipola_mpio":"25592","divipola_dpto":"25","municipio":"QUEBRADANEGRA","departamento":"CUNDINAMARCA","area_km2":79.86},"geometry":{"type":"Polygon","coordinates":[[[-74.451,5.124],[-74.448,5.073],[-74.541,5.065],[-74.525,5.135],[-74.451,5.124]]]}},{"type":"Feature","properties":{"divipola_mpio":"25594","divipola_dpto":"25","municipio":"QUETAME","departamento":"CUNDINAMARCA","area_km2":137.84},"geometry":{"type":"Polygon","coordinates":[[[-73.809,4.396],[-73.792,4.353],[-73.832,4.278],[-73.901,4.271],[-73.896,4.349],[-73.875,4.386],[-73.809,4.396]]]}},{"type":"Feature","properties":{"divipola_mpio":"25596","divipola_dpto":"25","municipio":"QUIPILE","departamento":"CUNDINAMARCA","area_km2":127.72},"geometry":{"type":"Polygon","coordinates":[[[-74.524,4.794],[-74.511,4.728],[-74.509,4.68],[-74.557,4.648],[-74.59,4.634],[-74.609,4.651],[-74.59,4.743],[-74.563,4.796],[-74.56,4.796],[-74.524,4.794]]]}},{"type":"Feature","properties":{"divipola_mpio":"25599","divipola_dpto":"25","municipio":"APULO","departamento":"CUNDINAMARCA","area_km2":121.99},"geometry":{"type":"Polygon","coordinates":[[[-74.502,4.484],[-74.562,4.447],[-74.621,4.505],[-74.6,4.619],[-74.598,4.626],[-74.565,4.532],[-74.502,4.484]]]}},{"type":"Feature","properties":{"divipola_mpio":"25612","divipola_dpto":"25","municipio":"RICAURTE","departamento":"CUNDINAMARCA","area_km2":128.3},"geometry":{"type":"Polygon","coordinates":[[[-74.736,4.381],[-74.665,4.34],[-74.661,4.305],[-74.731,4.245],[-74.744,4.236],[-74.744,4.247],[-74.781,4.265],[-74.797,4.288],[-74.743,4.381],[-74.736,4.381]]]}},{"type":"Feature","properties":{"divipola_mpio":"25645","divipola_dpto":"25","municipio":"SAN ANTONIO DEL TEQUENDAMA","departamento":"CUNDINAMARCA","area_km2":88.57},"geometry":{"type":"Polygon","coordinates":[[[-74.306,4.62],[-74.304,4.555],[-74.364,4.557],[-74.394,4.623],[-74.344,4.654],[-74.306,4.62]]]}},{"type":"Feature","properties":{"divipola_mpio":"25649","divipola_dpto":"25","municipio":"SAN BERNARDO","departamento":"CUNDINAMARCA","area_km2":247.01},"geometry":{"type":"Polygon","coordinates":[[[-74.24,4.186],[-74.245,4.103],[-74.325,4.127],[-74.365,4.035],[-74.38,4.037],[-74.445,4.111],[-74.427,4.152],[-74.467,4.217],[-74.298,4.177],[-74.24,4.186]]]}},{"type":"Feature","properties":{"divipola_mpio":"25653","divipola_dpto":"25","municipio":"SAN CAYETANO","departamento":"CUNDINAMARCA","area_km2":287.81},"geometry":{"type":"Polygon","coordinates":[[[-73.999,5.368],[-73.975,5.319],[-73.995,5.259],[-74.077,5.23],[-74.137,5.235],[-74.174,5.297],[-74.094,5.436],[-73.999,5.368]]]}},{"type":"Feature","properties":{"divipola_mpio":"25658","divipola_dpto":"25","municipio":"SAN FRANCISCO","departamento":"CUNDINAMARCA","area_km2":118.75},"geometry":{"type":"Polygon","coordinates":[[[-74.214,4.997],[-74.23,4.945],[-74.284,4.876],[-74.322,4.886],[-74.293,4.912],[-74.321,5.006],[-74.278,5.029],[-74.214,4.997]]]}},{"type":"Feature","properties":{"divipola_mpio":"25718","divipola_dpto":"25","municipio":"SASAIMA","departamento":"CUNDINAMARCA","area_km2":111.62},"geometry":{"type":"Polygon","coordinates":[[[-74.358,4.894],[-74.403,4.881],[-74.48,4.952],[-74.413,5.021],[-74.396,5.022],[-74.358,4.894]]]}},{"type":"Feature","properties":{"divipola_mpio":"25736","divipola_dpto":"25","municipio":"SESQUILÉ","departamento":"CUNDINAMARCA","area_km2":141.15},"geometry":{"type":"Polygon","coordinates":[[[-73.76,5.052],[-73.688,4.983],[-73.714,4.952],[-73.856,4.99],[-73.856,5.036],[-73.81,5.083],[-73.76,5.052]]]}},{"type":"Feature","properties":{"divipola_mpio":"25743","divipola_dpto":"25","municipio":"SILVANIA","departamento":"CUNDINAMARCA","area_km2":162.57},"geometry":{"type":"Polygon","coordinates":[[[-74.3,4.427],[-74.388,4.398],[-74.42,4.359],[-74.452,4.386],[-74.398,4.491],[-74.303,4.504],[-74.3,4.427]]]}},{"type":"Feature","properties":{"divipola_mpio":"25745","divipola_dpto":"25","municipio":"SIMIJACA","departamento":"CUNDINAMARCA","area_km2":96.72},"geometry":{"type":"Polygon","coordinates":[[[-73.79,5.552],[-73.787,5.51],[-73.867,5.462],[-73.902,5.467],[-73.911,5.524],[-73.848,5.546],[-73.79,5.552]]]}},{"type":"Feature","properties":{"divipola_mpio":"25758","divipola_dpto":"25","municipio":"SOPÓ","departamento":"CUNDINAMARCA","area_km2":111.08},"geometry":{"type":"Polygon","coordinates":[[[-73.992,4.972],[-73.916,4.914],[-73.96,4.812],[-74.006,4.824],[-74.006,4.918],[-73.998,4.974],[-73.992,4.972]]]}},{"type":"Feature","properties":{"divipola_mpio":"25769","divipola_dpto":"25","municipio":"SUBACHOQUE","departamento":"CUNDINAMARCA","area_km2":209.22},"geometry":{"type":"Polygon","coordinates":[[[-74.093,5.067],[-74.087,5.011],[-74.129,4.904],[-74.178,4.858],[-74.201,4.857],[-74.23,4.945],[-74.214,4.997],[-74.158,5.044],[-74.093,5.067]]]}},{"type":"Feature","properties":{"divipola_mpio":"25772","divipola_dpto":"25","municipio":"SUESCA","departamento":"CUNDINAMARCA","area_km2":173.07},"geometry":{"type":"Polygon","coordinates":[[[-73.684,5.229],[-73.733,5.157],[-73.76,5.052],[-73.81,5.083],[-73.856,5.036],[-73.87,5.048],[-73.83,5.096],[-73.846,5.155],[-73.839,5.164],[-73.749,5.219],[-73.684,5.229]]]}},{"type":"Feature","properties":{"divipola_mpio":"25777","divipola_dpto":"25","municipio":"SUPATÁ","departamento":"CUNDINAMARCA","area_km2":130.39},"geometry":{"type":"Polygon","coordinates":[[[-74.158,5.044],[-74.214,4.997],[-74.278,5.029],[-74.304,5.074],[-74.227,5.119],[-74.158,5.044]]]}},{"type":"Feature","properties":{"divipola_mpio":"25779","divipola_dpto":"25","municipio":"SUSA","departamento":"CUNDINAMARCA","area_km2":104.15},"geometry":{"type":"Polygon","coordinates":[[[-73.743,5.471],[-73.825,5.374],[-73.84,5.368],[-73.867,5.462],[-73.787,5.51],[-73.743,5.471]]]}},{"type":"Feature","properties":{"divipola_mpio":"25781","divipola_dpto":"25","municipio":"SUTATAUSA","departamento":"CUNDINAMARCA","area_km2":64.85},"geometry":{"type":"Polygon","coordinates":[[[-73.804,5.259],[-73.847,5.194],[-73.897,5.252],[-73.867,5.282],[-73.804,5.259]]]}},{"type":"Feature","properties":{"divipola_mpio":"25785","divipola_dpto":"25","municipio":"TABIO","departamento":"CUNDINAMARCA","area_km2":75.2},"geometry":{"type":"Polygon","coordinates":[[[-74.033,4.964],[-74.077,4.912],[-74.082,4.893],[-74.129,4.904],[-74.087,5.011],[-74.033,4.964]]]}},{"type":"Feature","properties":{"divipola_mpio":"25793","divipola_dpto":"25","municipio":"TAUSA","departamento":"CUNDINAMARCA","area_km2":201.87},"geometry":{"type":"Polygon","coordinates":[[[-73.995,5.259],[-73.952,5.205],[-73.897,5.252],[-73.847,5.194],[-73.839,5.164],[-73.846,5.155],[-73.906,5.133],[-74.046,5.169],[-74.077,5.23],[-73.995,5.259]]]}},{"type":"Feature","properties":{"divipola_mpio":"25797","divipola_dpto":"25","municipio":"TENA","departamento":"CUNDINAMARCA","area_km2":51.44},"geometry":{"type":"Polygon","coordinates":[[[-74.344,4.654],[-74.394,4.623],[-74.446,4.598],[-74.393,4.7],[-74.344,4.654]]]}},{"type":"Feature","properties":{"divipola_mpio":"25799","divipola_dpto":"25","municipio":"TENJO","departamento":"CUNDINAMARCA","area_km2":114.24},"geometry":{"type":"Polygon","coordinates":[[[-74.082,4.893],[-74.094,4.848],[-74.163,4.75],[-74.218,4.794],[-74.178,4.858],[-74.129,4.904],[-74.082,4.893]]]}},{"type":"Feature","properties":{"divipola_mpio":"25805","divipola_dpto":"25","municipio":"TIBACUY","departamento":"CUNDINAMARCA","area_km2":84.75},"geometry":{"type":"Polygon","coordinates":[[[-74.42,4.359],[-74.483,4.289],[-74.55,4.261],[-74.552,4.265],[-74.498,4.355],[-74.452,4.386],[-74.42,4.359]]]}},{"type":"Feature","properties":{"divipola_mpio":"25807","divipola_dpto":"25","municipio":"TIBIRITA","departamento":"CUNDINAMARCA","area_km2":56.55},"geometry":{"type":"Polygon","coordinates":[[[-73.492,5.128],[-73.48,5.063],[-73.523,5.029],[-73.541,5.073],[-73.537,5.122],[-73.536,5.132],[-73.492,5.128]]]}},{"type":"Feature","properties":{"divipola_mpio":"25815","divipola_dpto":"25","municipio":"TOCAIMA","departamento":"CUNDINAMARCA","area_km2":245.83},"geometry":{"type":"Polygon","coordinates":[[[-74.562,4.447],[-74.549,4.364],[-74.598,4.359],[-74.677,4.416],[-74.736,4.381],[-74.743,4.381],[-74.753,4.434],[-74.726,4.46],[-74.632,4.561],[-74.6,4.619],[-74.621,4.505],[-74.562,4.447]]]}},{"type":"Feature","properties":{"divipola_mpio":"25817","divipola_dpto":"25","municipio":"TOCANCIPÁ","departamento":"CUNDINAMARCA","area_km2":73.24},"geometry":{"type":"Polygon","coordinates":[[[-73.874,4.964],[-73.908,4.923],[-73.916,4.914],[-73.992,4.972],[-73.912,5.028],[-73.874,4.964]]]}},{"type":"Feature","properties":{"divipola_mpio":"25823","divipola_dpto":"25","municipio":"TOPAIPÍ","departamento":"CUNDINAMARCA","area_km2":143.71},"geometry":{"type":"Polygon","coordinates":[[[-74.234,5.397],[-74.221,5.342],[-74.213,5.296],[-74.249,5.277],[-74.358,5.332],[-74.365,5.419],[-74.306,5.389],[-74.234,5.397]]]}},{"type":"Feature","properties":{"divipola_mpio":"25839","divipola_dpto":"25","municipio":"UBALÁ","departamento":"CUNDINAMARCA","area_km2":522.46},"geometry":{"type":"MultiPolygon","coordinates":[[[[-73.22,4.676],[-73.247,4.624],[-73.404,4.679],[-73.384,4.758],[-73.324,4.78],[-73.306,4.732],[-73.223,4.733],[-73.22,4.676]]],[[[-73.447,4.889],[-73.402,4.879],[-73.372,4.801],[-73.415,4.752],[-73.535,4.716],[-73.591,4.779],[-73.555,4.791],[-73.52,4.879],[-73.447,4.889]]]]}},{"type":"Feature","properties":{"divipola_mpio":"25841","divipola_dpto":"25","municipio":"UBAQUE","departamento":"CUNDINAMARCA","area_km2":107.09},"geometry":{"type":"Polygon","coordinates":[[[-74.005,4.561],[-73.959,4.509],[-73.905,4.5],[-73.903,4.441],[-73.973,4.458],[-74.048,4.512],[-74.005,4.561]]]}},{"type":"Feature","properties":{"divipola_mpio":"25843","divipola_dpto":"25","municipio":"VILLA DE SAN DIEGO DE UBATÉ","departamento":"CUNDINAMARCA","area_km2":102.28},"geometry":{"type":"Polygon","coordinates":[[[-73.774,5.352],[-73.764,5.324],[-73.765,5.298],[-73.804,5.259],[-73.867,5.282],[-73.84,5.368],[-73.825,5.374],[-73.774,5.352]]]}},{"type":"Feature","properties":{"divipola_mpio":"25845","divipola_dpto":"25","municipio":"UNE","departamento":"CUNDINAMARCA","area_km2":209.13},"geometry":{"type":"Polygon","coordinates":[[[-73.99,4.418],[-73.992,4.355],[-74.043,4.297],[-74.11,4.182],[-74.152,4.256],[-74.119,4.31],[-73.99,4.418]]]}},{"type":"Feature","properties":{"divipola_mpio":"25851","divipola_dpto":"25","municipio":"ÚTICA","departamento":"CUNDINAMARCA","area_km2":92.08},"geometry":{"type":"Polygon","coordinates":[[[-74.457,5.252],[-74.447,5.125],[-74.451,5.124],[-74.525,5.135],[-74.514,5.194],[-74.492,5.256],[-74.457,5.252]]]}},{"type":"Feature","properties":{"divipola_mpio":"25862","divipola_dpto":"25","municipio":"VERGARA","departamento":"CUNDINAMARCA","area_km2":144.65},"geometry":{"type":"Polygon","coordinates":[[[-74.3,5.193],[-74.227,5.119],[-74.304,5.074],[-74.342,5.052],[-74.375,5.105],[-74.341,5.2],[-74.3,5.193]]]}},{"type":"Feature","properties":{"divipola_mpio":"25867","divipola_dpto":"25","municipio":"VIANÍ","departamento":"CUNDINAMARCA","area_km2":67.12},"geometry":{"type":"Polygon","coordinates":[[[-74.517,4.944],[-74.56,4.796],[-74.563,4.796],[-74.577,4.889],[-74.552,4.965],[-74.535,4.966],[-74.517,4.944]]]}},{"type":"Feature","properties":{"divipola_mpio":"25871","divipola_dpto":"25","municipio":"VILLAGÓMEZ","departamento":"CUNDINAMARCA","area_km2":62.97},"geometry":{"type":"Polygon","coordinates":[[[-74.174,5.297],[-74.137,5.235],[-74.206,5.224],[-74.213,5.296],[-74.221,5.342],[-74.174,5.297]]]}},{"type":"Feature","properties":{"divipola_mpio":"25873","divipola_dpto":"25","municipio":"VILLAPINZÓN","departamento":"CUNDINAMARCA","area_km2":226.16},"geometry":{"type":"Polygon","coordinates":[[[-73.548,5.3],[-73.514,5.233],[-73.477,5.148],[-73.492,5.128],[-73.536,5.132],[-73.627,5.188],[-73.662,5.243],[-73.596,5.365],[-73.548,5.3]]]}},{"type":"Feature","properties":{"divipola_mpio":"25875","divipola_dpto":"25","municipio":"VILLETA","departamento":"CUNDINAMARCA","area_km2":140.89},"geometry":{"type":"Polygon","coordinates":[[[-74.427,5.065],[-74.413,5.021],[-74.48,4.952],[-74.483,4.939],[-74.505,4.944],[-74.517,4.944],[-74.535,4.966],[-74.541,5.065],[-74.448,5.073],[-74.427,5.065]]]}},{"type":"Feature","properties":{"divipola_mpio":"25878","divipola_dpto":"25","municipio":"VIOTÁ","departamento":"CUNDINAMARCA","area_km2":201.33},"geometry":{"type":"Polygon","coordinates":[[[-74.394,4.5],[-74.398,4.491],[-74.452,4.386],[-74.498,4.355],[-74.549,4.364],[-74.562,4.447],[-74.502,4.484],[-74.469,4.496],[-74.394,4.5]]]}},{"type":"Feature","properties":{"divipola_mpio":"25885","divipola_dpto":"25","municipio":"YACOPÍ","departamento":"CUNDINAMARCA","area_km2":956.78},"geometry":{"type":"Polygon","coordinates":[[[-74.296,5.764],[-74.281,5.699],[-74.306,5.638],[-74.292,5.57],[-74.24,5.539],[-74.255,5.498],[-74.216,5.498],[-74.178,5.459],[-74.234,5.397],[-74.306,5.389],[-74.365,5.419],[-74.423,5.443],[-74.453,5.555],[-74.54,5.555],[-74.487,5.647],[-74.486,5.771],[-74.432,5.758],[-74.334,5.828],[-74.296,5.764]]]}},{"type":"Feature","properties":{"divipola_mpio":"25898","divipola_dpto":"25","municipio":"ZIPACÓN","departamento":"CUNDINAMARCA","area_km2":54.27},"geometry":{"type":"Polygon","coordinates":[[[-74.347,4.763],[-74.398,4.717],[-74.437,4.713],[-74.407,4.783],[-74.394,4.804],[-74.347,4.763]]]}},{"type":"Feature","properties":{"divipola_mpio":"25899","divipola_dpto":"25","municipio":"ZIPAQUIRÁ","departamento":"CUNDINAMARCA","area_km2":194.82},"geometry":{"type":"Polygon","coordinates":[[[-74.046,5.158],[-74.008,5.127],[-74.014,5.049],[-73.935,5.043],[-73.912,5.028],[-73.992,4.972],[-73.998,4.974],[-74.033,4.964],[-74.087,5.011],[-74.093,5.067],[-74.046,5.158]]]}},{"type":"Feature","properties":{"divipola_mpio":"25001","divipola_dpto":"25","municipio":"AGUA DE DIOS","departamento":"CUNDINAMARCA","area_km2":85.75},"geometry":{"type":"Polygon","coordinates":[[[-74.598,4.359],[-74.665,4.34],[-74.736,4.381],[-74.677,4.416],[-74.598,4.359]]]}},{"type":"Feature","properties":{"divipola_mpio":"54001","divipola_dpto":"54","municipio":"SAN JOSÉ DE CÚCUTA","departamento":"NORTE DE SANTANDER","area_km2":1133.53},"geometry":{"type":"Polygon","coordinates":[[[-72.472,8.43],[-72.427,8.381],[-72.439,8.333],[-72.387,8.278],[-72.354,8.156],[-72.373,8.104],[-72.346,8.038],[-72.487,7.946],[-72.46,7.901],[-72.487,7.858],[-72.532,7.755],[-72.575,7.721],[-72.581,7.761],[-72.564,7.787],[-72.588,7.919],[-72.597,7.967],[-72.578,8.108],[-72.529,8.164],[-72.559,8.214],[-72.547,8.287],[-72.607,8.283],[-72.603,8.323],[-72.472,8.43]]]}},{"type":"Feature","properties":{"divipola_mpio":"54003","divipola_dpto":"54","municipio":"ÁBREGO","departamento":"NORTE DE SANTANDER","area_km2":1382.45},"geometry":{"type":"Polygon","coordinates":[[[-72.99,8.285],[-72.962,8.187],[-73.015,8.149],[-73.003,8.099],[-73.028,8.042],[-73.082,8.028],[-73.045,7.868],[-73.071,7.787],[-73.153,7.809],[-73.349,7.829],[-73.351,7.892],[-73.279,7.936],[-73.298,7.984],[-73.31,8.015],[-73.326,8.091],[-73.284,8.124],[-73.273,8.191],[-73.049,8.231],[-73.055,8.285],[-72.99,8.285]]]}},{"type":"Feature","properties":{"divipola_mpio":"54051","divipola_dpto":"54","municipio":"ARBOLEDAS","departamento":"NORTE DE SANTANDER","area_km2":456.15},"geometry":{"type":"Polygon","coordinates":[[[-72.696,7.633],[-72.743,7.624],[-72.799,7.64],[-72.845,7.585],[-72.836,7.539],[-72.896,7.467],[-72.978,7.529],[-72.983,7.62],[-72.954,7.667],[-72.862,7.676],[-72.84,7.709],[-72.747,7.716],[-72.725,7.746],[-72.696,7.633]]]}},{"type":"Feature","properties":{"divipola_mpio":"54099","divipola_dpto":"54","municipio":"BOCHALEMA","departamento":"NORTE DE SANTANDER","area_km2":170.27},"geometry":{"type":"Polygon","coordinates":[[[-72.581,7.761],[-72.575,7.721],[-72.586,7.702],[-72.629,7.642],[-72.637,7.567],[-72.708,7.526],[-72.743,7.624],[-72.696,7.633],[-72.646,7.681],[-72.619,7.754],[-72.581,7.761]]]}},{"type":"Feature","properties":{"divipola_mpio":"54109","divipola_dpto":"54","municipio":"BUCARASICA","departamento":"NORTE DE SANTANDER","area_km2":270.79},"geometry":{"type":"Polygon","coordinates":[[[-72.856,8.026],[-72.874,7.998],[-72.969,8.023],[-73.003,8.099],[-73.015,8.149],[-72.962,8.187],[-72.875,8.128],[-72.84,8.077],[-72.856,8.026]]]}},{"type":"Feature","properties":{"divipola_mpio":"54125","divipola_dpto":"54","municipio":"CÁCOTA","departamento":"NORTE DE SANTANDER","area_km2":138.92},"geometry":{"type":"Polygon","coordinates":[[[-72.58,7.264],[-72.651,7.191],[-72.699,7.245],[-72.726,7.257],[-72.703,7.324],[-72.616,7.33],[-72.58,7.264]]]}},{"type":"Feature","properties":{"divipola_mpio":"54128","divipola_dpto":"54","municipio":"CÁCHIRA","departamento":"NORTE DE SANTANDER","area_km2":615.82},"geometry":{"type":"Polygon","coordinates":[[[-72.999,7.765],[-72.954,7.667],[-72.983,7.62],[-73.049,7.606],[-73.218,7.632],[-73.282,7.548],[-73.37,7.564],[-73.276,7.655],[-73.267,7.7],[-73.178,7.738],[-73.153,7.809],[-73.071,7.787],[-73.045,7.868],[-72.999,7.765]]]}},{"type":"Feature","properties":{"divipola_mpio":"54172","divipola_dpto":"54","municipio":"CHINÁCOTA","departamento":"NORTE DE SANTANDER","area_km2":166.25},"geometry":{"type":"Polygon","coordinates":[[[-72.528,7.637],[-72.547,7.55],[-72.535,7.49],[-72.578,7.455],[-72.637,7.567],[-72.629,7.642],[-72.586,7.702],[-72.528,7.637]]]}},{"type":"Feature","properties":{"divipola_mpio":"54223","divipola_dpto":"54","municipio":"CUCUTILLA","departamento":"NORTE DE SANTANDER","area_km2":374.91},"geometry":{"type":"Polygon","coordinates":[[[-72.743,7.624],[-72.708,7.526],[-72.69,7.472],[-72.739,7.465],[-72.818,7.372],[-72.838,7.36],[-72.863,7.383],[-72.896,7.467],[-72.836,7.539],[-72.845,7.585],[-72.799,7.64],[-72.743,7.624]]]}},{"type":"Feature","properties":{"divipola_mpio":"54239","divipola_dpto":"54","municipio":"DURANIA","departamento":"NORTE DE SANTANDER","area_km2":175.01},"geometry":{"type":"Polygon","coordinates":[[[-72.619,7.754],[-72.646,7.681],[-72.696,7.633],[-72.725,7.746],[-72.71,7.801],[-72.66,7.833],[-72.619,7.754]]]}},{"type":"Feature","properties":{"divipola_mpio":"54261","divipola_dpto":"54","municipio":"EL ZULIA","departamento":"NORTE DE SANTANDER","area_km2":505.3},"geometry":{"type":"Polygon","coordinates":[[[-72.588,7.919],[-72.656,7.906],[-72.69,7.974],[-72.76,7.969],[-72.754,8.018],[-72.652,8.149],[-72.649,8.221],[-72.607,8.283],[-72.547,8.287],[-72.559,8.214],[-72.529,8.164],[-72.578,8.108],[-72.597,7.967],[-72.588,7.919]]]}},{"type":"Feature","properties":{"divipola_mpio":"54313","divipola_dpto":"54","municipio":"GRAMALOTE","departamento":"NORTE DE SANTANDER","area_km2":149.02},"geometry":{"type":"Polygon","coordinates":[[[-72.76,7.969],[-72.76,7.848],[-72.835,7.852],[-72.901,7.902],[-72.896,7.905],[-72.818,7.923],[-72.794,8.005],[-72.754,8.018],[-72.76,7.969]]]}},{"type":"Feature","properties":{"divipola_mpio":"54344","divipola_dpto":"54","municipio":"HACARÍ","departamento":"NORTE DE SANTANDER","area_km2":419.0},"geometry":{"type":"Polygon","coordinates":[[[-72.968,8.433],[-72.995,8.391],[-72.99,8.285],[-73.055,8.285],[-73.113,8.243],[-73.184,8.311],[-73.185,8.37],[-73.162,8.435],[-73.102,8.421],[-73.05,8.487],[-72.968,8.433]]]}},{"type":"Feature","properties":{"divipola_mpio":"54347","divipola_dpto":"54","municipio":"HERRÁN","departamento":"NORTE DE SANTANDER","area_km2":106.96},"geometry":{"type":"Polygon","coordinates":[[[-72.455,7.553],[-72.479,7.498],[-72.416,7.4],[-72.454,7.407],[-72.535,7.49],[-72.547,7.55],[-72.455,7.553]]]}},{"type":"Feature","properties":{"divipola_mpio":"54377","divipola_dpto":"54","municipio":"LABATECA","departamento":"NORTE DE SANTANDER","area_km2":256.04},"geometry":{"type":"Polygon","coordinates":[[[-72.481,7.159],[-72.577,7.165],[-72.578,7.263],[-72.578,7.389],[-72.569,7.393],[-72.507,7.383],[-72.491,7.291],[-72.446,7.229],[-72.481,7.159]]]}},{"type":"Feature","properties":{"divipola_mpio":"54385","divipola_dpto":"54","municipio":"LA ESPERANZA","departamento":"NORTE DE SANTANDER","area_km2":669.9},"geometry":{"type":"Polygon","coordinates":[[[-73.153,7.809],[-73.178,7.738],[-73.267,7.7],[-73.276,7.655],[-73.37,7.564],[-73.463,7.575],[-73.633,7.749],[-73.58,7.739],[-73.481,7.677],[-73.411,7.716],[-73.349,7.829],[-73.153,7.809]]]}},{"type":"Feature","properties":{"divipola_mpio":"54398","divipola_dpto":"54","municipio":"LA PLAYA","departamento":"NORTE DE SANTANDER","area_km2":242.21},"geometry":{"type":"Polygon","coordinates":[[[-73.055,8.285],[-73.049,8.231],[-73.273,8.191],[-73.269,8.324],[-73.185,8.37],[-73.184,8.311],[-73.113,8.243],[-73.055,8.285]]]}},{"type":"Feature","properties":{"divipola_mpio":"54405","divipola_dpto":"54","municipio":"LOS PATIOS","departamento":"NORTE DE SANTANDER","area_km2":127.59},"geometry":{"type":"Polygon","coordinates":[[[-72.487,7.858],[-72.488,7.756],[-72.521,7.648],[-72.528,7.637],[-72.586,7.702],[-72.575,7.721],[-72.532,7.755],[-72.487,7.858]]]}},{"type":"Feature","properties":{"divipola_mpio":"54418","divipola_dpto":"54","municipio":"LOURDES","departamento":"NORTE DE SANTANDER","area_km2":86.59},"geometry":{"type":"Polygon","coordinates":[[[-72.794,8.005],[-72.818,7.923],[-72.896,7.905],[-72.874,7.998],[-72.856,8.026],[-72.794,8.005]]]}},{"type":"Feature","properties":{"divipola_mpio":"54480","divipola_dpto":"54","municipio":"MUTISCUA","departamento":"NORTE DE SANTANDER","area_km2":158.81},"geometry":{"type":"Polygon","coordinates":[[[-72.703,7.324],[-72.726,7.257],[-72.834,7.304],[-72.838,7.36],[-72.818,7.372],[-72.72,7.376],[-72.703,7.324]]]}},{"type":"Feature","properties":{"divipola_mpio":"54498","divipola_dpto":"54","municipio":"OCAÑA","departamento":"NORTE DE SANTANDER","area_km2":522.6},"geometry":{"type":"MultiPolygon","coordinates":[[[[-73.274,8.39],[-73.269,8.324],[-73.273,8.191],[-73.284,8.124],[-73.326,8.091],[-73.31,8.015],[-73.366,8.023],[-73.393,8.113],[-73.432,8.14],[-73.405,8.246],[-73.361,8.328],[-73.349,8.392],[-73.324,8.407],[-73.274,8.39]]],[[[-73.411,8.37],[-73.457,8.361],[-73.492,8.422],[-73.41,8.43],[-73.411,8.37]]]]}},{"type":"Feature","properties":{"divipola_mpio":"54518","divipola_dpto":"54","municipio":"PAMPLONA","departamento":"NORTE DE SANTANDER","area_km2":298.29},"geometry":{"type":"Polygon","coordinates":[[[-72.69,7.472],[-72.646,7.402],[-72.578,7.389],[-72.578,7.263],[-72.58,7.264],[-72.616,7.33],[-72.703,7.324],[-72.72,7.376],[-72.818,7.372],[-72.739,7.465],[-72.69,7.472]]]}},{"type":"Feature","properties":{"divipola_mpio":"54520","divipola_dpto":"54","municipio":"PAMPLONITA","departamento":"NORTE DE SANTANDER","area_km2":170.93},"geometry":{"type":"Polygon","coordinates":[[[-72.578,7.455],[-72.569,7.393],[-72.578,7.389],[-72.646,7.402],[-72.69,7.472],[-72.708,7.526],[-72.637,7.567],[-72.578,7.455]]]}},{"type":"Feature","properties":{"divipola_mpio":"54553","divipola_dpto":"54","municipio":"PUERTO SANTANDER","departamento":"NORTE DE SANTANDER","area_km2":44.95},"geometry":{"type":"Polygon","coordinates":[[[-72.387,8.278],[-72.439,8.333],[-72.427,8.381],[-72.389,8.349],[-72.387,8.278]]]}},{"type":"Feature","properties":{"divipola_mpio":"54599","divipola_dpto":"54","municipio":"RAGONVALIA","departamento":"NORTE DE SANTANDER","area_km2":97.73},"geometry":{"type":"Polygon","coordinates":[[[-72.475,7.658],[-72.455,7.553],[-72.547,7.55],[-72.528,7.637],[-72.521,7.648],[-72.475,7.658]]]}},{"type":"Feature","properties":{"divipola_mpio":"54660","divipola_dpto":"54","municipio":"SALAZAR","departamento":"NORTE DE SANTANDER","area_km2":493.91},"geometry":{"type":"Polygon","coordinates":[[[-72.76,7.848],[-72.71,7.801],[-72.725,7.746],[-72.747,7.716],[-72.84,7.709],[-72.862,7.676],[-72.954,7.667],[-72.999,7.765],[-72.901,7.902],[-72.835,7.852],[-72.76,7.848]]]}},{"type":"Feature","properties":{"divipola_mpio":"54670","divipola_dpto":"54","municipio":"SAN CALIXTO","departamento":"NORTE DE SANTANDER","area_km2":398.02},"geometry":{"type":"Polygon","coordinates":[[[-73.016,8.546],[-72.969,8.465],[-72.968,8.433],[-73.05,8.487],[-73.102,8.421],[-73.162,8.435],[-73.185,8.37],[-73.269,8.324],[-73.274,8.39],[-73.272,8.454],[-73.222,8.527],[-73.158,8.573],[-73.082,8.504],[-73.016,8.546]]]}},{"type":"Feature","properties":{"divipola_mpio":"54673","divipola_dpto":"54","municipio":"SAN CAYETANO","departamento":"NORTE DE SANTANDER","area_km2":139.28},"geometry":{"type":"Polygon","coordinates":[[[-72.588,7.919],[-72.564,7.787],[-72.581,7.761],[-72.619,7.754],[-72.66,7.833],[-72.656,7.906],[-72.588,7.919]]]}},{"type":"Feature","properties":{"divipola_mpio":"54680","divipola_dpto":"54","municipio":"SANTIAGO","departamento":"NORTE DE SANTANDER","area_km2":172.54},"geometry":{"type":"Polygon","coordinates":[[[-72.656,7.906],[-72.66,7.833],[-72.71,7.801],[-72.76,7.848],[-72.76,7.969],[-72.69,7.974],[-72.656,7.906]]]}},{"type":"Feature","properties":{"divipola_mpio":"54720","divipola_dpto":"54","municipio":"SARDINATA","departamento":"NORTE DE SANTANDER","area_km2":1467.71},"geometry":{"type":"Polygon","coordinates":[[[-72.603,8.323],[-72.607,8.283],[-72.649,8.221],[-72.652,8.149],[-72.754,8.018],[-72.794,8.005],[-72.856,8.026],[-72.84,8.077],[-72.875,8.128],[-72.962,8.187],[-72.99,8.285],[-72.995,8.391],[-72.968,8.433],[-72.969,8.465],[-72.944,8.511],[-72.831,8.416],[-72.696,8.438],[-72.603,8.323]]]}},{"type":"Feature","properties":{"divipola_mpio":"54743","divipola_dpto":"54","municipio":"SILOS","departamento":"NORTE DE SANTANDER","area_km2":316.86},"geometry":{"type":"Polygon","coordinates":[[[-72.726,7.257],[-72.699,7.245],[-72.75,7.06],[-72.819,7.072],[-72.848,7.138],[-72.841,7.195],[-72.876,7.264],[-72.834,7.304],[-72.726,7.257]]]}},{"type":"Feature","properties":{"divipola_mpio":"54871","divipola_dpto":"54","municipio":"VILLA CARO","departamento":"NORTE DE SANTANDER","area_km2":401.06},"geometry":{"type":"Polygon","coordinates":[[[-72.874,7.998],[-72.896,7.905],[-72.901,7.902],[-72.999,7.765],[-73.045,7.868],[-73.082,8.028],[-73.028,8.042],[-73.003,8.099],[-72.969,8.023],[-72.874,7.998]]]}},{"type":"Feature","properties":{"divipola_mpio":"54874","divipola_dpto":"54","municipio":"VILLA DEL ROSARIO","departamento":"NORTE DE SANTANDER","area_km2":90.62},"geometry":{"type":"Polygon","coordinates":[[[-72.475,7.658],[-72.521,7.648],[-72.488,7.756],[-72.487,7.858],[-72.46,7.901],[-72.475,7.658]]]}},{"type":"Feature","properties":{"divipola_mpio":"54174","divipola_dpto":"54","municipio":"CHITAGÁ","departamento":"NORTE DE SANTANDER","area_km2":1185.18},"geometry":{"type":"Polygon","coordinates":[[[-72.481,7.159],[-72.373,7.11],[-72.29,6.996],[-72.313,6.932],[-72.393,6.872],[-72.503,6.908],[-72.547,6.886],[-72.553,6.985],[-72.722,7.005],[-72.734,6.986],[-72.75,7.06],[-72.699,7.245],[-72.651,7.191],[-72.58,7.264],[-72.578,7.263],[-72.577,7.165],[-72.481,7.159]]]}},{"type":"Feature","properties":{"divipola_mpio":"54206","divipola_dpto":"54","municipio":"CONVENCIÓN","departamento":"NORTE DE SANTANDER","area_km2":931.92},"geometry":{"type":"Polygon","coordinates":[[[-72.985,9.146],[-73.003,9.075],[-73.103,9.049],[-73.148,8.973],[-73.105,8.932],[-73.211,8.811],[-73.247,8.727],[-73.24,8.67],[-73.299,8.625],[-73.316,8.566],[-73.285,8.49],[-73.324,8.407],[-73.349,8.392],[-73.343,8.437],[-73.414,8.459],[-73.406,8.547],[-73.28,8.742],[-73.3,8.802],[-73.239,8.854],[-73.252,9.004],[-73.141,9.115],[-73.064,9.137],[-73.071,9.221],[-73.004,9.274],[-72.965,9.2],[-72.985,9.146]]]}},{"type":"Feature","properties":{"divipola_mpio":"54245","divipola_dpto":"54","municipio":"EL CARMEN","departamento":"NORTE DE SANTANDER","area_km2":1727.74},"geometry":{"type":"Polygon","coordinates":[[[-73.004,9.274],[-73.071,9.221],[-73.064,9.137],[-73.141,9.115],[-73.252,9.004],[-73.239,8.854],[-73.3,8.802],[-73.28,8.742],[-73.406,8.547],[-73.414,8.459],[-73.41,8.43],[-73.492,8.422],[-73.577,8.506],[-73.531,8.528],[-73.552,8.606],[-73.463,8.745],[-73.429,8.823],[-73.447,8.87],[-73.426,8.9],[-73.436,8.999],[-73.411,9.054],[-73.425,9.122],[-73.369,9.173],[-73.252,9.158],[-73.176,9.177],[-73.07,9.265],[-73.004,9.274]]]}},{"type":"Feature","properties":{"divipola_mpio":"54800","divipola_dpto":"54","municipio":"TEORAMA","departamento":"NORTE DE SANTANDER","area_km2":927.05},"geometry":{"type":"Polygon","coordinates":[[[-72.985,9.146],[-72.947,9.092],[-73.065,8.983],[-73.06,8.867],[-73.056,8.765],[-73.148,8.676],[-73.158,8.573],[-73.222,8.527],[-73.272,8.454],[-73.274,8.39],[-73.324,8.407],[-73.285,8.49],[-73.316,8.566],[-73.299,8.625],[-73.24,8.67],[-73.247,8.727],[-73.211,8.811],[-73.105,8.932],[-73.148,8.973],[-73.103,9.049],[-73.003,9.075],[-72.985,9.146]]]}},{"type":"Feature","properties":{"divipola_mpio":"54810","divipola_dpto":"54","municipio":"TIBÚ","departamento":"NORTE DE SANTANDER","area_km2":2680.07},"geometry":{"type":"Polygon","coordinates":[[[-72.472,8.43],[-72.603,8.323],[-72.696,8.438],[-72.831,8.416],[-72.944,8.511],[-72.969,8.465],[-73.016,8.546],[-72.906,8.603],[-72.917,8.709],[-72.96,8.764],[-72.947,8.838],[-72.976,8.884],[-73.06,8.867],[-73.065,8.983],[-72.947,9.092],[-72.883,9.131],[-72.766,9.1],[-72.72,8.941],[-72.655,8.615],[-72.617,8.595],[-72.472,8.43]]]}},{"type":"Feature","properties":{"divipola_mpio":"54820","divipola_dpto":"54","municipio":"TOLEDO","departamento":"NORTE DE SANTANDER","area_km2":1480.67},"geometry":{"type":"Polygon","coordinates":[[[-72.416,7.4],[-72.256,7.378],[-72.198,7.387],[-72.154,7.329],[-72.17,7.252],[-72.048,7.038],[-72.199,7.041],[-72.22,6.986],[-72.29,6.996],[-72.373,7.11],[-72.481,7.159],[-72.446,7.229],[-72.491,7.291],[-72.507,7.383],[-72.569,7.393],[-72.578,7.455],[-72.535,7.49],[-72.454,7.407],[-72.416,7.4]]]}},{"type":"Feature","properties":{"divipola_mpio":"54250","divipola_dpto":"54","municipio":"EL TARRA","departamento":"NORTE DE SANTANDER","area_km2":704.1},"geometry":{"type":"Polygon","coordinates":[[[-73.016,8.546],[-73.082,8.504],[-73.158,8.573],[-73.148,8.676],[-73.056,8.765],[-73.06,8.867],[-72.976,8.884],[-72.947,8.838],[-72.96,8.764],[-72.917,8.709],[-72.906,8.603],[-73.016,8.546]]]}},{"type":"Feature","properties":{"divipola_mpio":"11001","divipola_dpto":"11","municipio":"BOGOTÁ, D.C.","departamento":"BOGOTÁ, D.C.","area_km2":1622.85},"geometry":{"type":"Polygon","coordinates":[[[-74.006,4.824],[-74.008,4.665],[-73.988,4.631],[-74.005,4.561],[-74.048,4.512],[-74.117,4.405],[-74.119,4.31],[-74.152,4.256],[-74.11,4.182],[-74.125,4.055],[-74.151,4.004],[-74.202,4.014],[-74.398,3.745],[-74.416,3.74],[-74.44,3.73],[-74.36,3.914],[-74.365,4.035],[-74.325,4.127],[-74.245,4.103],[-74.24,4.186],[-74.238,4.195],[-74.214,4.381],[-74.178,4.486],[-74.184,4.597],[-74.223,4.629],[-74.173,4.696],[-74.157,4.726],[-74.082,4.835],[-74.006,4.824]]]}},{"type":"Feature","properties":{"divipola_mpio":"50001","divipola_dpto":"50","municipio":"VILLAVICENCIO","departamento":"META","area_km2":1285.88},"geometry":{"type":"Polygon","coordinates":[[[-73.628,4.287],[-73.589,4.193],[-73.399,4.131],[-73.261,4.129],[-73.175,4.04],[-73.175,3.935],[-73.242,3.97],[-73.29,3.95],[-73.416,3.984],[-73.577,4.018],[-73.75,4.033],[-73.766,4.118],[-73.743,4.199],[-73.764,4.281],[-73.628,4.287]]]}},{"type":"Feature","properties":{"divipola_mpio":"50006","divipola_dpto":"50","municipio":"ACACÍAS","departamento":"META","area_km2":1123.74},"geometry":{"type":"Polygon","coordinates":[[[-73.743,4.199],[-73.766,4.118],[-73.75,4.033],[-73.577,4.018],[-73.416,3.984],[-73.458,3.856],[-73.548,3.875],[-73.651,3.874],[-73.728,3.921],[-73.801,3.926],[-73.878,3.983],[-74.033,4.067],[-73.956,4.1],[-73.933,4.149],[-73.896,4.143],[-73.814,4.201],[-73.743,4.199]]]}},{"type":"Feature","properties":{"divipola_mpio":"50110","divipola_dpto":"50","municipio":"BARRANCA DE UPÍA","departamento":"META","area_km2":403.82},"geometry":{"type":"Polygon","coordinates":[[[-72.843,4.433],[-72.994,4.438],[-73.092,4.475],[-73.053,4.737],[-73.04,4.677],[-72.968,4.599],[-72.897,4.475],[-72.843,4.433]]]}},{"type":"Feature","properties":{"divipola_mpio":"50124","divipola_dpto":"50","municipio":"CABUYARO","departamento":"META","area_km2":913.66},"geometry":{"type":"Polygon","coordinates":[[[-72.843,4.433],[-72.793,4.4],[-72.739,4.309],[-72.847,4.261],[-72.874,4.209],[-72.945,4.152],[-73.044,4.177],[-73.058,4.226],[-73.125,4.257],[-73.092,4.475],[-72.994,4.438],[-72.843,4.433]]]}},{"type":"Feature","properties":{"divipola_mpio":"50150","divipola_dpto":"50","municipio":"CASTILLA LA NUEVA","departamento":"META","area_km2":514.69},"geometry":{"type":"Polygon","coordinates":[[[-73.458,3.856],[-73.389,3.867],[-73.358,3.711],[-73.54,3.733],[-73.719,3.806],[-73.728,3.921],[-73.651,3.874],[-73.548,3.875],[-73.458,3.856]]]}},{"type":"Feature","properties":{"divipola_mpio":"50223","divipola_dpto":"50","municipio":"CUBARRAL","departamento":"META","area_km2":1157.87},"geometry":{"type":"Polygon","coordinates":[[[-73.749,3.811],[-73.787,3.724],[-73.841,3.768],[-73.889,3.732],[-73.933,3.751],[-74.004,3.704],[-74.043,3.714],[-74.091,3.78],[-74.235,3.786],[-74.295,3.717],[-74.398,3.745],[-74.202,4.014],[-74.163,3.937],[-73.883,3.884],[-73.857,3.891],[-73.749,3.811]]]}},{"type":"Feature","properties":{"divipola_mpio":"50226","divipola_dpto":"50","municipio":"CUMARAL","departamento":"META","area_km2":625.09},"geometry":{"type":"Polygon","coordinates":[[[-73.427,4.307],[-73.354,4.322],[-73.125,4.257],[-73.058,4.226],[-73.044,4.177],[-73.11,4.165],[-73.233,4.183],[-73.279,4.159],[-73.425,4.155],[-73.574,4.32],[-73.572,4.374],[-73.551,4.308],[-73.473,4.276],[-73.427,4.307]]]}},{"type":"Feature","properties":{"divipola_mpio":"50245","divipola_dpto":"50","municipio":"EL CALVARIO","departamento":"META","area_km2":277.85},"geometry":{"type":"Polygon","coordinates":[[[-73.633,4.397],[-73.6,4.34],[-73.628,4.287],[-73.764,4.281],[-73.792,4.353],[-73.809,4.396],[-73.746,4.455],[-73.737,4.416],[-73.633,4.397]]]}},{"type":"Feature","properties":{"divipola_mpio":"50251","divipola_dpto":"50","municipio":"EL CASTILLO","departamento":"META","area_km2":568.22},"geometry":{"type":"Polygon","coordinates":[[[-73.889,3.732],[-73.896,3.693],[-73.765,3.658],[-73.747,3.619],[-73.747,3.517],[-73.881,3.508],[-73.955,3.553],[-74.025,3.634],[-74.043,3.714],[-74.004,3.704],[-73.933,3.751],[-73.889,3.732]]]}},{"type":"Feature","properties":{"divipola_mpio":"50270","divipola_dpto":"50","municipio":"EL DORADO","departamento":"META","area_km2":117.34},"geometry":{"type":"Polygon","coordinates":[[[-73.787,3.724],[-73.765,3.658],[-73.896,3.693],[-73.889,3.732],[-73.841,3.768],[-73.787,3.724]]]}},{"type":"Feature","properties":{"divipola_mpio":"50287","divipola_dpto":"50","municipio":"FUENTE DE ORO","departamento":"META","area_km2":570.99},"geometry":{"type":"Polygon","coordinates":[[[-73.424,3.346],[-73.498,3.325],[-73.555,3.269],[-73.547,3.231],[-73.653,3.31],[-73.747,3.361],[-73.643,3.551],[-73.517,3.406],[-73.481,3.414],[-73.424,3.346]]]}},{"type":"Feature","properties":{"divipola_mpio":"50313","divipola_dpto":"50","municipio":"GRANADA","departamento":"META","area_km2":348.31},"geometry":{"type":"Polygon","coordinates":[[[-73.643,3.551],[-73.747,3.361],[-73.797,3.417],[-73.867,3.447],[-73.881,3.508],[-73.747,3.517],[-73.747,3.619],[-73.713,3.646],[-73.643,3.551]]]}},{"type":"Feature","properties":{"divipola_mpio":"50318","divipola_dpto":"50","municipio":"GUAMAL","departamento":"META","area_km2":595.7},"geometry":{"type":"Polygon","coordinates":[[[-73.728,3.921],[-73.719,3.806],[-73.749,3.811],[-73.857,3.891],[-73.883,3.884],[-74.163,3.937],[-74.202,4.014],[-74.151,4.004],[-74.101,4.013],[-74.033,4.067],[-73.878,3.983],[-73.801,3.926],[-73.728,3.921]]]}},{"type":"Feature","properties":{"divipola_mpio":"50330","divipola_dpto":"50","municipio":"MESETAS","departamento":"META","area_km2":2280.63},"geometry":{"type":"Polygon","coordinates":[[[-74.052,3.455],[-74.019,3.433],[-73.981,3.305],[-73.981,3.232],[-74.041,3.244],[-74.034,3.154],[-73.995,3.042],[-73.992,2.971],[-74.057,2.837],[-73.978,2.79],[-73.951,2.654],[-73.972,2.57],[-74.019,2.604],[-74.063,2.719],[-74.165,2.844],[-74.223,3.023],[-74.228,3.078],[-74.296,3.352],[-74.299,3.451],[-74.257,3.562],[-74.252,3.645],[-74.211,3.53],[-74.135,3.558],[-74.125,3.473],[-74.052,3.455]]]}},{"type":"Feature","properties":{"divipola_mpio":"50370","divipola_dpto":"50","municipio":"URIBE","departamento":"META","area_km2":6437.21},"geometry":{"type":"Polygon","coordinates":[[[-74.252,3.645],[-74.257,3.562],[-74.299,3.451],[-74.296,3.352],[-74.228,3.078],[-74.223,3.023],[-74.165,2.844],[-74.063,2.719],[-74.019,2.604],[-73.972,2.57],[-73.934,2.539],[-74.023,2.566],[-74.068,2.545],[-74.186,2.569],[-74.37,2.545],[-74.502,2.511],[-74.531,2.583],[-74.6,2.636],[-74.637,2.71],[-74.62,2.752],[-74.664,2.803],[-74.671,2.888],[-74.762,2.873],[-74.803,2.936],[-74.879,2.914],[-74.899,2.964],[-74.869,2.973],[-74.767,3.097],[-74.666,3.23],[-74.616,3.321],[-74.639,3.368],[-74.616,3.46],[-74.563,3.526],[-74.502,3.647],[-74.416,3.74],[-74.398,3.745],[-74.295,3.717],[-74.235,3.786],[-74.216,3.744],[-74.252,3.645]]]}},{"type":"Feature","properties":{"divipola_mpio":"50400","divipola_dpto":"50","municipio":"LEJANÍAS","departamento":"META","area_km2":815.43},"geometry":{"type":"Polygon","coordinates":[[[-74.043,3.714],[-74.025,3.634],[-73.955,3.553],[-73.881,3.508],[-73.867,3.447],[-73.989,3.5],[-74.052,3.455],[-74.125,3.473],[-74.135,3.558],[-74.211,3.53],[-74.252,3.645],[-74.216,3.744],[-74.235,3.786],[-74.091,3.78],[-74.043,3.714]]]}},{"type":"Feature","properties":{"divipola_mpio":"50450","divipola_dpto":"50","municipio":"PUERTO CONCORDIA","departamento":"META","area_km2":1242.94},"geometry":{"type":"Polygon","coordinates":[[[-72.436,2.74],[-72.486,2.685],[-72.563,2.682],[-72.6,2.615],[-72.7,2.62],[-72.736,2.571],[-72.816,2.615],[-72.922,2.56],[-72.941,2.524],[-72.82,2.796],[-72.891,2.889],[-72.845,2.907],[-72.814,2.988],[-72.708,2.93],[-72.665,2.854],[-72.607,2.829],[-72.503,2.741],[-72.436,2.74]]]}},{"type":"Feature","properties":{"divipola_mpio":"50573","divipola_dpto":"50","municipio":"PUERTO LÓPEZ","departamento":"META","area_km2":6913.35},"geometry":{"type":"Polygon","coordinates":[[[-72.073,4.392],[-72.125,4.393],[-72.16,4.343],[-72.201,4.165],[-72.198,4.111],[-72.125,4.044],[-72.201,3.952],[-72.293,3.805],[-72.295,3.756],[-72.461,3.72],[-72.607,3.749],[-72.737,3.719],[-72.793,3.675],[-72.972,3.656],[-73.163,3.73],[-73.186,3.792],[-73.116,3.847],[-73.1,3.93],[-73.175,3.935],[-73.175,4.04],[-73.261,4.129],[-73.11,4.165],[-73.044,4.177],[-72.945,4.152],[-72.874,4.209],[-72.847,4.261],[-72.739,4.309],[-72.617,4.31],[-72.554,4.336],[-72.405,4.318],[-72.304,4.407],[-72.258,4.418],[-72.158,4.442],[-72.073,4.392]]]}},{"type":"Feature","properties":{"divipola_mpio":"50577","divipola_dpto":"50","municipio":"PUERTO LLERAS","departamento":"META","area_km2":2535.77},"geometry":{"type":"Polygon","coordinates":[[[-72.878,3.264],[-72.912,3.137],[-72.901,2.971],[-72.96,3.015],[-73.05,3.019],[-73.138,3.092],[-73.256,3.026],[-73.36,2.949],[-73.421,2.927],[-73.437,3.034],[-73.518,3.092],[-73.475,3.123],[-73.462,3.158],[-73.547,3.231],[-73.555,3.269],[-73.498,3.325],[-73.424,3.346],[-73.375,3.481],[-73.279,3.469],[-73.222,3.386],[-72.99,3.246],[-72.878,3.264]]]}},{"type":"Feature","properties":{"divipola_mpio":"50590","divipola_dpto":"50","municipio":"PUERTO RICO","departamento":"META","area_km2":3428.13},"geometry":{"type":"Polygon","coordinates":[[[-72.901,2.971],[-72.891,2.889],[-72.82,2.796],[-72.941,2.524],[-73.012,2.434],[-73.07,2.425],[-73.187,2.457],[-73.334,2.536],[-73.354,2.609],[-73.351,2.741],[-73.477,2.814],[-73.509,2.889],[-73.421,2.927],[-73.36,2.949],[-73.256,3.026],[-73.138,3.092],[-73.05,3.019],[-72.96,3.015],[-72.901,2.971]]]}},{"type":"Feature","properties":{"divipola_mpio":"50606","divipola_dpto":"50","municipio":"RESTREPO","departamento":"META","area_km2":365.12},"geometry":{"type":"Polygon","coordinates":[[[-73.572,4.374],[-73.574,4.32],[-73.425,4.155],[-73.279,4.159],[-73.233,4.183],[-73.11,4.165],[-73.261,4.129],[-73.399,4.131],[-73.589,4.193],[-73.628,4.287],[-73.6,4.34],[-73.633,4.397],[-73.602,4.462],[-73.572,4.374]]]}},{"type":"Feature","properties":{"divipola_mpio":"50680","divipola_dpto":"50","municipio":"SAN CARLOS DE GUAROA","departamento":"META","area_km2":807.79},"geometry":{"type":"Polygon","coordinates":[[[-73.175,3.935],[-73.1,3.93],[-73.116,3.847],[-73.186,3.792],[-73.163,3.73],[-73.235,3.707],[-73.358,3.711],[-73.389,3.867],[-73.458,3.856],[-73.416,3.984],[-73.29,3.95],[-73.242,3.97],[-73.175,3.935]]]}},{"type":"Feature","properties":{"divipola_mpio":"50683","divipola_dpto":"50","municipio":"SAN JUAN DE ARAMA","departamento":"META","area_km2":1169.1},"geometry":{"type":"Polygon","coordinates":[[[-73.867,3.447],[-73.797,3.417],[-73.747,3.361],[-73.653,3.31],[-73.547,3.231],[-73.462,3.158],[-73.475,3.123],[-73.588,3.163],[-73.693,3.171],[-73.796,3.216],[-73.863,3.213],[-73.913,3.176],[-74.034,3.154],[-74.041,3.244],[-73.981,3.232],[-73.981,3.305],[-74.019,3.433],[-74.052,3.455],[-73.989,3.5],[-73.867,3.447]]]}},{"type":"Feature","properties":{"divipola_mpio":"50686","divipola_dpto":"50","municipio":"SAN JUANITO","departamento":"META","area_km2":237.35},"geometry":{"type":"Polygon","coordinates":[[[-73.568,4.525],[-73.602,4.462],[-73.633,4.397],[-73.737,4.416],[-73.746,4.455],[-73.668,4.54],[-73.642,4.547],[-73.568,4.525]]]}},{"type":"Feature","properties":{"divipola_mpio":"50689","divipola_dpto":"50","municipio":"SAN MARTÍN","departamento":"META","area_km2":5933.65},"geometry":{"type":"Polygon","coordinates":[[[-73.719,3.806],[-73.54,3.733],[-73.358,3.711],[-73.235,3.707],[-73.163,3.73],[-72.972,3.656],[-72.793,3.675],[-72.737,3.719],[-72.607,3.749],[-72.461,3.72],[-72.295,3.756],[-72.305,3.614],[-72.35,3.57],[-72.406,3.435],[-72.432,3.38],[-72.503,3.331],[-72.646,3.321],[-72.744,3.261],[-72.878,3.264],[-72.99,3.246],[-73.222,3.386],[-73.279,3.469],[-73.375,3.481],[-73.424,3.346],[-73.481,3.414],[-73.517,3.406],[-73.643,3.551],[-73.713,3.646],[-73.747,3.619],[-73.765,3.658],[-73.787,3.724],[-73.749,3.811],[-73.719,3.806]]]}},{"type":"Feature","properties":{"divipola_mpio":"50711","divipola_dpto":"50","municipio":"VISTAHERMOSA","departamento":"META","area_km2":4819.21},"geometry":{"type":"Polygon","coordinates":[[[-73.475,3.123],[-73.518,3.092],[-73.437,3.034],[-73.421,2.927],[-73.509,2.889],[-73.477,2.814],[-73.351,2.741],[-73.354,2.609],[-73.334,2.536],[-73.187,2.457],[-73.07,2.425],[-73.153,2.367],[-73.24,2.389],[-73.299,2.336],[-73.391,2.352],[-73.447,2.386],[-73.444,2.448],[-73.56,2.64],[-73.934,2.539],[-73.972,2.57],[-73.951,2.654],[-73.978,2.79],[-74.057,2.837],[-73.992,2.971],[-73.995,3.042],[-74.034,3.154],[-73.913,3.176],[-73.863,3.213],[-73.796,3.216],[-73.693,3.171],[-73.588,3.163],[-73.475,3.123]]]}},{"type":"Feature","properties":{"divipola_mpio":"50350","divipola_dpto":"50","municipio":"LA MACARENA","departamento":"META","area_km2":10839.33},"geometry":{"type":"Polygon","coordinates":[[[-73.447,2.386],[-73.514,2.35],[-73.632,2.353],[-73.661,2.294],[-73.661,2.062],[-73.66,1.612],[-73.739,1.638],[-73.858,1.608],[-73.911,1.637],[-73.994,1.639],[-74.105,1.691],[-74.207,1.716],[-74.322,1.788],[-74.47,1.807],[-74.563,1.848],[-74.561,1.963],[-74.644,2.095],[-74.594,2.135],[-74.65,2.243],[-74.743,2.27],[-74.742,2.324],[-74.672,2.449],[-74.681,2.554],[-74.6,2.636],[-74.531,2.583],[-74.502,2.511],[-74.37,2.545],[-74.186,2.569],[-74.068,2.545],[-74.023,2.566],[-73.934,2.539],[-73.56,2.64],[-73.444,2.448],[-73.447,2.386]]]}},{"type":"Feature","properties":{"divipola_mpio":"50325","divipola_dpto":"50","municipio":"MAPIRIPÁN","departamento":"META","area_km2":11949.03},"geometry":{"type":"Polygon","coordinates":[[[-71.078,3.356],[-71.077,2.883],[-71.278,2.868],[-71.329,2.892],[-71.389,2.845],[-71.469,2.894],[-71.652,2.821],[-71.742,2.884],[-71.858,2.843],[-72.046,2.818],[-72.113,2.875],[-72.204,2.859],[-72.252,2.823],[-72.436,2.74],[-72.503,2.741],[-72.607,2.829],[-72.665,2.854],[-72.708,2.93],[-72.814,2.988],[-72.845,2.907],[-72.891,2.889],[-72.901,2.971],[-72.912,3.137],[-72.878,3.264],[-72.744,3.261],[-72.646,3.321],[-72.503,3.331],[-72.432,3.38],[-72.406,3.435],[-72.357,3.37],[-72.24,3.37],[-72.193,3.277],[-71.895,3.407],[-71.825,3.391],[-71.65,3.486],[-71.523,3.451],[-71.445,3.48],[-71.321,3.475],[-71.179,3.447],[-71.132,3.381],[-71.078,3.356]]]}},{"type":"Feature","properties":{"divipola_mpio":"50568","divipola_dpto":"50","municipio":"PUERTO GAITÁN","departamento":"META","area_km2":17250.08},"geometry":{"type":"Polygon","coordinates":[[[-71.078,4.899],[-71.078,4.727],[-71.078,3.973],[-71.078,3.356],[-71.132,3.381],[-71.179,3.447],[-71.321,3.475],[-71.445,3.48],[-71.523,3.451],[-71.65,3.486],[-71.825,3.391],[-71.895,3.407],[-72.193,3.277],[-72.24,3.37],[-72.357,3.37],[-72.406,3.435],[-72.35,3.57],[-72.305,3.614],[-72.295,3.756],[-72.293,3.805],[-72.201,3.952],[-72.125,4.044],[-72.198,4.111],[-72.201,4.165],[-72.16,4.343],[-72.125,4.393],[-72.073,4.392],[-71.999,4.382],[-71.868,4.505],[-71.814,4.574],[-71.736,4.574],[-71.669,4.609],[-71.579,4.674],[-71.319,4.769],[-71.212,4.817],[-71.078,4.899]]]}},{"type":"Feature","properties":{"divipola_mpio":"41001","divipola_dpto":"41","municipio":"NEIVA","departamento":"HUILA","area_km2":1269.83},"geometry":{"type":"Polygon","coordinates":[[[-75.267,3.129],[-75.238,3.052],[-75.182,2.995],[-75.115,2.997],[-75.065,2.952],[-74.97,2.931],[-74.944,2.896],[-75.07,2.745],[-75.145,2.724],[-75.216,2.861],[-75.29,2.869],[-75.339,3.041],[-75.439,3.049],[-75.463,3.021],[-75.6,3.049],[-75.584,3.15],[-75.53,3.232],[-75.485,3.231],[-75.337,3.272],[-75.413,3.137],[-75.283,3.073],[-75.267,3.129]]]}},{"type":"Feature","properties":{"divipola_mpio":"41306","divipola_dpto":"41","municipio":"GIGANTE","departamento":"HUILA","area_km2":503.7},"geometry":{"type":"Polygon","coordinates":[[[-75.429,2.452],[-75.445,2.387],[-75.386,2.315],[-75.395,2.302],[-75.516,2.253],[-75.616,2.317],[-75.647,2.311],[-75.666,2.356],[-75.568,2.462],[-75.568,2.488],[-75.528,2.534],[-75.499,2.487],[-75.429,2.452]]]}},{"type":"Feature","properties":{"divipola_mpio":"41319","divipola_dpto":"41","municipio":"GUADALUPE","departamento":"HUILA","area_km2":249.61},"geometry":{"type":"Polygon","coordinates":[[[-75.588,2.014],[-75.659,1.892],[-75.688,1.881],[-75.789,1.991],[-75.708,2.089],[-75.588,2.014]]]}},{"type":"Feature","properties":{"divipola_mpio":"41349","divipola_dpto":"41","municipio":"HOBO","departamento":"HUILA","area_km2":194.23},"geometry":{"type":"Polygon","coordinates":[[[-75.436,2.678],[-75.437,2.625],[-75.379,2.509],[-75.429,2.452],[-75.499,2.487],[-75.528,2.534],[-75.436,2.678]]]}},{"type":"Feature","properties":{"divipola_mpio":"41357","divipola_dpto":"41","municipio":"ÍQUIRA","departamento":"HUILA","area_km2":356.52},"geometry":{"type":"Polygon","coordinates":[[[-75.588,2.684],[-75.584,2.549],[-75.641,2.544],[-75.645,2.635],[-75.731,2.666],[-75.761,2.681],[-75.748,2.719],[-75.811,2.787],[-75.639,2.79],[-75.588,2.684]]]}},{"type":"Feature","properties":{"divipola_mpio":"41359","divipola_dpto":"41","municipio":"ISNOS","departamento":"HUILA","area_km2":370.66},"geometry":{"type":"Polygon","coordinates":[[[-76.133,1.996],[-76.12,1.949],[-76.195,1.862],[-76.282,1.932],[-76.275,2.011],[-76.374,2.077],[-76.419,2.192],[-76.36,2.27],[-76.384,2.214],[-76.346,2.086],[-76.133,1.996]]]}},{"type":"Feature","properties":{"divipola_mpio":"41378","divipola_dpto":"41","municipio":"LA ARGENTINA","departamento":"HUILA","area_km2":356.42},"geometry":{"type":"Polygon","coordinates":[[[-76.209,2.198],[-76.124,2.18],[-75.993,2.202],[-75.889,2.26],[-75.914,2.206],[-76.007,2.114],[-76.058,2.091],[-76.15,2.118],[-76.2,2.135],[-76.342,2.238],[-76.36,2.27],[-76.275,2.27],[-76.209,2.198]]]}},{"type":"Feature","properties":{"divipola_mpio":"41396","divipola_dpto":"41","municipio":"LA PLATA","departamento":"HUILA","area_km2":814.65},"geometry":{"type":"Polygon","coordinates":[[[-75.963,2.498],[-75.91,2.446],[-75.841,2.459],[-75.828,2.353],[-75.887,2.31],[-75.889,2.26],[-75.993,2.202],[-76.124,2.18],[-76.209,2.198],[-76.122,2.224],[-76.146,2.294],[-76.127,2.381],[-75.963,2.498]]]}},{"type":"Feature","properties":{"divipola_mpio":"41483","divipola_dpto":"41","municipio":"NÁTAGA","departamento":"HUILA","area_km2":131.94},"geometry":{"type":"Polygon","coordinates":[[[-75.731,2.666],[-75.759,2.617],[-75.767,2.519],[-75.795,2.476],[-75.814,2.483],[-75.84,2.558],[-75.761,2.681],[-75.731,2.666]]]}},{"type":"Feature","properties":{"divipola_mpio":"41503","divipola_dpto":"41","municipio":"OPORAPA","departamento":"HUILA","area_km2":155.81},"geometry":{"type":"Polygon","coordinates":[[[-76.007,2.114],[-75.963,2.041],[-76.005,2.001],[-76.114,2.051],[-76.15,2.118],[-76.058,2.091],[-76.007,2.114]]]}},{"type":"Feature","properties":{"divipola_mpio":"41518","divipola_dpto":"41","municipio":"PAICOL","departamento":"HUILA","area_km2":278.31},"geometry":{"type":"Polygon","coordinates":[[[-75.795,2.476],[-75.675,2.46],[-75.609,2.434],[-75.568,2.462],[-75.666,2.356],[-75.786,2.362],[-75.783,2.326],[-75.828,2.353],[-75.841,2.459],[-75.814,2.483],[-75.795,2.476]]]}},{"type":"Feature","properties":{"divipola_mpio":"41524","divipola_dpto":"41","municipio":"PALERMO","departamento":"HUILA","area_km2":884.27},"geometry":{"type":"Polygon","coordinates":[[[-75.29,2.869],[-75.335,2.781],[-75.423,2.734],[-75.499,2.767],[-75.546,2.83],[-75.619,2.85],[-75.537,2.89],[-75.499,2.969],[-75.578,2.979],[-75.614,3.024],[-75.6,3.049],[-75.463,3.021],[-75.439,3.049],[-75.339,3.041],[-75.29,2.869]]]}},{"type":"Feature","properties":{"divipola_mpio":"41530","divipola_dpto":"41","municipio":"PALESTINA","departamento":"HUILA","area_km2":178.22},"geometry":{"type":"Polygon","coordinates":[[[-76.058,1.739],[-76.169,1.589],[-76.199,1.575],[-76.227,1.664],[-76.119,1.774],[-76.058,1.739]]]}},{"type":"Feature","properties":{"divipola_mpio":"41548","divipola_dpto":"41","municipio":"PITAL","departamento":"HUILA","area_km2":193.66},"geometry":{"type":"Polygon","coordinates":[[[-75.783,2.326],[-75.779,2.236],[-75.73,2.164],[-75.734,2.161],[-75.787,2.201],[-75.914,2.206],[-75.889,2.26],[-75.887,2.31],[-75.828,2.353],[-75.783,2.326]]]}},{"type":"Feature","properties":{"divipola_mpio":"41551","divipola_dpto":"41","municipio":"PITALITO","departamento":"HUILA","area_km2":630.67},"geometry":{"type":"Polygon","coordinates":[[[-76.025,1.977],[-75.987,1.954],[-75.963,1.854],[-76.058,1.739],[-76.119,1.774],[-76.227,1.664],[-76.316,1.684],[-76.239,1.768],[-76.195,1.862],[-76.12,1.949],[-76.133,1.996],[-76.025,1.977]]]}},{"type":"Feature","properties":{"divipola_mpio":"41615","divipola_dpto":"41","municipio":"RIVERA","departamento":"HUILA","area_km2":251.23},"geometry":{"type":"Polygon","coordinates":[[[-75.145,2.724],[-75.152,2.709],[-75.172,2.703],[-75.194,2.693],[-75.335,2.781],[-75.29,2.869],[-75.216,2.861],[-75.145,2.724]]]}},{"type":"Feature","properties":{"divipola_mpio":"41660","divipola_dpto":"41","municipio":"SALADOBLANCO","departamento":"HUILA","area_km2":466.64},"geometry":{"type":"Polygon","coordinates":[[[-76.15,2.118],[-76.114,2.051],[-76.005,2.001],[-76.025,1.977],[-76.133,1.996],[-76.346,2.086],[-76.384,2.214],[-76.36,2.27],[-76.342,2.238],[-76.2,2.135],[-76.15,2.118]]]}},{"type":"Feature","properties":{"divipola_mpio":"41668","divipola_dpto":"41","municipio":"SAN AGUSTÍN","departamento":"HUILA","area_km2":1390.43},"geometry":{"type":"Polygon","coordinates":[[[-76.195,1.862],[-76.239,1.768],[-76.316,1.684],[-76.434,1.791],[-76.591,1.869],[-76.624,1.975],[-76.581,2.029],[-76.589,2.108],[-76.554,2.139],[-76.425,2.129],[-76.419,2.192],[-76.374,2.077],[-76.275,2.011],[-76.282,1.932],[-76.195,1.862]]]}},{"type":"Feature","properties":{"divipola_mpio":"41676","divipola_dpto":"41","municipio":"SANTA MARÍA","departamento":"HUILA","area_km2":339.38},"geometry":{"type":"Polygon","coordinates":[[[-75.619,2.85],[-75.686,2.832],[-75.768,2.915],[-75.692,2.993],[-75.614,3.024],[-75.578,2.979],[-75.499,2.969],[-75.537,2.89],[-75.619,2.85]]]}},{"type":"Feature","properties":{"divipola_mpio":"41770","divipola_dpto":"41","municipio":"SUAZA","departamento":"HUILA","area_km2":429.67},"geometry":{"type":"Polygon","coordinates":[[[-75.821,1.998],[-75.789,1.991],[-75.688,1.881],[-75.735,1.787],[-75.786,1.763],[-75.838,1.74],[-75.883,1.851],[-75.95,1.856],[-75.821,1.998]]]}},{"type":"Feature","properties":{"divipola_mpio":"41791","divipola_dpto":"41","municipio":"TARQUI","departamento":"HUILA","area_km2":362.81},"geometry":{"type":"Polygon","coordinates":[[[-75.734,2.161],[-75.84,2.087],[-75.858,2.046],[-75.862,2.043],[-75.963,2.041],[-76.007,2.114],[-75.914,2.206],[-75.787,2.201],[-75.734,2.161]]]}},{"type":"Feature","properties":{"divipola_mpio":"41797","divipola_dpto":"41","municipio":"TESALIA","departamento":"HUILA","area_km2":367.03},"geometry":{"type":"Polygon","coordinates":[[[-75.584,2.549],[-75.568,2.488],[-75.568,2.462],[-75.609,2.434],[-75.675,2.46],[-75.795,2.476],[-75.767,2.519],[-75.759,2.617],[-75.731,2.666],[-75.645,2.635],[-75.641,2.544],[-75.584,2.549]]]}},{"type":"Feature","properties":{"divipola_mpio":"41799","divipola_dpto":"41","municipio":"TELLO","departamento":"HUILA","area_km2":530.4},"geometry":{"type":"Polygon","coordinates":[[[-75.163,3.135],[-75.111,3.076],[-74.989,3.07],[-74.934,3.039],[-74.905,2.958],[-74.944,2.896],[-74.97,2.931],[-75.065,2.952],[-75.115,2.997],[-75.182,2.995],[-75.238,3.052],[-75.267,3.129],[-75.266,3.139],[-75.23,3.168],[-75.163,3.135]]]}},{"type":"Feature","properties":{"divipola_mpio":"41801","divipola_dpto":"41","municipio":"TERUEL","departamento":"HUILA","area_km2":471.73},"geometry":{"type":"Polygon","coordinates":[[[-75.768,2.915],[-75.686,2.832],[-75.619,2.85],[-75.546,2.83],[-75.499,2.767],[-75.588,2.684],[-75.639,2.79],[-75.811,2.787],[-75.823,2.835],[-75.896,2.855],[-76.029,2.941],[-75.86,2.873],[-75.768,2.915]]]}},{"type":"Feature","properties":{"divipola_mpio":"41807","divipola_dpto":"41","municipio":"TIMANÁ","departamento":"HUILA","area_km2":185.73},"geometry":{"type":"Polygon","coordinates":[[[-75.821,1.998],[-75.95,1.856],[-75.963,1.854],[-75.987,1.954],[-75.862,2.043],[-75.858,2.046],[-75.821,1.998]]]}},{"type":"Feature","properties":{"divipola_mpio":"41872","divipola_dpto":"41","municipio":"VILLAVIEJA","departamento":"HUILA","area_km2":543.93},"geometry":{"type":"Polygon","coordinates":[[[-75.035,3.428],[-75.066,3.294],[-75.008,3.28],[-75.088,3.189],[-75.163,3.135],[-75.23,3.168],[-75.266,3.139],[-75.229,3.201],[-75.238,3.313],[-75.173,3.378],[-75.15,3.435],[-75.035,3.428]]]}},{"type":"Feature","properties":{"divipola_mpio":"41885","divipola_dpto":"41","municipio":"YAGUARÁ","departamento":"HUILA","area_km2":332.92},"geometry":{"type":"Polygon","coordinates":[[[-75.423,2.734],[-75.436,2.678],[-75.528,2.534],[-75.568,2.488],[-75.584,2.549],[-75.588,2.684],[-75.499,2.767],[-75.423,2.734]]]}},{"type":"Feature","properties":{"divipola_mpio":"41298","divipola_dpto":"41","municipio":"GARZÓN","departamento":"HUILA","area_km2":606.52},"geometry":{"type":"Polygon","coordinates":[[[-75.395,2.302],[-75.426,2.195],[-75.445,2.144],[-75.535,2.118],[-75.588,2.014],[-75.708,2.089],[-75.686,2.167],[-75.648,2.226],[-75.647,2.311],[-75.616,2.317],[-75.516,2.253],[-75.395,2.302]]]}},{"type":"Feature","properties":{"divipola_mpio":"41244","divipola_dpto":"41","municipio":"ELÍAS","departamento":"HUILA","area_km2":80.44},"geometry":{"type":"Polygon","coordinates":[[[-75.862,2.043],[-75.987,1.954],[-76.025,1.977],[-76.005,2.001],[-75.963,2.041],[-75.862,2.043]]]}},{"type":"Feature","properties":{"divipola_mpio":"41206","divipola_dpto":"41","municipio":"COLOMBIA","departamento":"HUILA","area_km2":1584.97},"geometry":{"type":"Polygon","coordinates":[[[-74.44,3.73],[-74.416,3.74],[-74.502,3.647],[-74.563,3.526],[-74.616,3.46],[-74.639,3.368],[-74.616,3.321],[-74.666,3.23],[-74.767,3.097],[-74.849,3.143],[-74.867,3.226],[-74.91,3.29],[-74.849,3.342],[-74.811,3.411],[-74.765,3.44],[-74.775,3.525],[-74.676,3.666],[-74.557,3.768],[-74.535,3.843],[-74.446,3.801],[-74.44,3.73]]]}},{"type":"Feature","properties":{"divipola_mpio":"41132","divipola_dpto":"41","municipio":"CAMPOALEGRE","departamento":"HUILA","area_km2":462.8},"geometry":{"type":"Polygon","coordinates":[[[-75.172,2.703],[-75.379,2.509],[-75.437,2.625],[-75.436,2.678],[-75.423,2.734],[-75.335,2.781],[-75.194,2.693],[-75.172,2.703]]]}},{"type":"Feature","properties":{"divipola_mpio":"41078","divipola_dpto":"41","municipio":"BARAYA","departamento":"HUILA","area_km2":786.0},"geometry":{"type":"Polygon","coordinates":[[[-74.91,3.29],[-74.867,3.226],[-74.849,3.143],[-74.767,3.097],[-74.869,2.973],[-74.899,2.964],[-74.905,2.958],[-74.934,3.039],[-74.989,3.07],[-75.111,3.076],[-75.163,3.135],[-75.088,3.189],[-75.008,3.28],[-74.91,3.29]]]}},{"type":"Feature","properties":{"divipola_mpio":"41026","divipola_dpto":"41","municipio":"ALTAMIRA","departamento":"HUILA","area_km2":180.98},"geometry":{"type":"Polygon","coordinates":[[[-75.686,2.167],[-75.708,2.089],[-75.789,1.991],[-75.821,1.998],[-75.858,2.046],[-75.84,2.087],[-75.734,2.161],[-75.73,2.164],[-75.686,2.167]]]}},{"type":"Feature","properties":{"divipola_mpio":"41020","divipola_dpto":"41","municipio":"ALGECIRAS","departamento":"HUILA","area_km2":589.69},"geometry":{"type":"Polygon","coordinates":[[[-75.134,2.599],[-75.195,2.512],[-75.349,2.324],[-75.386,2.315],[-75.445,2.387],[-75.429,2.452],[-75.379,2.509],[-75.172,2.703],[-75.152,2.709],[-75.134,2.599]]]}},{"type":"Feature","properties":{"divipola_mpio":"41016","divipola_dpto":"41","municipio":"AIPE","departamento":"HUILA","area_km2":795.63},"geometry":{"type":"Polygon","coordinates":[[[-75.268,3.382],[-75.227,3.416],[-75.173,3.378],[-75.238,3.313],[-75.229,3.201],[-75.266,3.139],[-75.267,3.129],[-75.283,3.073],[-75.413,3.137],[-75.337,3.272],[-75.485,3.231],[-75.53,3.232],[-75.584,3.15],[-75.577,3.221],[-75.479,3.361],[-75.426,3.352],[-75.366,3.407],[-75.268,3.382]]]}},{"type":"Feature","properties":{"divipola_mpio":"41013","divipola_dpto":"41","municipio":"AGRADO","departamento":"HUILA","area_km2":273.73},"geometry":{"type":"Polygon","coordinates":[[[-75.666,2.356],[-75.647,2.311],[-75.648,2.226],[-75.686,2.167],[-75.73,2.164],[-75.779,2.236],[-75.783,2.326],[-75.786,2.362],[-75.666,2.356]]]}},{"type":"Feature","properties":{"divipola_mpio":"41006","divipola_dpto":"41","municipio":"ACEVEDO","departamento":"HUILA","area_km2":540.52},"geometry":{"type":"Polygon","coordinates":[[[-75.838,1.74],[-75.904,1.716],[-75.983,1.622],[-76.1,1.564],[-76.169,1.589],[-76.058,1.739],[-75.963,1.854],[-75.95,1.856],[-75.883,1.851],[-75.838,1.74]]]}},{"type":"Feature","properties":{"divipola_mpio":"68013","divipola_dpto":"68","municipio":"AGUADA","departamento":"SANTANDER","area_km2":75.23},"geometry":{"type":"Polygon","coordinates":[[[-73.481,6.186],[-73.481,6.163],[-73.542,6.11],[-73.577,6.254],[-73.481,6.186]]]}},{"type":"Feature","properties":{"divipola_mpio":"68020","divipola_dpto":"68","municipio":"ALBANIA","departamento":"SANTANDER","area_km2":166.22},"geometry":{"type":"Polygon","coordinates":[[[-73.763,5.773],[-73.795,5.73],[-73.88,5.707],[-73.9,5.737],[-73.962,5.74],[-73.896,5.783],[-73.826,5.79],[-73.744,5.871],[-73.763,5.773]]]}},{"type":"Feature","properties":{"divipola_mpio":"68051","divipola_dpto":"68","municipio":"ARATOCA","departamento":"SANTANDER","area_km2":169.79},"geometry":{"type":"Polygon","coordinates":[[[-72.939,6.69],[-73.0,6.647],[-73.081,6.686],[-73.067,6.737],[-73.004,6.824],[-72.983,6.792],[-72.939,6.69]]]}},{"type":"Feature","properties":{"divipola_mpio":"68077","divipola_dpto":"68","municipio":"BARBOSA","departamento":"SANTANDER","area_km2":46.66},"geometry":{"type":"Polygon","coordinates":[[[-73.588,5.997],[-73.594,5.959],[-73.635,5.911],[-73.664,5.928],[-73.619,5.992],[-73.588,5.997]]]}},{"type":"Feature","properties":{"divipola_mpio":"68079","divipola_dpto":"68","municipio":"BARICHARA","departamento":"SANTANDER","area_km2":137.28},"geometry":{"type":"Polygon","coordinates":[[[-73.154,6.6],[-73.212,6.559],[-73.264,6.629],[-73.258,6.695],[-73.224,6.734],[-73.18,6.708],[-73.193,6.647],[-73.154,6.6]]]}},{"type":"Feature","properties":{"divipola_mpio":"68081","divipola_dpto":"68","municipio":"BARRANCABERMEJA","departamento":"SANTANDER","area_km2":1326.84},"geometry":{"type":"Polygon","coordinates":[[[-73.568,7.184],[-73.551,7.164],[-73.54,7.154],[-73.703,6.946],[-73.749,6.86],[-73.812,6.89],[-73.949,6.889],[-74.094,6.804],[-74.011,6.913],[-73.897,6.986],[-73.888,7.071],[-73.929,7.115],[-73.923,7.213],[-73.886,7.19],[-73.818,7.234],[-73.72,7.254],[-73.568,7.184]]]}},{"type":"Feature","properties":{"divipola_mpio":"68092","divipola_dpto":"68","municipio":"BETULIA","departamento":"SANTANDER","area_km2":431.25},"geometry":{"type":"Polygon","coordinates":[[[-73.217,6.926],[-73.263,6.858],[-73.318,6.881],[-73.383,6.999],[-73.453,6.96],[-73.498,6.986],[-73.54,7.154],[-73.451,7.139],[-73.378,7.067],[-73.298,7.02],[-73.217,6.926]]]}},{"type":"Feature","properties":{"divipola_mpio":"68121","divipola_dpto":"68","municipio":"CABRERA","departamento":"SANTANDER","area_km2":65.57},"geometry":{"type":"Polygon","coordinates":[[[-73.212,6.559],[-73.205,6.543],[-73.225,6.527],[-73.272,6.51],[-73.283,6.565],[-73.264,6.629],[-73.212,6.559]]]}},{"type":"Feature","properties":{"divipola_mpio":"68132","divipola_dpto":"68","municipio":"CALIFORNIA","departamento":"SANTANDER","area_km2":45.01},"geometry":{"type":"Polygon","coordinates":[[[-72.865,7.377],[-72.923,7.293],[-72.95,7.348],[-72.865,7.377]]]}},{"type":"Feature","properties":{"divipola_mpio":"68147","divipola_dpto":"68","municipio":"CAPITANEJO","departamento":"SANTANDER","area_km2":85.28},"geometry":{"type":"Polygon","coordinates":[[[-72.638,6.508],[-72.649,6.436],[-72.661,6.444],[-72.679,6.483],[-72.743,6.566],[-72.723,6.579],[-72.703,6.595],[-72.638,6.508]]]}},{"type":"Feature","properties":{"divipola_mpio":"68152","divipola_dpto":"68","municipio":"CARCASÍ","departamento":"SANTANDER","area_km2":258.95},"geometry":{"type":"Polygon","coordinates":[[[-72.499,6.729],[-72.486,6.657],[-72.542,6.584],[-72.6,6.559],[-72.667,6.617],[-72.624,6.701],[-72.59,6.746],[-72.499,6.729]]]}},{"type":"Feature","properties":{"divipola_mpio":"68160","divipola_dpto":"68","municipio":"CEPITÁ","departamento":"SANTANDER","area_km2":107.97},"geometry":{"type":"Polygon","coordinates":[[[-72.909,6.683],[-72.908,6.677],[-72.939,6.69],[-72.983,6.792],[-72.938,6.807],[-72.885,6.814],[-72.88,6.717],[-72.909,6.683]]]}},{"type":"Feature","properties":{"divipola_mpio":"68162","divipola_dpto":"68","municipio":"CERRITO","departamento":"SANTANDER","area_km2":421.08},"geometry":{"type":"Polygon","coordinates":[[[-72.547,6.886],[-72.584,6.798],[-72.758,6.827],[-72.747,6.958],[-72.734,6.986],[-72.722,7.005],[-72.553,6.985],[-72.547,6.886]]]}},{"type":"Feature","properties":{"divipola_mpio":"68167","divipola_dpto":"68","municipio":"CHARALÁ","departamento":"SANTANDER","area_km2":419.23},"geometry":{"type":"Polygon","coordinates":[[[-73.001,6.358],[-73.042,6.334],[-73.11,6.215],[-73.136,6.207],[-73.173,6.121],[-73.14,5.999],[-73.082,5.978],[-73.175,5.995],[-73.24,6.054],[-73.238,6.127],[-73.201,6.276],[-73.23,6.307],[-73.205,6.33],[-73.159,6.356],[-73.119,6.289],[-73.07,6.383],[-73.001,6.358]]]}},{"type":"Feature","properties":{"divipola_mpio":"68169","divipola_dpto":"68","municipio":"CHARTA","departamento":"SANTANDER","area_km2":126.71},"geometry":{"type":"Polygon","coordinates":[[[-72.923,7.293],[-72.881,7.257],[-73.005,7.242],[-73.056,7.185],[-73.071,7.2],[-73.047,7.279],[-72.978,7.315],[-72.923,7.293]]]}},{"type":"Feature","properties":{"divipola_mpio":"68176","divipola_dpto":"68","municipio":"CHIMA","departamento":"SANTANDER","area_km2":173.22},"geometry":{"type":"Polygon","coordinates":[[[-73.321,6.4],[-73.332,6.37],[-73.378,6.311],[-73.408,6.311],[-73.464,6.316],[-73.476,6.375],[-73.465,6.455],[-73.438,6.411],[-73.321,6.4]]]}},{"type":"Feature","properties":{"divipola_mpio":"68179","divipola_dpto":"68","municipio":"CHIPATÁ","departamento":"SANTANDER","area_km2":94.94},"geometry":{"type":"Polygon","coordinates":[[[-73.579,6.087],[-73.579,6.08],[-73.596,6.02],[-73.694,6.041],[-73.637,6.131],[-73.579,6.087]]]}},{"type":"Feature","properties":{"divipola_mpio":"68190","divipola_dpto":"68","municipio":"CIMITARRA","departamento":"SANTANDER","area_km2":3174.29},"geometry":{"type":"Polygon","coordinates":[[[-73.87,6.513],[-73.807,6.461],[-73.858,6.331],[-73.986,6.223],[-74.101,6.222],[-74.139,6.237],[-74.211,6.167],[-74.211,6.07],[-74.301,6.111],[-74.405,6.129],[-74.41,6.219],[-74.508,6.286],[-74.451,6.332],[-74.397,6.452],[-74.409,6.586],[-74.36,6.632],[-74.256,6.675],[-74.232,6.71],[-74.109,6.777],[-74.064,6.6],[-73.956,6.577],[-73.87,6.513]]]}},{"type":"Feature","properties":{"divipola_mpio":"68207","divipola_dpto":"68","municipio":"CONCEPCIÓN","departamento":"SANTANDER","area_km2":337.12},"geometry":{"type":"Polygon","coordinates":[[[-72.477,6.843],[-72.499,6.729],[-72.59,6.746],[-72.624,6.701],[-72.708,6.717],[-72.754,6.783],[-72.758,6.827],[-72.584,6.798],[-72.547,6.886],[-72.503,6.908],[-72.477,6.843]]]}},{"type":"Feature","properties":{"divipola_mpio":"68209","divipola_dpto":"68","municipio":"CONFINES","departamento":"SANTANDER","area_km2":71.42},"geometry":{"type":"Polygon","coordinates":[[[-73.209,6.406],[-73.205,6.33],[-73.23,6.307],[-73.278,6.334],[-73.305,6.348],[-73.227,6.409],[-73.209,6.406]]]}},{"type":"Feature","properties":{"divipola_mpio":"68615","divipola_dpto":"68","municipio":"RIONEGRO","departamento":"SANTANDER","area_km2":1168.43},"geometry":{"type":"Polygon","coordinates":[[[-73.37,7.564],[-73.282,7.548],[-73.326,7.498],[-73.306,7.441],[-73.078,7.457],[-73.119,7.326],[-73.082,7.267],[-73.158,7.216],[-73.164,7.211],[-73.227,7.223],[-73.274,7.3],[-73.329,7.335],[-73.348,7.418],[-73.397,7.403],[-73.477,7.502],[-73.526,7.519],[-73.567,7.589],[-73.64,7.609],[-73.695,7.673],[-73.76,7.695],[-73.753,7.751],[-73.633,7.749],[-73.463,7.575],[-73.37,7.564]]]}},{"type":"Feature","properties":{"divipola_mpio":"68655","divipola_dpto":"68","municipio":"SABANA DE TORRES","departamento":"SANTANDER","area_km2":1402.87},"geometry":{"type":"Polygon","coordinates":[[[-73.397,7.403],[-73.355,7.285],[-73.437,7.181],[-73.551,7.164],[-73.568,7.184],[-73.575,7.273],[-73.648,7.342],[-73.776,7.423],[-73.775,7.529],[-73.725,7.588],[-73.765,7.638],[-73.76,7.695],[-73.695,7.673],[-73.64,7.609],[-73.567,7.589],[-73.526,7.519],[-73.477,7.502],[-73.397,7.403]]]}},{"type":"Feature","properties":{"divipola_mpio":"68669","divipola_dpto":"68","municipio":"SAN ANDRÉS","departamento":"SANTANDER","area_km2":281.56},"geometry":{"type":"Polygon","coordinates":[[[-72.758,6.827],[-72.754,6.783],[-72.775,6.725],[-72.909,6.683],[-72.88,6.717],[-72.885,6.814],[-72.826,6.88],[-72.761,6.905],[-72.747,6.958],[-72.758,6.827]]]}},{"type":"Feature","properties":{"divipola_mpio":"68673","divipola_dpto":"68","municipio":"SAN BENITO","departamento":"SANTANDER","area_km2":59.11},"geometry":{"type":"Polygon","coordinates":[[[-73.481,6.163],[-73.474,6.156],[-73.497,6.108],[-73.531,6.049],[-73.537,6.042],[-73.579,6.08],[-73.579,6.087],[-73.542,6.11],[-73.481,6.163]]]}},{"type":"Feature","properties":{"divipola_mpio":"68679","divipola_dpto":"68","municipio":"SAN GIL","departamento":"SANTANDER","area_km2":146.88},"geometry":{"type":"Polygon","coordinates":[[[-73.11,6.649],[-73.111,6.585],[-73.029,6.538],[-73.075,6.482],[-73.115,6.482],[-73.148,6.494],[-73.205,6.543],[-73.212,6.559],[-73.154,6.6],[-73.11,6.649]]]}},{"type":"Feature","properties":{"divipola_mpio":"68682","divipola_dpto":"68","municipio":"SAN JOAQUÍN","departamento":"SANTANDER","area_km2":143.13},"geometry":{"type":"Polygon","coordinates":[[[-72.819,6.544],[-72.818,6.4],[-72.909,6.374],[-72.912,6.379],[-72.879,6.498],[-72.834,6.567],[-72.819,6.544]]]}},{"type":"Feature","properties":{"divipola_mpio":"68684","divipola_dpto":"68","municipio":"SAN JOSÉ DE MIRANDA","departamento":"SANTANDER","area_km2":75.3},"geometry":{"type":"Polygon","coordinates":[[[-72.708,6.674],[-72.723,6.579],[-72.743,6.566],[-72.77,6.58],[-72.77,6.683],[-72.708,6.674]]]}},{"type":"Feature","properties":{"divipola_mpio":"68686","divipola_dpto":"68","municipio":"SAN MIGUEL","departamento":"SANTANDER","area_km2":71.21},"geometry":{"type":"Polygon","coordinates":[[[-72.6,6.559],[-72.638,6.508],[-72.703,6.595],[-72.667,6.617],[-72.6,6.559]]]}},{"type":"Feature","properties":{"divipola_mpio":"68689","divipola_dpto":"68","municipio":"SAN VICENTE DE CHUCURÍ","departamento":"SANTANDER","area_km2":1116.36},"geometry":{"type":"Polygon","coordinates":[[[-73.453,6.96],[-73.359,6.944],[-73.333,6.889],[-73.36,6.783],[-73.383,6.701],[-73.546,6.81],[-73.639,6.833],[-73.635,6.772],[-73.731,6.763],[-73.749,6.86],[-73.703,6.946],[-73.54,7.154],[-73.498,6.986],[-73.453,6.96]]]}},{"type":"Feature","properties":{"divipola_mpio":"68705","divipola_dpto":"68","municipio":"SANTA BÁRBARA","departamento":"SANTANDER","area_km2":221.22},"geometry":{"type":"Polygon","coordinates":[[[-72.819,7.072],[-72.847,7.042],[-72.87,6.929],[-72.918,6.848],[-72.99,6.937],[-72.921,6.995],[-72.911,7.082],[-72.848,7.138],[-72.819,7.072]]]}},{"type":"Feature","properties":{"divipola_mpio":"68720","divipola_dpto":"68","municipio":"SANTA HELENA DEL OPÓN","departamento":"SANTANDER","area_km2":373.86},"geometry":{"type":"Polygon","coordinates":[[[-73.465,6.455],[-73.476,6.375],[-73.552,6.306],[-73.6,6.321],[-73.637,6.291],[-73.668,6.384],[-73.643,6.447],[-73.676,6.481],[-73.624,6.525],[-73.465,6.455]]]}},{"type":"Feature","properties":{"divipola_mpio":"68745","divipola_dpto":"68","municipio":"SIMACOTA","departamento":"SANTANDER","area_km2":904.71},"geometry":{"type":"Polygon","coordinates":[[[-73.749,6.86],[-73.731,6.763],[-73.735,6.617],[-73.677,6.551],[-73.438,6.525],[-73.4,6.534],[-73.306,6.491],[-73.293,6.484],[-73.316,6.416],[-73.321,6.4],[-73.438,6.411],[-73.465,6.455],[-73.624,6.525],[-73.676,6.481],[-73.761,6.553],[-73.835,6.637],[-73.863,6.703],[-73.96,6.805],[-73.949,6.889],[-73.812,6.89],[-73.749,6.86]]]}},{"type":"Feature","properties":{"divipola_mpio":"68755","divipola_dpto":"68","municipio":"SOCORRO","departamento":"SANTANDER","area_km2":127.83},"geometry":{"type":"Polygon","coordinates":[[[-73.175,6.465],[-73.209,6.406],[-73.227,6.409],[-73.316,6.416],[-73.293,6.484],[-73.272,6.51],[-73.225,6.527],[-73.175,6.465]]]}},{"type":"Feature","properties":{"divipola_mpio":"68770","divipola_dpto":"68","municipio":"SUAITA","departamento":"SANTANDER","area_km2":285.2},"geometry":{"type":"Polygon","coordinates":[[[-73.361,6.178],[-73.3,6.135],[-73.238,6.127],[-73.24,6.054],[-73.32,6.082],[-73.404,6.056],[-73.454,6.079],[-73.497,6.108],[-73.474,6.156],[-73.361,6.178]]]}},{"type":"Feature","properties":{"divipola_mpio":"68773","divipola_dpto":"68","municipio":"SUCRE","departamento":"SANTANDER","area_km2":522.54},"geometry":{"type":"Polygon","coordinates":[[[-74.077,6.155],[-74.034,6.049],[-73.946,6.07],[-73.851,6.015],[-73.858,5.985],[-73.768,5.938],[-73.758,5.904],[-73.842,5.847],[-73.924,5.868],[-73.919,5.92],[-74.058,5.932],[-74.128,6.033],[-74.077,6.155]]]}},{"type":"Feature","properties":{"divipola_mpio":"68780","divipola_dpto":"68","municipio":"SURATÁ","departamento":"SANTANDER","area_km2":363.01},"geometry":{"type":"Polygon","coordinates":[[[-72.983,7.62],[-72.978,7.529],[-72.896,7.467],[-72.863,7.383],[-72.865,7.377],[-72.95,7.348],[-72.923,7.293],[-72.978,7.315],[-72.999,7.418],[-73.045,7.459],[-73.088,7.528],[-73.049,7.606],[-72.983,7.62]]]}},{"type":"Feature","properties":{"divipola_mpio":"68820","divipola_dpto":"68","municipio":"TONA","departamento":"SANTANDER","area_km2":330.73},"geometry":{"type":"Polygon","coordinates":[[[-72.848,7.138],[-72.911,7.082],[-73.005,7.099],[-73.047,7.139],[-73.056,7.185],[-73.005,7.242],[-72.881,7.257],[-72.876,7.264],[-72.841,7.195],[-72.848,7.138]]]}},{"type":"Feature","properties":{"divipola_mpio":"68855","divipola_dpto":"68","municipio":"VALLE DE SAN JOSÉ","departamento":"SANTANDER","area_km2":81.11},"geometry":{"type":"Polygon","coordinates":[[[-73.075,6.482],[-73.072,6.39],[-73.162,6.403],[-73.115,6.482],[-73.075,6.482]]]}},{"type":"Feature","properties":{"divipola_mpio":"68861","divipola_dpto":"68","municipio":"VÉLEZ","departamento":"SANTANDER","area_km2":447.68},"geometry":{"type":"Polygon","coordinates":[[[-73.761,6.553],[-73.676,6.481],[-73.643,6.447],[-73.668,6.384],[-73.72,6.295],[-73.682,6.253],[-73.686,6.172],[-73.637,6.131],[-73.694,6.041],[-73.596,6.02],[-73.619,5.992],[-73.664,5.928],[-73.752,6.001],[-73.728,6.146],[-73.769,6.194],[-73.726,6.24],[-73.743,6.317],[-73.684,6.414],[-73.785,6.504],[-73.781,6.553],[-73.761,6.553]]]}},{"type":"Feature","properties":{"divipola_mpio":"68867","divipola_dpto":"68","municipio":"VETAS","departamento":"SANTANDER","area_km2":92.42},"geometry":{"type":"Polygon","coordinates":[[[-72.838,7.36],[-72.834,7.304],[-72.876,7.264],[-72.881,7.257],[-72.923,7.293],[-72.865,7.377],[-72.863,7.383],[-72.838,7.36]]]}},{"type":"Feature","properties":{"divipola_mpio":"68872","divipola_dpto":"68","municipio":"VILLANUEVA","departamento":"SANTANDER","area_km2":97.61},"geometry":{"type":"Polygon","coordinates":[[[-73.198,6.768],[-73.146,6.73],[-73.118,6.686],[-73.11,6.649],[-73.154,6.6],[-73.193,6.647],[-73.18,6.708],[-73.224,6.734],[-73.198,6.768]]]}},{"type":"Feature","properties":{"divipola_mpio":"68895","divipola_dpto":"68","municipio":"ZAPATOCA","departamento":"SANTANDER","area_km2":364.42},"geometry":{"type":"Polygon","coordinates":[[[-73.217,6.926],[-73.176,6.885],[-73.198,6.768],[-73.224,6.734],[-73.258,6.695],[-73.36,6.783],[-73.333,6.889],[-73.359,6.944],[-73.453,6.96],[-73.383,6.999],[-73.318,6.881],[-73.263,6.858],[-73.217,6.926]]]}},{"type":"Feature","properties":{"divipola_mpio":"68370","divipola_dpto":"68","municipio":"JORDÁN","departamento":"SANTANDER","area_km2":39.9},"geometry":{"type":"Polygon","coordinates":[[[-73.081,6.686],[-73.118,6.686],[-73.146,6.73],[-73.067,6.737],[-73.081,6.686]]]}},{"type":"Feature","properties":{"divipola_mpio":"68377","divipola_dpto":"68","municipio":"LA BELLEZA","departamento":"SANTANDER","area_km2":335.2},"geometry":{"type":"Polygon","coordinates":[[[-73.924,5.868],[-73.915,5.842],[-73.997,5.823],[-74.079,5.832],[-74.107,5.878],[-74.18,5.911],[-74.128,6.033],[-74.058,5.932],[-73.919,5.92],[-73.924,5.868]]]}},{"type":"Feature","properties":{"divipola_mpio":"68385","divipola_dpto":"68","municipio":"LANDÁZURI","departamento":"SANTANDER","area_km2":590.22},"geometry":{"type":"Polygon","coordinates":[[[-73.781,6.553],[-73.785,6.504],[-73.684,6.414],[-73.743,6.317],[-73.726,6.24],[-73.769,6.194],[-73.846,6.18],[-73.907,6.225],[-73.977,6.224],[-74.061,6.185],[-74.101,6.222],[-73.986,6.223],[-73.858,6.331],[-73.807,6.461],[-73.87,6.513],[-73.781,6.553]]]}},{"type":"Feature","properties":{"divipola_mpio":"68397","divipola_dpto":"68","municipio":"LA PAZ","departamento":"SANTANDER","area_km2":284.35},"geometry":{"type":"Polygon","coordinates":[[[-73.637,6.291],[-73.577,6.254],[-73.542,6.11],[-73.579,6.087],[-73.637,6.131],[-73.686,6.172],[-73.682,6.253],[-73.72,6.295],[-73.668,6.384],[-73.637,6.291]]]}},{"type":"Feature","properties":{"divipola_mpio":"68406","divipola_dpto":"68","municipio":"LEBRIJA","departamento":"SANTANDER","area_km2":550.43},"geometry":{"type":"Polygon","coordinates":[[[-73.164,7.211],[-73.164,7.151],[-73.207,7.043],[-73.261,7.053],[-73.306,7.122],[-73.418,7.15],[-73.437,7.181],[-73.355,7.285],[-73.397,7.403],[-73.348,7.418],[-73.329,7.335],[-73.274,7.3],[-73.227,7.223],[-73.164,7.211]]]}},{"type":"Feature","properties":{"divipola_mpio":"68418","divipola_dpto":"68","municipio":"LOS SANTOS","departamento":"SANTANDER","area_km2":290.13},"geometry":{"type":"Polygon","coordinates":[[[-73.105,6.911],[-73.004,6.824],[-73.067,6.737],[-73.146,6.73],[-73.198,6.768],[-73.176,6.885],[-73.105,6.911]]]}},{"type":"Feature","properties":{"divipola_mpio":"68425","divipola_dpto":"68","municipio":"MACARAVITA","departamento":"SANTANDER","area_km2":102.92},"geometry":{"type":"Polygon","coordinates":[[[-72.542,6.584],[-72.535,6.496],[-72.54,6.488],[-72.548,6.487],[-72.623,6.441],[-72.649,6.436],[-72.638,6.508],[-72.6,6.559],[-72.542,6.584]]]}},{"type":"Feature","properties":{"divipola_mpio":"68432","divipola_dpto":"68","municipio":"MÁLAGA","departamento":"SANTANDER","area_km2":57.18},"geometry":{"type":"Polygon","coordinates":[[[-72.708,6.717],[-72.708,6.674],[-72.77,6.683],[-72.775,6.725],[-72.754,6.783],[-72.708,6.717]]]}},{"type":"Feature","properties":{"divipola_mpio":"68444","divipola_dpto":"68","municipio":"MATANZA","departamento":"SANTANDER","area_km2":235.75},"geometry":{"type":"Polygon","coordinates":[[[-73.045,7.459],[-72.999,7.418],[-72.978,7.315],[-73.047,7.279],[-73.071,7.2],[-73.082,7.267],[-73.119,7.326],[-73.078,7.457],[-73.045,7.459]]]}},{"type":"Feature","properties":{"divipola_mpio":"68464","divipola_dpto":"68","municipio":"MOGOTES","departamento":"SANTANDER","area_km2":483.97},"geometry":{"type":"Polygon","coordinates":[[[-72.873,6.631],[-72.834,6.567],[-72.879,6.498],[-72.912,6.379],[-73.001,6.358],[-73.07,6.383],[-73.072,6.39],[-73.075,6.482],[-73.029,6.538],[-72.917,6.649],[-72.873,6.631]]]}},{"type":"Feature","properties":{"divipola_mpio":"68468","divipola_dpto":"68","municipio":"MOLAGAVITA","departamento":"SANTANDER","area_km2":180.47},"geometry":{"type":"Polygon","coordinates":[[[-72.77,6.683],[-72.77,6.58],[-72.812,6.543],[-72.819,6.544],[-72.834,6.567],[-72.873,6.631],[-72.908,6.677],[-72.909,6.683],[-72.775,6.725],[-72.77,6.683]]]}},{"type":"Feature","properties":{"divipola_mpio":"68498","divipola_dpto":"68","municipio":"OCAMONTE","departamento":"SANTANDER","area_km2":75.22},"geometry":{"type":"Polygon","coordinates":[[[-73.072,6.39],[-73.07,6.383],[-73.119,6.289],[-73.159,6.356],[-73.162,6.403],[-73.072,6.39]]]}},{"type":"Feature","properties":{"divipola_mpio":"68500","divipola_dpto":"68","municipio":"OIBA","departamento":"SANTANDER","area_km2":286.07},"geometry":{"type":"Polygon","coordinates":[[[-73.278,6.334],[-73.23,6.307],[-73.201,6.276],[-73.238,6.127],[-73.3,6.135],[-73.361,6.178],[-73.36,6.276],[-73.278,6.334]]]}},{"type":"Feature","properties":{"divipola_mpio":"68502","divipola_dpto":"68","municipio":"ONZAGA","departamento":"SANTANDER","area_km2":489.23},"geometry":{"type":"Polygon","coordinates":[[[-72.812,6.543],[-72.736,6.491],[-72.738,6.44],[-72.726,6.372],[-72.745,6.275],[-72.825,6.158],[-72.829,6.152],[-72.868,6.145],[-72.876,6.271],[-72.909,6.374],[-72.818,6.4],[-72.819,6.544],[-72.812,6.543]]]}},{"type":"Feature","properties":{"divipola_mpio":"68522","divipola_dpto":"68","municipio":"PALMAR","departamento":"SANTANDER","area_km2":19.69},"geometry":{"type":"Polygon","coordinates":[[[-73.283,6.565],[-73.272,6.51],[-73.293,6.484],[-73.306,6.491],[-73.304,6.566],[-73.283,6.565]]]}},{"type":"Feature","properties":{"divipola_mpio":"68524","divipola_dpto":"68","municipio":"PALMAS DEL SOCORRO","departamento":"SANTANDER","area_km2":58.54},"geometry":{"type":"Polygon","coordinates":[[[-73.227,6.409],[-73.305,6.348],[-73.332,6.37],[-73.321,6.4],[-73.316,6.416],[-73.227,6.409]]]}},{"type":"Feature","properties":{"divipola_mpio":"68533","divipola_dpto":"68","municipio":"PÁRAMO","departamento":"SANTANDER","area_km2":72.98},"geometry":{"type":"Polygon","coordinates":[[[-73.115,6.482],[-73.162,6.403],[-73.159,6.356],[-73.205,6.33],[-73.209,6.406],[-73.175,6.465],[-73.148,6.494],[-73.115,6.482]]]}},{"type":"Feature","properties":{"divipola_mpio":"68549","divipola_dpto":"68","municipio":"PINCHOTE","departamento":"SANTANDER","area_km2":55.54},"geometry":{"type":"Polygon","coordinates":[[[-73.148,6.494],[-73.175,6.465],[-73.225,6.527],[-73.205,6.543],[-73.148,6.494]]]}},{"type":"Feature","properties":{"divipola_mpio":"68572","divipola_dpto":"68","municipio":"PUENTE NACIONAL","departamento":"SANTANDER","area_km2":251.68},"geometry":{"type":"Polygon","coordinates":[[[-73.635,5.911],[-73.6,5.87],[-73.626,5.778],[-73.651,5.712],[-73.711,5.777],[-73.763,5.773],[-73.744,5.871],[-73.75,5.893],[-73.664,5.928],[-73.635,5.911]]]}},{"type":"Feature","properties":{"divipola_mpio":"68573","divipola_dpto":"68","municipio":"PUERTO PARRA","departamento":"SANTANDER","area_km2":762.34},"geometry":{"type":"Polygon","coordinates":[[[-73.761,6.553],[-73.781,6.553],[-73.87,6.513],[-73.956,6.577],[-74.064,6.6],[-74.109,6.777],[-74.094,6.804],[-73.949,6.889],[-73.96,6.805],[-73.863,6.703],[-73.835,6.637],[-73.761,6.553]]]}},{"type":"Feature","properties":{"divipola_mpio":"68575","divipola_dpto":"68","municipio":"PUERTO WILCHES","departamento":"SANTANDER","area_km2":1507.99},"geometry":{"type":"Polygon","coordinates":[[[-73.721,8.009],[-73.671,7.894],[-73.75,7.803],[-73.753,7.751],[-73.76,7.695],[-73.765,7.638],[-73.725,7.588],[-73.775,7.529],[-73.776,7.423],[-73.648,7.342],[-73.575,7.273],[-73.568,7.184],[-73.72,7.254],[-73.818,7.234],[-73.886,7.19],[-73.923,7.213],[-73.916,7.295],[-73.895,7.43],[-73.917,7.472],[-73.846,7.542],[-73.815,7.692],[-73.798,7.772],[-73.831,7.932],[-73.862,7.972],[-73.868,8.064],[-73.775,8.145],[-73.764,8.064],[-73.721,8.009]]]}},{"type":"Feature","properties":{"divipola_mpio":"68211","divipola_dpto":"68","municipio":"CONTRATACIÓN","departamento":"SANTANDER","area_km2":137.17},"geometry":{"type":"Polygon","coordinates":[[[-73.476,6.375],[-73.464,6.316],[-73.408,6.311],[-73.451,6.232],[-73.495,6.269],[-73.568,6.268],[-73.6,6.321],[-73.552,6.306],[-73.476,6.375]]]}},{"type":"Feature","properties":{"divipola_mpio":"68217","divipola_dpto":"68","municipio":"COROMORO","departamento":"SANTANDER","area_km2":577.5},"geometry":{"type":"Polygon","coordinates":[[[-72.909,6.374],[-72.876,6.271],[-72.868,6.145],[-72.923,6.098],[-72.958,6.13],[-73.076,6.15],[-73.136,6.207],[-73.11,6.215],[-73.042,6.334],[-73.001,6.358],[-72.912,6.379],[-72.909,6.374]]]}},{"type":"Feature","properties":{"divipola_mpio":"68229","divipola_dpto":"68","municipio":"CURITÍ","departamento":"SANTANDER","area_km2":244.22},"geometry":{"type":"Polygon","coordinates":[[[-73.081,6.686],[-73.0,6.647],[-72.939,6.69],[-72.908,6.677],[-72.873,6.631],[-72.917,6.649],[-73.029,6.538],[-73.111,6.585],[-73.11,6.649],[-73.118,6.686],[-73.081,6.686]]]}},{"type":"Feature","properties":{"divipola_mpio":"68235","divipola_dpto":"68","municipio":"EL CARMEN DE CHUCURI","departamento":"SANTANDER","area_km2":924.03},"geometry":{"type":"Polygon","coordinates":[[[-73.383,6.701],[-73.399,6.636],[-73.438,6.525],[-73.677,6.551],[-73.735,6.617],[-73.731,6.763],[-73.635,6.772],[-73.639,6.833],[-73.546,6.81],[-73.383,6.701]]]}},{"type":"Feature","properties":{"divipola_mpio":"68245","divipola_dpto":"68","municipio":"EL GUACAMAYO","departamento":"SANTANDER","area_km2":92.97},"geometry":{"type":"Polygon","coordinates":[[[-73.451,6.232],[-73.481,6.186],[-73.577,6.254],[-73.637,6.291],[-73.6,6.321],[-73.568,6.268],[-73.495,6.269],[-73.451,6.232]]]}},{"type":"Feature","properties":{"divipola_mpio":"68255","divipola_dpto":"68","municipio":"EL PLAYÓN","departamento":"SANTANDER","area_km2":454.98},"geometry":{"type":"Polygon","coordinates":[[[-73.049,7.606],[-73.088,7.528],[-73.045,7.459],[-73.078,7.457],[-73.306,7.441],[-73.326,7.498],[-73.282,7.548],[-73.218,7.632],[-73.049,7.606]]]}},{"type":"Feature","properties":{"divipola_mpio":"68264","divipola_dpto":"68","municipio":"ENCINO","departamento":"SANTANDER","area_km2":400.43},"geometry":{"type":"Polygon","coordinates":[[[-72.923,6.098],[-72.969,6.02],[-73.011,5.963],[-73.031,6.021],[-73.082,5.978],[-73.14,5.999],[-73.173,6.121],[-73.136,6.207],[-73.076,6.15],[-72.958,6.13],[-72.923,6.098]]]}},{"type":"Feature","properties":{"divipola_mpio":"68266","divipola_dpto":"68","municipio":"ENCISO","departamento":"SANTANDER","area_km2":74.82},"geometry":{"type":"Polygon","coordinates":[[[-72.624,6.701],[-72.667,6.617],[-72.703,6.595],[-72.723,6.579],[-72.708,6.674],[-72.708,6.717],[-72.624,6.701]]]}},{"type":"Feature","properties":{"divipola_mpio":"68271","divipola_dpto":"68","municipio":"FLORIÁN","departamento":"SANTANDER","area_km2":176.6},"geometry":{"type":"Polygon","coordinates":[[[-73.826,5.79],[-73.896,5.783],[-73.962,5.74],[-73.982,5.721],[-74.026,5.806],[-74.08,5.819],[-74.079,5.832],[-73.997,5.823],[-73.915,5.842],[-73.826,5.79]]]}},{"type":"Feature","properties":{"divipola_mpio":"68296","divipola_dpto":"68","municipio":"GALÁN","departamento":"SANTANDER","area_km2":201.73},"geometry":{"type":"Polygon","coordinates":[[[-73.258,6.695],[-73.264,6.629],[-73.283,6.565],[-73.304,6.566],[-73.399,6.636],[-73.383,6.701],[-73.36,6.783],[-73.258,6.695]]]}},{"type":"Feature","properties":{"divipola_mpio":"68298","divipola_dpto":"68","municipio":"GÁMBITA","departamento":"SANTANDER","area_km2":608.23},"geometry":{"type":"Polygon","coordinates":[[[-73.24,6.054],[-73.175,5.995],[-73.219,5.913],[-73.184,5.85],[-73.345,5.842],[-73.358,5.806],[-73.382,5.761],[-73.471,5.821],[-73.464,5.849],[-73.433,5.898],[-73.402,5.902],[-73.371,6.006],[-73.404,6.056],[-73.32,6.082],[-73.24,6.054]]]}},{"type":"Feature","properties":{"divipola_mpio":"68318","divipola_dpto":"68","municipio":"GUACA","departamento":"SANTANDER","area_km2":302.4},"geometry":{"type":"Polygon","coordinates":[[[-72.75,7.06],[-72.734,6.986],[-72.747,6.958],[-72.761,6.905],[-72.826,6.88],[-72.885,6.814],[-72.938,6.807],[-72.918,6.848],[-72.87,6.929],[-72.847,7.042],[-72.819,7.072],[-72.75,7.06]]]}},{"type":"Feature","properties":{"divipola_mpio":"68320","divipola_dpto":"68","municipio":"GUADALUPE","departamento":"SANTANDER","area_km2":146.33},"geometry":{"type":"Polygon","coordinates":[[[-73.378,6.311],[-73.36,6.276],[-73.361,6.178],[-73.474,6.156],[-73.481,6.163],[-73.481,6.186],[-73.451,6.232],[-73.408,6.311],[-73.378,6.311]]]}},{"type":"Feature","properties":{"divipola_mpio":"68322","divipola_dpto":"68","municipio":"GUAPOTÁ","departamento":"SANTANDER","area_km2":67.3},"geometry":{"type":"Polygon","coordinates":[[[-73.305,6.348],[-73.278,6.334],[-73.36,6.276],[-73.378,6.311],[-73.332,6.37],[-73.305,6.348]]]}},{"type":"Feature","properties":{"divipola_mpio":"68324","divipola_dpto":"68","municipio":"GUAVATÁ","departamento":"SANTANDER","area_km2":83.8},"geometry":{"type":"Polygon","coordinates":[[[-73.664,5.928],[-73.75,5.893],[-73.758,5.904],[-73.768,5.938],[-73.752,6.001],[-73.664,5.928]]]}},{"type":"Feature","properties":{"divipola_mpio":"68327","divipola_dpto":"68","municipio":"GÜEPSA","departamento":"SANTANDER","area_km2":30.16},"geometry":{"type":"Polygon","coordinates":[[[-73.537,6.042],[-73.588,5.997],[-73.619,5.992],[-73.596,6.02],[-73.579,6.08],[-73.537,6.042]]]}},{"type":"Feature","properties":{"divipola_mpio":"68344","divipola_dpto":"68","municipio":"HATO","departamento":"SANTANDER","area_km2":169.02},"geometry":{"type":"Polygon","coordinates":[[[-73.304,6.566],[-73.306,6.491],[-73.4,6.534],[-73.438,6.525],[-73.399,6.636],[-73.304,6.566]]]}},{"type":"Feature","properties":{"divipola_mpio":"68368","divipola_dpto":"68","municipio":"JESÚS MARÍA","departamento":"SANTANDER","area_km2":89.59},"geometry":{"type":"Polygon","coordinates":[[[-73.758,5.904],[-73.75,5.893],[-73.744,5.871],[-73.826,5.79],[-73.915,5.842],[-73.924,5.868],[-73.842,5.847],[-73.758,5.904]]]}},{"type":"Feature","properties":{"divipola_mpio":"68307","divipola_dpto":"68","municipio":"GIRÓN","departamento":"SANTANDER","area_km2":493.03},"geometry":{"type":"Polygon","coordinates":[[[-73.124,7.068],[-73.118,7.019],[-73.105,6.911],[-73.176,6.885],[-73.217,6.926],[-73.298,7.02],[-73.378,7.067],[-73.451,7.139],[-73.54,7.154],[-73.551,7.164],[-73.437,7.181],[-73.418,7.15],[-73.306,7.122],[-73.261,7.053],[-73.207,7.043],[-73.164,7.151],[-73.164,7.211],[-73.158,7.216],[-73.164,7.087],[-73.124,7.068]]]}},{"type":"Feature","properties":{"divipola_mpio":"68276","divipola_dpto":"68","municipio":"FLORIDABLANCA","departamento":"SANTANDER","area_km2":100.33},"geometry":{"type":"Polygon","coordinates":[[[-73.005,7.099],[-73.037,7.052],[-73.118,7.019],[-73.124,7.068],[-73.047,7.139],[-73.005,7.099]]]}},{"type":"Feature","properties":{"divipola_mpio":"68101","divipola_dpto":"68","municipio":"BOLÍVAR","departamento":"SANTANDER","area_km2":1010.13},"geometry":{"type":"Polygon","coordinates":[[[-74.101,6.222],[-74.061,6.185],[-73.977,6.224],[-73.907,6.225],[-73.846,6.18],[-73.769,6.194],[-73.728,6.146],[-73.752,6.001],[-73.768,5.938],[-73.858,5.985],[-73.851,6.015],[-73.764,6.042],[-73.802,6.129],[-73.928,6.147],[-73.984,6.194],[-74.077,6.155],[-74.128,6.033],[-74.18,5.911],[-74.195,5.856],[-74.266,5.835],[-74.222,5.968],[-74.287,6.083],[-74.378,6.039],[-74.452,6.099],[-74.527,6.274],[-74.508,6.286],[-74.41,6.219],[-74.405,6.129],[-74.301,6.111],[-74.211,6.07],[-74.211,6.167],[-74.139,6.237],[-74.101,6.222]]]}},{"type":"Feature","properties":{"divipola_mpio":"68250","divipola_dpto":"68","municipio":"EL PEÑÓN","departamento":"SANTANDER","area_km2":398.22},"geometry":{"type":"Polygon","coordinates":[[[-73.851,6.015],[-73.946,6.07],[-74.034,6.049],[-74.077,6.155],[-73.984,6.194],[-73.928,6.147],[-73.802,6.129],[-73.764,6.042],[-73.851,6.015]]]}},{"type":"Feature","properties":{"divipola_mpio":"68547","divipola_dpto":"68","municipio":"PIEDECUESTA","departamento":"SANTANDER","area_km2":484.57},"geometry":{"type":"Polygon","coordinates":[[[-72.911,7.082],[-72.921,6.995],[-72.99,6.937],[-72.918,6.848],[-72.938,6.807],[-72.983,6.792],[-73.004,6.824],[-73.105,6.911],[-73.118,7.019],[-73.037,7.052],[-73.005,7.099],[-72.911,7.082]]]}},{"type":"Feature","properties":{"divipola_mpio":"68001","divipola_dpto":"68","municipio":"BUCARAMANGA","departamento":"SANTANDER","area_km2":152.92},"geometry":{"type":"Polygon","coordinates":[[[-73.071,7.2],[-73.056,7.185],[-73.047,7.139],[-73.124,7.068],[-73.164,7.087],[-73.158,7.216],[-73.082,7.267],[-73.071,7.2]]]}},{"type":"Feature","properties":{"divipola_mpio":"73001","divipola_dpto":"73","municipio":"IBAGUÉ","departamento":"TOLIMA","area_km2":1377.25},"geometry":{"type":"Polygon","coordinates":[[[-75.074,4.568],[-75.043,4.45],[-75.066,4.406],[-74.966,4.361],[-75.03,4.279],[-75.148,4.322],[-75.226,4.293],[-75.255,4.345],[-75.357,4.307],[-75.5,4.282],[-75.519,4.256],[-75.484,4.338],[-75.395,4.38],[-75.37,4.444],[-75.454,4.522],[-75.485,4.582],[-75.415,4.623],[-75.386,4.701],[-75.283,4.613],[-75.289,4.573],[-75.216,4.535],[-75.074,4.568]]]}},{"type":"Feature","properties":{"divipola_mpio":"73024","divipola_dpto":"73","municipio":"ALPUJARRA","departamento":"TOLIMA","area_km2":501.51},"geometry":{"type":"Polygon","coordinates":[[[-74.811,3.411],[-74.849,3.342],[-74.91,3.29],[-75.008,3.28],[-75.066,3.294],[-75.035,3.428],[-74.995,3.512],[-74.953,3.478],[-74.845,3.51],[-74.851,3.454],[-74.811,3.411]]]}},{"type":"Feature","properties":{"divipola_mpio":"73026","divipola_dpto":"73","municipio":"ALVARADO","departamento":"TOLIMA","area_km2":344.34},"geometry":{"type":"Polygon","coordinates":[[[-74.862,4.625],[-74.98,4.486],[-75.043,4.45],[-75.074,4.568],[-75.049,4.662],[-75.017,4.688],[-74.972,4.703],[-74.926,4.64],[-74.862,4.625]]]}},{"type":"Feature","properties":{"divipola_mpio":"73030","divipola_dpto":"73","municipio":"AMBALEMA","departamento":"TOLIMA","area_km2":238.04},"geometry":{"type":"Polygon","coordinates":[[[-74.769,4.842],[-74.743,4.79],[-74.815,4.713],[-74.872,4.774],[-74.869,4.82],[-74.812,4.887],[-74.749,4.952],[-74.769,4.842]]]}},{"type":"Feature","properties":{"divipola_mpio":"73043","divipola_dpto":"73","municipio":"ANZOÁTEGUI","departamento":"TOLIMA","area_km2":469.71},"geometry":{"type":"Polygon","coordinates":[[[-75.051,4.696],[-75.017,4.688],[-75.049,4.662],[-75.074,4.568],[-75.216,4.535],[-75.289,4.573],[-75.283,4.613],[-75.386,4.701],[-75.383,4.708],[-75.188,4.712],[-75.082,4.66],[-75.051,4.696]]]}},{"type":"Feature","properties":{"divipola_mpio":"73055","divipola_dpto":"73","municipio":"ARMERO","departamento":"TOLIMA","area_km2":440.63},"geometry":{"type":"Polygon","coordinates":[[[-74.884,5.147],[-74.846,5.101],[-74.73,5.068],[-74.731,4.997],[-74.727,4.977],[-74.749,4.952],[-74.812,4.887],[-74.871,4.887],[-74.906,4.952],[-74.973,4.967],[-75.016,4.996],[-75.009,5.009],[-74.891,5.038],[-74.9,5.142],[-74.884,5.147]]]}},{"type":"Feature","properties":{"divipola_mpio":"73067","divipola_dpto":"73","municipio":"ATACO","departamento":"TOLIMA","area_km2":1017.64},"geometry":{"type":"Polygon","coordinates":[[[-75.237,3.6],[-75.289,3.562],[-75.256,3.507],[-75.303,3.45],[-75.268,3.382],[-75.366,3.407],[-75.426,3.352],[-75.479,3.361],[-75.577,3.221],[-75.611,3.299],[-75.66,3.279],[-75.74,3.323],[-75.674,3.463],[-75.579,3.464],[-75.472,3.485],[-75.324,3.663],[-75.31,3.611],[-75.237,3.6]]]}},{"type":"Feature","properties":{"divipola_mpio":"73124","divipola_dpto":"73","municipio":"CAJAMARCA","departamento":"TOLIMA","area_km2":508.49},"geometry":{"type":"Polygon","coordinates":[[[-75.519,4.256],[-75.57,4.239],[-75.598,4.279],[-75.593,4.361],[-75.583,4.424],[-75.556,4.472],[-75.485,4.582],[-75.454,4.522],[-75.37,4.444],[-75.395,4.38],[-75.484,4.338],[-75.519,4.256]]]}},{"type":"Feature","properties":{"divipola_mpio":"73148","divipola_dpto":"73","municipio":"CARMEN DE APICALÁ","departamento":"TOLIMA","area_km2":190.84},"geometry":{"type":"Polygon","coordinates":[[[-74.744,4.236],[-74.671,4.151],[-74.685,4.096],[-74.78,4.014],[-74.798,4.027],[-74.79,4.175],[-74.744,4.247],[-74.744,4.236]]]}},{"type":"Feature","properties":{"divipola_mpio":"73152","divipola_dpto":"73","municipio":"CASABIANCA","departamento":"TOLIMA","area_km2":175.3},"geometry":{"type":"Polygon","coordinates":[[[-75.044,5.122],[-75.046,5.054],[-75.066,5.032],[-75.148,5.017],[-75.32,4.893],[-75.335,4.899],[-75.343,4.949],[-75.219,4.997],[-75.129,5.094],[-75.044,5.122]]]}},{"type":"Feature","properties":{"divipola_mpio":"73168","divipola_dpto":"73","municipio":"CHAPARRAL","departamento":"TOLIMA","area_km2":2102.06},"geometry":{"type":"Polygon","coordinates":[[[-75.632,3.934],[-75.566,3.858],[-75.459,3.831],[-75.44,3.873],[-75.273,3.746],[-75.324,3.663],[-75.472,3.485],[-75.579,3.464],[-75.583,3.567],[-75.698,3.652],[-75.747,3.647],[-75.824,3.724],[-75.841,3.777],[-75.917,3.749],[-75.85,3.889],[-75.823,3.905],[-75.746,4.043],[-75.716,3.981],[-75.632,3.934]]]}},{"type":"Feature","properties":{"divipola_mpio":"73200","divipola_dpto":"73","municipio":"COELLO","departamento":"TOLIMA","area_km2":343.6},"geometry":{"type":"Polygon","coordinates":[[[-74.795,4.5],[-74.822,4.446],[-74.856,4.335],[-74.89,4.289],[-74.907,4.25],[-74.948,4.209],[-74.998,4.248],[-75.03,4.279],[-74.966,4.361],[-74.91,4.4],[-74.905,4.48],[-74.795,4.5]]]}},{"type":"Feature","properties":{"divipola_mpio":"73217","divipola_dpto":"73","municipio":"COYAIMA","departamento":"TOLIMA","area_km2":669.06},"geometry":{"type":"Polygon","coordinates":[[[-75.103,3.909],[-75.033,3.82],[-74.975,3.745],[-75.015,3.687],[-75.054,3.661],[-75.134,3.694],[-75.185,3.623],[-75.237,3.6],[-75.31,3.611],[-75.324,3.663],[-75.273,3.746],[-75.224,3.765],[-75.194,3.842],[-75.103,3.909]]]}},{"type":"Feature","properties":{"divipola_mpio":"73226","divipola_dpto":"73","municipio":"CUNDAY","departamento":"TOLIMA","area_km2":507.52},"geometry":{"type":"Polygon","coordinates":[[[-74.625,4.101],[-74.579,4.084],[-74.531,3.976],[-74.611,3.996],[-74.669,3.95],[-74.707,3.802],[-74.759,3.865],[-74.824,3.895],[-74.78,4.014],[-74.685,4.096],[-74.625,4.101]]]}},{"type":"Feature","properties":{"divipola_mpio":"73236","divipola_dpto":"73","municipio":"DOLORES","departamento":"TOLIMA","area_km2":651.95},"geometry":{"type":"Polygon","coordinates":[[[-74.535,3.843],[-74.557,3.768],[-74.676,3.666],[-74.775,3.525],[-74.765,3.44],[-74.811,3.411],[-74.851,3.454],[-74.845,3.51],[-74.953,3.478],[-74.995,3.512],[-74.931,3.618],[-74.923,3.65],[-74.78,3.672],[-74.718,3.759],[-74.672,3.697],[-74.617,3.738],[-74.54,3.844],[-74.535,3.843]]]}},{"type":"Feature","properties":{"divipola_mpio":"73268","divipola_dpto":"73","municipio":"ESPINAL","departamento":"TOLIMA","area_km2":216.5},"geometry":{"type":"Polygon","coordinates":[[[-74.812,4.191],[-74.828,4.09],[-74.937,4.122],[-75.006,4.236],[-74.998,4.248],[-74.948,4.209],[-74.907,4.25],[-74.812,4.191]]]}},{"type":"Feature","properties":{"divipola_mpio":"73270","divipola_dpto":"73","municipio":"FALAN","departamento":"TOLIMA","area_km2":181.32},"geometry":{"type":"Polygon","coordinates":[[[-74.9,5.142],[-74.891,5.038],[-75.009,5.009],[-75.066,5.032],[-75.046,5.054],[-74.982,5.078],[-74.994,5.146],[-74.966,5.171],[-74.9,5.142]]]}},{"type":"Feature","properties":{"divipola_mpio":"73275","divipola_dpto":"73","municipio":"FLANDES","departamento":"TOLIMA","area_km2":96.8},"geometry":{"type":"Polygon","coordinates":[[[-74.797,4.288],[-74.781,4.265],[-74.812,4.191],[-74.907,4.25],[-74.89,4.289],[-74.797,4.288]]]}},{"type":"Feature","properties":{"divipola_mpio":"73283","divipola_dpto":"73","municipio":"FRESNO","departamento":"TOLIMA","area_km2":219.66},"geometry":{"type":"Polygon","coordinates":[[[-75.0,5.292],[-75.009,5.238],[-74.966,5.171],[-74.994,5.146],[-75.044,5.122],[-75.129,5.094],[-75.15,5.164],[-75.117,5.161],[-75.06,5.271],[-75.0,5.292]]]}},{"type":"Feature","properties":{"divipola_mpio":"73319","divipola_dpto":"73","municipio":"GUAMO","departamento":"TOLIMA","area_km2":505.74},"geometry":{"type":"Polygon","coordinates":[[[-75.006,4.236],[-74.937,4.122],[-74.828,4.09],[-74.866,4.009],[-74.92,3.956],[-74.975,3.944],[-75.009,3.996],[-75.062,3.986],[-75.085,4.024],[-75.055,4.101],[-75.082,4.138],[-75.035,4.246],[-75.006,4.236]]]}},{"type":"Feature","properties":{"divipola_mpio":"73347","divipola_dpto":"73","municipio":"HERVEO","departamento":"TOLIMA","area_km2":322.74},"geometry":{"type":"Polygon","coordinates":[[[-75.15,5.164],[-75.129,5.094],[-75.219,4.997],[-75.343,4.949],[-75.335,4.899],[-75.354,4.962],[-75.328,5.042],[-75.338,5.045],[-75.288,5.138],[-75.235,5.126],[-75.167,5.169],[-75.15,5.164]]]}},{"type":"Feature","properties":{"divipola_mpio":"73352","divipola_dpto":"73","municipio":"ICONONZO","departamento":"TOLIMA","area_km2":215.18},"geometry":{"type":"Polygon","coordinates":[[[-74.541,4.252],[-74.519,4.241],[-74.476,4.12],[-74.524,4.023],[-74.531,3.976],[-74.579,4.084],[-74.625,4.101],[-74.558,4.193],[-74.556,4.267],[-74.552,4.265],[-74.55,4.261],[-74.541,4.252]]]}},{"type":"Feature","properties":{"divipola_mpio":"73408","divipola_dpto":"73","municipio":"LÉRIDA","departamento":"TOLIMA","area_km2":271.95},"geometry":{"type":"Polygon","coordinates":[[[-74.812,4.887],[-74.869,4.82],[-74.872,4.774],[-75.008,4.811],[-74.977,4.85],[-74.999,4.94],[-74.973,4.967],[-74.906,4.952],[-74.871,4.887],[-74.812,4.887]]]}},{"type":"Feature","properties":{"divipola_mpio":"73411","divipola_dpto":"73","municipio":"LÍBANO","departamento":"TOLIMA","area_km2":282.37},"geometry":{"type":"Polygon","coordinates":[[[-75.016,4.996],[-74.973,4.967],[-74.999,4.94],[-74.977,4.85],[-75.008,4.811],[-75.013,4.811],[-75.07,4.753],[-75.109,4.768],[-75.109,4.898],[-75.046,4.996],[-75.016,4.996]]]}},{"type":"Feature","properties":{"divipola_mpio":"73443","divipola_dpto":"73","municipio":"SAN SEBASTIÁN DE MARIQUITA","departamento":"TOLIMA","area_km2":293.34},"geometry":{"type":"Polygon","coordinates":[[[-74.861,5.306],[-74.795,5.228],[-74.884,5.147],[-74.9,5.142],[-74.966,5.171],[-75.009,5.238],[-75.0,5.292],[-74.967,5.301],[-74.861,5.306]]]}},{"type":"Feature","properties":{"divipola_mpio":"73449","divipola_dpto":"73","municipio":"MELGAR","departamento":"TOLIMA","area_km2":202.16},"geometry":{"type":"Polygon","coordinates":[[[-74.625,4.101],[-74.685,4.096],[-74.671,4.151],[-74.744,4.236],[-74.731,4.245],[-74.639,4.211],[-74.556,4.267],[-74.558,4.193],[-74.625,4.101]]]}},{"type":"Feature","properties":{"divipola_mpio":"73461","divipola_dpto":"73","municipio":"MURILLO","departamento":"TOLIMA","area_km2":423.93},"geometry":{"type":"Polygon","coordinates":[[[-75.109,4.898],[-75.109,4.768],[-75.07,4.753],[-75.167,4.741],[-75.217,4.776],[-75.319,4.754],[-75.375,4.802],[-75.319,4.887],[-75.177,4.919],[-75.109,4.898]]]}},{"type":"Feature","properties":{"divipola_mpio":"73483","divipola_dpto":"73","municipio":"NATAGAIMA","departamento":"TOLIMA","area_km2":859.83},"geometry":{"type":"Polygon","coordinates":[[[-75.015,3.687],[-74.931,3.618],[-74.995,3.512],[-75.035,3.428],[-75.15,3.435],[-75.173,3.378],[-75.227,3.416],[-75.268,3.382],[-75.303,3.45],[-75.256,3.507],[-75.289,3.562],[-75.237,3.6],[-75.185,3.623],[-75.134,3.694],[-75.054,3.661],[-75.015,3.687]]]}},{"type":"Feature","properties":{"divipola_mpio":"73504","divipola_dpto":"73","municipio":"ORTEGA","departamento":"TOLIMA","area_km2":953.8},"geometry":{"type":"Polygon","coordinates":[[[-75.244,4.107],[-75.19,4.108],[-75.215,4.033],[-75.095,3.971],[-75.073,3.937],[-75.103,3.909],[-75.194,3.842],[-75.224,3.765],[-75.273,3.746],[-75.44,3.873],[-75.441,3.984],[-75.408,4.055],[-75.369,4.041],[-75.276,4.12],[-75.244,4.107]]]}},{"type":"Feature","properties":{"divipola_mpio":"73520","divipola_dpto":"73","municipio":"PALOCABILDO","departamento":"TOLIMA","area_km2":65.01},"geometry":{"type":"Polygon","coordinates":[[[-74.994,5.146],[-74.982,5.078],[-75.046,5.054],[-75.044,5.122],[-74.994,5.146]]]}},{"type":"Feature","properties":{"divipola_mpio":"73547","divipola_dpto":"73","municipio":"PIEDRAS","departamento":"TOLIMA","area_km2":354.43},"geometry":{"type":"Polygon","coordinates":[[[-74.817,4.612],[-74.793,4.592],[-74.795,4.5],[-74.905,4.48],[-74.91,4.4],[-74.966,4.361],[-75.066,4.406],[-75.043,4.45],[-74.98,4.486],[-74.862,4.625],[-74.817,4.612]]]}},{"type":"Feature","properties":{"divipola_mpio":"73555","divipola_dpto":"73","municipio":"PLANADAS","departamento":"TOLIMA","area_km2":1754.1},"geometry":{"type":"Polygon","coordinates":[[[-75.577,3.221],[-75.584,3.15],[-75.6,3.049],[-75.614,3.024],[-75.692,2.993],[-75.768,2.915],[-75.86,2.873],[-76.029,2.941],[-76.021,3.005],[-76.068,3.046],[-76.103,3.096],[-76.084,3.158],[-76.091,3.199],[-76.058,3.17],[-75.915,3.194],[-75.74,3.323],[-75.66,3.279],[-75.611,3.299],[-75.577,3.221]]]}},{"type":"Feature","properties":{"divipola_mpio":"73563","divipola_dpto":"73","municipio":"PRADO","departamento":"TOLIMA","area_km2":423.01},"geometry":{"type":"Polygon","coordinates":[[[-74.708,3.79],[-74.718,3.759],[-74.78,3.672],[-74.923,3.65],[-74.931,3.618],[-75.015,3.687],[-74.975,3.745],[-74.953,3.805],[-74.896,3.827],[-74.746,3.771],[-74.708,3.79]]]}},{"type":"Feature","properties":{"divipola_mpio":"73585","divipola_dpto":"73","municipio":"PURIFICACIÓN","departamento":"TOLIMA","area_km2":402.2},"geometry":{"type":"Polygon","coordinates":[[[-74.824,3.895],[-74.759,3.865],[-74.707,3.802],[-74.708,3.79],[-74.746,3.771],[-74.896,3.827],[-74.953,3.805],[-74.975,3.745],[-75.033,3.82],[-74.907,3.931],[-74.92,3.956],[-74.866,4.009],[-74.871,3.915],[-74.824,3.895]]]}},{"type":"Feature","properties":{"divipola_mpio":"73616","divipola_dpto":"73","municipio":"RIOBLANCO","departamento":"TOLIMA","area_km2":2046.23},"geometry":{"type":"Polygon","coordinates":[[[-75.579,3.464],[-75.674,3.463],[-75.74,3.323],[-75.915,3.194],[-76.058,3.17],[-76.091,3.199],[-76.056,3.223],[-76.038,3.301],[-76.062,3.355],[-76.037,3.453],[-75.985,3.559],[-75.993,3.609],[-75.96,3.704],[-75.955,3.714],[-75.917,3.749],[-75.841,3.777],[-75.824,3.724],[-75.747,3.647],[-75.698,3.652],[-75.583,3.567],[-75.579,3.464]]]}},{"type":"Feature","properties":{"divipola_mpio":"73622","divipola_dpto":"73","municipio":"RONCESVALLES","departamento":"TOLIMA","area_km2":775.85},"geometry":{"type":"Polygon","coordinates":[[[-75.57,4.239],[-75.507,4.185],[-75.39,4.121],[-75.457,4.091],[-75.472,4.02],[-75.619,3.968],[-75.632,3.934],[-75.716,3.981],[-75.746,4.043],[-75.752,4.077],[-75.697,4.132],[-75.659,4.222],[-75.598,4.279],[-75.57,4.239]]]}},{"type":"Feature","properties":{"divipola_mpio":"73624","divipola_dpto":"73","municipio":"ROVIRA","departamento":"TOLIMA","area_km2":739.48},"geometry":{"type":"Polygon","coordinates":[[[-75.148,4.322],[-75.179,4.278],[-75.23,4.19],[-75.244,4.107],[-75.276,4.12],[-75.369,4.041],[-75.408,4.055],[-75.39,4.121],[-75.507,4.185],[-75.57,4.239],[-75.519,4.256],[-75.5,4.282],[-75.357,4.307],[-75.255,4.345],[-75.226,4.293],[-75.148,4.322]]]}},{"type":"Feature","properties":{"divipola_mpio":"73671","divipola_dpto":"73","municipio":"SALDAÑA","departamento":"TOLIMA","area_km2":193.23},"geometry":{"type":"Polygon","coordinates":[[[-74.92,3.956],[-74.907,3.931],[-75.033,3.82],[-75.103,3.909],[-75.073,3.937],[-75.062,3.986],[-75.009,3.996],[-74.975,3.944],[-74.92,3.956]]]}},{"type":"Feature","properties":{"divipola_mpio":"73675","divipola_dpto":"73","municipio":"SAN ANTONIO","departamento":"TOLIMA","area_km2":383.41},"geometry":{"type":"Polygon","coordinates":[[[-75.39,4.121],[-75.408,4.055],[-75.441,3.984],[-75.44,3.873],[-75.459,3.831],[-75.566,3.858],[-75.632,3.934],[-75.619,3.968],[-75.472,4.02],[-75.457,4.091],[-75.39,4.121]]]}},{"type":"Feature","properties":{"divipola_mpio":"73678","divipola_dpto":"73","municipio":"SAN LUIS","departamento":"TOLIMA","area_km2":412.23},"geometry":{"type":"Polygon","coordinates":[[[-75.03,4.279],[-74.998,4.248],[-75.006,4.236],[-75.035,4.246],[-75.082,4.138],[-75.055,4.101],[-75.085,4.024],[-75.062,3.986],[-75.073,3.937],[-75.095,3.971],[-75.215,4.033],[-75.19,4.108],[-75.111,4.168],[-75.179,4.278],[-75.148,4.322],[-75.03,4.279]]]}},{"type":"Feature","properties":{"divipola_mpio":"73686","divipola_dpto":"73","municipio":"SANTA ISABEL","departamento":"TOLIMA","area_km2":270.19},"geometry":{"type":"Polygon","coordinates":[[[-75.051,4.696],[-75.082,4.66],[-75.188,4.712],[-75.383,4.708],[-75.388,4.716],[-75.375,4.802],[-75.319,4.754],[-75.217,4.776],[-75.167,4.741],[-75.07,4.753],[-75.013,4.811],[-75.051,4.696]]]}},{"type":"Feature","properties":{"divipola_mpio":"73770","divipola_dpto":"73","municipio":"SUÁREZ","departamento":"TOLIMA","area_km2":190.08},"geometry":{"type":"Polygon","coordinates":[[[-74.744,4.247],[-74.79,4.175],[-74.798,4.027],[-74.78,4.014],[-74.824,3.895],[-74.871,3.915],[-74.866,4.009],[-74.828,4.09],[-74.812,4.191],[-74.781,4.265],[-74.744,4.247]]]}},{"type":"Feature","properties":{"divipola_mpio":"73854","divipola_dpto":"73","municipio":"VALLE DE SAN JUAN","departamento":"TOLIMA","area_km2":197.85},"geometry":{"type":"Polygon","coordinates":[[[-75.19,4.108],[-75.244,4.107],[-75.23,4.19],[-75.179,4.278],[-75.111,4.168],[-75.19,4.108]]]}},{"type":"Feature","properties":{"divipola_mpio":"73861","divipola_dpto":"73","municipio":"VENADILLO","departamento":"TOLIMA","area_km2":334.63},"geometry":{"type":"Polygon","coordinates":[[[-75.008,4.811],[-74.872,4.774],[-74.815,4.713],[-74.789,4.659],[-74.817,4.612],[-74.862,4.625],[-74.926,4.64],[-74.972,4.703],[-75.017,4.688],[-75.051,4.696],[-75.013,4.811],[-75.008,4.811]]]}},{"type":"Feature","properties":{"divipola_mpio":"73870","divipola_dpto":"73","municipio":"VILLAHERMOSA","departamento":"TOLIMA","area_km2":278.85},"geometry":{"type":"Polygon","coordinates":[[[-75.066,5.032],[-75.009,5.009],[-75.016,4.996],[-75.046,4.996],[-75.109,4.898],[-75.177,4.919],[-75.319,4.887],[-75.32,4.893],[-75.148,5.017],[-75.066,5.032]]]}},{"type":"Feature","properties":{"divipola_mpio":"73873","divipola_dpto":"73","municipio":"VILLARRICA","departamento":"TOLIMA","area_km2":430.46},"geometry":{"type":"Polygon","coordinates":[[[-74.531,3.976],[-74.513,3.953],[-74.54,3.844],[-74.617,3.738],[-74.672,3.697],[-74.718,3.759],[-74.708,3.79],[-74.707,3.802],[-74.669,3.95],[-74.611,3.996],[-74.531,3.976]]]}},{"type":"Feature","properties":{"divipola_mpio":"13300","divipola_dpto":"13","municipio":"HATILLO DE LOBA","departamento":"BOLÍVAR","area_km2":194.33},"geometry":{"type":"MultiPolygon","coordinates":[[[[-73.978,8.984],[-74.071,8.949],[-74.225,8.947],[-74.227,8.949],[-74.194,8.987],[-74.101,9.019],[-74.004,9.03],[-73.978,8.984]]],[[[-74.263,8.992],[-74.278,8.972],[-74.364,8.973],[-74.432,9.009],[-74.263,8.992]]]]}},{"type":"Feature","properties":{"divipola_mpio":"13650","divipola_dpto":"13","municipio":"SAN FERNANDO","departamento":"BOLÍVAR","area_km2":317.32},"geometry":{"type":"Polygon","coordinates":[[[-74.3,9.204],[-74.298,9.177],[-74.323,9.121],[-74.265,9.041],[-74.263,8.992],[-74.432,9.009],[-74.48,9.079],[-74.354,9.186],[-74.392,9.215],[-74.3,9.204]]]}},{"type":"Feature","properties":{"divipola_mpio":"13430","divipola_dpto":"13","municipio":"MAGANGUÉ","departamento":"BOLÍVAR","area_km2":1129.96},"geometry":{"type":"Polygon","coordinates":[[[-74.74,9.426],[-74.743,9.366],[-74.678,9.305],[-74.733,9.263],[-74.725,9.179],[-74.73,9.127],[-74.682,9.068],[-74.606,9.02],[-74.535,8.996],[-74.464,8.877],[-74.469,8.825],[-74.565,8.837],[-74.639,8.977],[-74.775,9.038],[-74.844,9.107],[-74.909,9.205],[-74.942,9.292],[-74.922,9.389],[-74.801,9.442],[-74.74,9.426]]]}},{"type":"Feature","properties":{"divipola_mpio":"25307","divipola_dpto":"25","municipio":"GIRARDOT","departamento":"CUNDINAMARCA","area_km2":130.16},"geometry":{"type":"Polygon","coordinates":[[[-74.743,4.381],[-74.797,4.288],[-74.89,4.289],[-74.856,4.335],[-74.753,4.434],[-74.743,4.381]]]}},{"type":"Feature","properties":{"divipola_mpio":"25754","divipola_dpto":"25","municipio":"SOACHA","departamento":"CUNDINAMARCA","area_km2":187.45},"geometry":{"type":"Polygon","coordinates":[[[-74.223,4.629],[-74.184,4.597],[-74.178,4.486],[-74.214,4.381],[-74.236,4.401],[-74.218,4.516],[-74.284,4.512],[-74.304,4.555],[-74.306,4.62],[-74.272,4.619],[-74.223,4.629]]]}},{"type":"Feature","properties":{"divipola_mpio":"25175","divipola_dpto":"25","municipio":"CHÍA","departamento":"CUNDINAMARCA","area_km2":80.16},"geometry":{"type":"Polygon","coordinates":[[[-74.006,4.824],[-74.082,4.835],[-74.094,4.848],[-74.082,4.893],[-74.077,4.912],[-74.006,4.918],[-74.006,4.824]]]}},{"type":"Feature","properties":{"divipola_mpio":"25260","divipola_dpto":"25","municipio":"EL ROSAL","departamento":"CUNDINAMARCA","area_km2":87.21},"geometry":{"type":"Polygon","coordinates":[[[-74.23,4.945],[-74.201,4.857],[-74.261,4.824],[-74.284,4.876],[-74.23,4.945]]]}},{"type":"Feature","properties":{"divipola_mpio":"25473","divipola_dpto":"25","municipio":"MOSQUERA","departamento":"CUNDINAMARCA","area_km2":105.94},"geometry":{"type":"Polygon","coordinates":[[[-74.173,4.696],[-74.223,4.629],[-74.272,4.619],[-74.299,4.717],[-74.233,4.737],[-74.173,4.696]]]}},{"type":"Feature","properties":{"divipola_mpio":"25740","divipola_dpto":"25","municipio":"SIBATÉ","departamento":"CUNDINAMARCA","area_km2":122.13},"geometry":{"type":"Polygon","coordinates":[[[-74.236,4.401],[-74.283,4.38],[-74.3,4.427],[-74.303,4.504],[-74.284,4.512],[-74.218,4.516],[-74.236,4.401]]]}},{"type":"Feature","properties":{"divipola_mpio":"25290","divipola_dpto":"25","municipio":"FUSAGASUGÁ","departamento":"CUNDINAMARCA","area_km2":193.95},"geometry":{"type":"Polygon","coordinates":[[[-74.283,4.38],[-74.32,4.386],[-74.352,4.296],[-74.336,4.227],[-74.43,4.293],[-74.541,4.252],[-74.55,4.261],[-74.483,4.289],[-74.42,4.359],[-74.388,4.398],[-74.3,4.427],[-74.283,4.38]]]}},{"type":"Feature","properties":{"divipola_mpio":"25662","divipola_dpto":"25","municipio":"SAN JUAN DE RIOSECO","departamento":"CUNDINAMARCA","area_km2":314.09},"geometry":{"type":"Polygon","coordinates":[[[-74.577,4.889],[-74.563,4.796],[-74.59,4.743],[-74.685,4.758],[-74.702,4.836],[-74.769,4.842],[-74.749,4.952],[-74.727,4.977],[-74.644,4.897],[-74.577,4.889]]]}},{"type":"Feature","properties":{"divipola_mpio":"73349","divipola_dpto":"73","municipio":"HONDA","departamento":"TOLIMA","area_km2":304.89},"geometry":{"type":"Polygon","coordinates":[[[-74.79,5.298],[-74.735,5.287],[-74.73,5.068],[-74.846,5.101],[-74.884,5.147],[-74.795,5.228],[-74.861,5.306],[-74.79,5.298]]]}},{"type":"Feature","properties":{"divipola_mpio":"05631","divipola_dpto":"05","municipio":"SABANETA","departamento":"ANTIOQUIA","area_km2":15.98},"geometry":{"type":"Polygon","coordinates":[[[-75.59,6.113],[-75.606,6.116],[-75.626,6.154],[-75.605,6.163],[-75.59,6.113]]]}},{"type":"Feature","properties":{"divipola_mpio":"05380","divipola_dpto":"05","municipio":"LA ESTRELLA","departamento":"ANTIOQUIA","area_km2":36.48},"geometry":{"type":"Polygon","coordinates":[[[-75.648,6.172],[-75.626,6.154],[-75.606,6.116],[-75.672,6.119],[-75.68,6.163],[-75.648,6.172]]]}}]}